item_id,title,ground_truth_has_prequel,prequel_item_ids,ground_truth_has_sequel,sequel_item_ids
50,"Hatchet (Brian's Saga, #1)",False,[],True,[5155231]
2811,"A House Like a Lotus (O'Keefe Family, #3)",True,"[208909, 479311]",False,[]
3304,"City of the Beasts (Eagle and Jaguar, #1)",False,[],True,[837675]
3467,"The People of Sparks (Book of Ember, #2)",True,[307791],True,"[207034, 2493973]"
4325,Dreamland,False,[],False,[]
4580,"Enchantress from the Stars (Elana, #1)",False,[],False,[]
4717,"This Side of Paradise (Paradise, #1)",False,[],True,[8008895]
5452,"Girls in Pants: The Third Summer of the Sisterhood (Sisterhood, #3)",True,[5454],True,"[5453, 9461872]"
5453,"Forever in Blue: The Fourth Summer of the Sisterhood (Sisterhood, #4)",True,"[5452, 5454]",True,[9461872]
5454,"The Second Summer of the Sisterhood (Sisterhood, #2)",False,[],True,"[5452, 5453, 9461872]"
8137,"The Road to Yesterday (Anne of Green Gables, #9)",True,[77393],False,[]
8951,The Lake of Souls,False,[],False,[]
8953,"Freak the Mighty (Freak The Mighty, #1)",False,[],True,[444600]
8960,"Vampire Mountain (Cirque Du Freak, #4)",True,"[861541, 1065971, 2488435]",False,[]
10050,Youth in Revolt: The Journals of Nick Twisp,False,[],False,[]
10570,"King Dork (King Dork, #1)",False,[],False,[]
11831,"Dicey's Song (Tillerman Cycle, #2)",True,[12125],True,"[233330, 15678]"
12125,"Homecoming (Tillerman Cycle, #1)",False,[],True,"[11831, 233330, 15678]"
12771,"A Kiss Before Dying (Sweet Valley High, #122)",True,"[38513, 38514, 38520, 38532, 38601, 207433, 213999, 290416, 292388, 292403, 397178, 397183, 397184, 412132, 412133, 412179, 412211, 412229, 412238, 412253, 412295, 412360, 412402, 580954, 580956, 1297681, 1753335, 2143857]",True,[38536]
12930,"Messenger (The Giver, #3)",False,[],True,[13324841]
13083,Hoot,False,[],False,[]
13139,"School's Out—Forever (Maximum Ride, #2)",True,[13152],True,"[33676, 1829709, 3393124, 6431790, 7201913, 11946245, 22208238]"
13152,"The Angel Experiment (Maximum Ride, #1)",False,[],True,"[13139, 33676, 1829709, 3393124, 6431790, 7201913, 11946245, 22208238]"
13376,"The House of the Scorpion (Matteo Alacran, #1)",False,[],True,[17063696]
13647,"Voices (Annals of the Western Shore, #2)",True,[13648],False,[]
13648,"Gifts (Annals of the Western Shore, #1)",False,[],True,[13647]
13829,"Terrier (Beka Cooper, #1)",False,[],True,"[153779, 2964700]"
13831,"Alanna: The First Adventure (Song of the Lioness, #1)",False,[],True,[13835]
13833,"Emperor Mage (Immortals, #3)",True,"[13836, 24094, 6134826]",True,"[6581511, 7198988, 9395215]"
13835,"In the Hand of the Goddess (Song of the Lioness, #2)",True,[13831],False,[]
13836,"Wild Magic (Immortals, #1)",False,[],True,"[24094, 6134826, 13833, 6581511, 7198988, 9395215]"
14358,"A Ring of Endless Light (Austin Family, #4)",True,[219408],True,"[1162715, 80349]"
15678,"Come a Stranger (Tillerman Cycle, #5)",True,"[11831, 12125, 233330]",False,[]
16178,"Dairy Queen (Dairy Queen, #1)",False,[],True,"[649514, 6318426, 17165898]"
17162,"The Chocolate War (Chocolate War, #1)",False,[],True,[588723]
18392,"The Lost Years (The Lost Years of Merlin, #1)",False,[],False,[]
18579,Summer of my German Soldier,False,[],False,[]
19062,"Getting the Girl (Wolfe Brothers, #3)",True,"[19065, 19066]",False,[]
19065,"Fighting Ruben Wolfe (Wolfe Brothers, #2)",True,[19066],True,[19062]
19066,"Underdog (Wolfe Brothers, #1)",False,[],True,"[19065, 19062]"
19439,"My Perfect Life (Confessions of a Teenage Drama Queen, #2)",True,[46260],False,[]
19448,"All-American Girl (All-American Girl, #1)",False,[],True,[19452]
19452,"Ready or Not (All-American Girl, #2)",True,[19448],False,[]
20071,Westminster Abby,False,[],False,[]
22186,"Would I Lie to You (Gossip Girl, #10)",True,"[22188, 22192, 22193, 37451, 47924, 726458]",True,[6435627]
22188,"Gossip Girl (Gossip Girl, #1)",False,[],True,"[37451, 22192, 47924, 22193, 726458, 22186, 6435627]"
22192,"All I Want is Everything (Gossip Girl, #3)",True,"[22188, 37451]",True,"[47924, 22193, 726458, 22186, 6435627]"
22193,"You're the One That I Want (Gossip Girl, #6)",True,"[22188, 22192, 37451, 47924]",True,"[726458, 22186, 6435627]"
22232,"Stargirl (Stargirl, #1)",False,[],True,[22233]
22233,"Love, Stargirl (Stargirl, #2)",True,[22232],False,[]
22237,"Son of the Mob (Son of the Mob, #1)",False,[],True,[22238]
22238,"Hollywood Hustle (Son of the Mob, #2)",True,[22237],False,[]
22628,The Perks of Being a Wallflower,False,[],False,[]
23218,"Missing You (1-800-Where-R-You, #5)",True,"[187809, 199781, 199783, 207682]",False,[]
23221,How to Be Popular,False,[],False,[]
23222,"Valentine Princess (The Princess Diaries, #7.75)",False,[],False,[]
23224,"Darkest Hour (The Mediator, #4)",True,"[187811, 199785, 199786]",True,"[23225, 93724]"
23225,"Haunted (The Mediator, #5)",True,"[23224, 187811, 199785, 199786]",True,[93724]
23228,Boy Meets Boy,False,[],False,[]
23242,The Good Ghouls' Guide to Getting Even (Beth Frasier #1),False,[],False,[]
24093,"Street Magic (The Circle Opens, #2)",False,[],True,"[153792, 153782]"
24094,"Wolf-Speaker (Immortals, #2)",True,[13836],True,"[6134826, 13833, 6581511, 7198988, 9395215]"
24431,"Trickster's Choice (Daughter of the Lioness, #1)",False,[],True,[153780]
24765,"Specials (Uglies, #3)",True,"[24768, 24770]",False,[]
24766,"The Secret Hour (Midnighters, #1)",False,[],True,"[24767, 24769]"
24767,"Touching Darkness (Midnighters, #2)",True,[24766],True,[24769]
24768,"Pretties (Uglies, #2)",True,[24770],True,[24765]
24769,"Blue Noon (Midnighters, #3)",True,"[24766, 24767]",False,[]
24770,"Uglies (Uglies, #1)",False,[],True,"[24768, 24765]"
24887,Parasite Pig (Interstellar Pig #2),False,[],False,[]
26207,"Spells & Sleeping Bags (Magic in Manhattan, #3)",True,[26212],True,[3233381]
26212,"Frogs & French Kisses (Magic in Manhattan, #2)",False,[],True,"[26207, 3233381]"
28105,"The Steps (Steps, #1)",False,[],False,[]
28187,"The Lightning Thief (Percy Jackson and the Olympians, #1)",False,[],True,"[561456, 2120932, 28139720, 4502507]"
28194,"Inkheart (Inkworld, #1)",False,[],False,[]
30331,"In the Forests of the Night (Den of Shadows, #1)",False,[],True,"[30335, 13642647]"
30334,"Hawksong (The Kiesha'ra, #1)",False,[],True,[592783]
30335,"Demon in My View (Den of Shadows, #2)",True,[30331],True,[13642647]
31185,"Inside the Mind of Gideon Rayburn (Midvale Academy, #1)",False,[],False,[]
32638,The Thief of Always,False,[],False,[]
33676,"Saving the World and Other Extreme Sports (Maximum Ride, #3)",True,"[13139, 13152]",True,"[1829709, 3393124, 6431790, 7201913, 11946245, 22208238]"
33906,Story of a Girl,False,[],False,[]
37240,"Hidden Talents (Talents, #1)",False,[],False,[]
37451,"You Know You Love Me (Gossip Girl, #2)",True,[22188],True,"[22192, 47924, 22193, 726458, 22186, 6435627]"
37731,Just as Long as We're Together,False,[],False,[]
37732,"Are You There God? It's Me, Margaret",False,[],False,[]
37743,Forever . . .,False,[],False,[]
37780,"Anatomy of a Boyfriend (Anatomy, #1)",False,[],True,[13628184]
38511,The Wakefields of Sweet Valley (Sweet Valley High Magna Editions #1),False,[],True,"[38517, 412178, 292401]"
38513,"The Wedding (Sweet Valley High, #98)",True,"[38514, 38520, 38532, 38601, 207433, 213999, 290416, 292388, 292403, 397178, 397183, 397184, 412132, 412179, 412211, 412238, 412253, 412295, 412360, 580954, 580956, 1297681, 1753335, 2143857]",True,"[412229, 412133, 412402, 12771, 38536]"
38514,"Alone in the Crowd (Sweet Valley High, #28)",True,"[38520, 38601, 213999, 292403, 412132, 412238, 412253, 412360, 580954, 580956, 1297681, 1753335]",True,"[412211, 38532, 2143857, 397178, 207433, 397183, 412179, 292388, 397184, 290416, 412295, 38513, 412229, 412133, 412402, 12771, 38536]"
38517,The Wakefield Legacy: The Untold Story (Sweet Valley High Magna Editions #2),True,[38511],True,"[412178, 292401]"
38520,"Playing with Fire (Sweet Valley High, #3)",True,[412238],True,"[412253, 1753335, 38601, 412360, 213999, 580954, 1297681, 580956, 412132, 292403, 38514, 412211, 38532, 2143857, 397178, 207433, 397183, 412179, 292388, 397184, 290416, 412295, 38513, 412229, 412133, 412402, 12771, 38536]"
38530,"Aftershock  (Sweet Valley High Super Edition, #12)",True,"[250040, 260062, 292381, 397169]",False,[]
38531,"Sweet 18 (SVH Senior Year, #48)",True,"[38539, 292390, 393096, 412151, 412155, 412176, 412181, 412182, 412401]",False,[]
38532,"The New Jessica (Sweet Valley High, #32)",True,"[38514, 38520, 38601, 213999, 292403, 412132, 412211, 412238, 412253, 412360, 580954, 580956, 1297681, 1753335]",True,"[2143857, 397178, 207433, 397183, 412179, 292388, 397184, 290416, 412295, 38513, 412229, 412133, 412402, 12771, 38536]"
38536,"Happily Ever After (Sweet Valley High, #134)",True,"[12771, 38513, 38514, 38520, 38532, 38601, 207433, 213999, 290416, 292388, 292403, 397178, 397183, 397184, 412132, 412133, 412179, 412211, 412229, 412238, 412253, 412295, 412360, 412402, 580954, 580956, 1297681, 1753335, 2143857]",False,[]
38539,"Control Freak (SVH Senior Year, #35)",True,"[412151, 412176, 412181, 412182]",True,"[412155, 393096, 412401, 292390, 38531]"
38564,"Boys that Bite (Blood Coven Vampire, #1)",False,[],True,"[39346, 601369, 7940923, 10508192]"
38601,"Dear Sister (Sweet Valley High, #7)",True,"[38520, 412238, 412253, 1753335]",True,"[412360, 213999, 580954, 1297681, 580956, 412132, 292403, 38514, 412211, 38532, 2143857, 397178, 207433, 397183, 412179, 292388, 397184, 290416, 412295, 38513, 412229, 412133, 412402, 12771, 38536]"
38709,"Holes (Holes, #1)",False,[],False,[]
38980,"The Princess Diaries (The Princess Diaries, #1)",False,[],True,"[439275, 93728, 93729, 93727, 93731, 93739, 93732, 23215471]"
38988,"Awakening (Chasing Yesterday, #1)",False,[],True,"[38989, 1432527]"
38989,"Betrayal (Chasing Yesterday, #2)",True,[38988],True,[1432527]
39346,"Stake That (Blood Coven Vampire, #2)",True,[38564],True,"[601369, 7940923, 10508192]"
39347,Sk8er Boy (First Kiss Club #1),False,[],False,[]
39636,"Twisted (Fearless, #4)",True,"[39637, 282210]",True,"[282203, 39638, 282206, 282205, 115722, 285948, 39639, 393086, 1194929, 871182, 115723, 285951, 285952, 285947]"
39637,"Run (Fearless, #3)",True,[282210],True,"[39636, 282203, 39638, 282206, 282205, 115722, 285948, 39639, 393086, 1194929, 871182, 115723, 285951, 285952, 285947]"
39638,"Killer (Fearless, #12)",True,"[39636, 39637, 282203, 282210]",True,"[282206, 282205, 115722, 285948, 39639, 393086, 1194929, 871182, 115723, 285951, 285952, 285947]"
39639,"Alone (Fearless, #22)",True,"[39636, 39637, 39638, 115722, 282203, 282205, 282206, 282210, 285948]",True,"[393086, 1194929, 871182, 115723, 285951, 285952, 285947]"
40159,"The King of Attolia (The Queen's Thief, #3)",True,[448873],True,[8306741]
41865,"Twilight (Twilight, #1)",False,[],True,"[4502877, 49041, 428263, 7937462, 1162543, 3609763]"
42798,"Winter Dreams (Sweet Dreams, #141)",True,"[42802, 883804, 1182331, 1865838, 1903442, 2140322, 2140323, 2186704, 2186710, 2186712, 2598681, 2683663, 3324615, 3325119, 3325995]",True,[1265134]
42802,"First, Last and Always (Sweet Dreams, #96)",True,"[883804, 1182331, 1865838, 1903442, 2140322, 2140323, 2186704, 2186710, 2186712, 2598681, 2683663, 3324615, 3325119, 3325995]",True,"[42798, 1265134]"
43455,"Shooting Stars (Shooting Stars, #1-4)",False,[],False,[]
43456,"Scattered Leaves (Early Spring, #2)",True,[778672],False,[]
43457,"Rose (Shooting Stars, #3)",True,"[43459, 397454]",True,"[43484, 660520]"
43459,"Ice (Shooting Stars, #2)",True,[397454],True,"[43457, 43484, 660520]"
43460,"Into the Woods (De Beers, #4)",True,"[397434, 397436, 397444]",True,[43488]
43484,"Honey (Shooting Stars, #4)",True,"[43457, 43459, 397454]",True,[660520]
43486,"Raven (Orphans, #4)",True,"[397432, 397439]",False,[]
43488,"Hidden Leaves (De Beers, #5)",True,"[43460, 397434, 397436, 397444]",False,[]
43489,"Music in the Night (Logan, #4)",True,"[660521, 660524]",True,[563456]
43526,Sun-Kissed,False,[],False,[]
43527,"Crazy Hot (The Au Pairs, #4)",False,[],True,[43529]
43529,The Au Pairs,True,[43527],False,[]
44184,Monster,False,[],False,[]
44349,"Goat Girls (Weetzie Bat, #2-3)",False,[],False,[]
44350,"Beautiful Boys (Weetzie Bat, #4-5)",False,[],False,[]
44353,"Weetzie Bat (Weetzie Bat, #1)",True,[9266799],False,[]
45432,The Supernaturalist,False,[],False,[]
45978,"Eldest (The Inheritance Cycle, #2)",False,[],False,[]
46260,"Confessions of a Teenage Drama Queen (Confessions of a Teenage Drama Queen, #1)",False,[],True,[19439]
46368,"Baby-Sitters on Board! (The Baby-Sitters Club Super Special, #1)",False,[],True,"[290502, 371080, 290512, 84028, 290495, 290493]"
46777,"Tithe (Modern Faerie Tales, #1)",False,[],True,[266607]
47626,Shade's Children,False,[],False,[]
47924,"I Like It Like That (Gossip Girl, #5)",True,"[22188, 22192, 37451]",True,"[22193, 726458, 22186, 6435627]"
48417,"Soul Survivor (Body of Evidence, #3)",True,[48442],False,[]
48442,"Thief of Hearts (Body of Evidence, #2)",False,[],True,[48417]
48722,"Predator's Gold (The Hungry City Chronicles, #2)",True,[287861],False,[]
48775,"Murder On Ice (The Nancy Drew Files, #3)",True,[439418],True,"[324918, 1693030, 48816, 1259267, 1013353, 430522, 631121, 1013371, 557157, 64746, 1013437]"
48816,"Deadly Doubles (The Nancy Drew Files, #7)",True,"[48775, 324918, 439418, 1693030]",True,"[1259267, 1013353, 430522, 631121, 1013371, 557157, 64746, 1013437]"
48954,"Mary Anne Breaks the Rules (The Baby-Sitters Club, #79)",True,"[233747, 233789, 302949, 363364, 371100, 646484, 774631, 774632, 776140, 1382964]",True,"[558321, 371075, 558315, 371067, 558296]"
49041,"New Moon (Twilight, #2)",True,"[41865, 4502877]",True,"[428263, 7937462, 1162543, 3609763]"
50053,The Contender,False,[],False,[]
51069,The Growing Pains of Adrian Mole (Adrian Mole #2),True,[51070],True,[76314]
51070,"The Secret Diary of Adrian Mole, Aged 13 3/4  (Adrian Mole, #1)",False,[],True,"[51069, 76314]"
51428,"Rebel Angels (Gemma Doyle, #2)",False,[],True,[127459]
51737,The Truth About Forever,False,[],False,[]
52489,"Bait & Switch (The OC, #6)",True,"[446293, 7579164]",True,[1090202]
53072,"Gates of Paradise (Casteel, #4)",True,"[563458, 787660]",True,[755299]
53132,"Magic or Madness (Magic or Madness, #1)",False,[],True,[53134]
53134,"Magic Lessons (Magic or Madness, #2)",True,[53132],False,[]
53496,Walk Two Moons,False,[],False,[]
58350,"The Baby-Sitter (The Baby-Sitter, #1; Point Horror, #5)",True,[89807],False,[]
58889,"Sandry's Book (Circle of Magic, #1)",False,[],True,"[58890, 58894, 58893]"
58890,"Tris's Book (Circle of Magic, #2)",True,[58889],True,"[58894, 58893]"
58893,"Briar's Book (Circle of Magic, #4)",True,"[58889, 58890, 58894]",False,[]
58894,"Daja's Book (Circle of Magic, #3)",True,"[58889, 58890]",True,[58893]
59250,"The Talisman (Daughters of the Moon, #10)",True,"[181423, 181424, 181425, 181426, 181431, 181439, 202632, 442819]",True,"[181437, 181427, 1020421]"
60510,"Poison Study (Study, #1)",False,[],False,[]
64653,"The Snarkout Boys and the Avocado of Death (Snarkout Boys, #1)",False,[],True,[64654]
64654,"The Snarkout Boys and the Baconburg Horror (Snarkout Boys, #2)",True,[64653],False,[]
64746,"Cold As Ice (Nancy Drew: Files, #54)",True,"[48775, 48816, 324918, 430522, 439418, 557157, 631121, 1013353, 1013371, 1259267, 1693030]",True,[1013437]
65686,"Nightmare Academy (Veritas Project, #2)",False,[],False,[]
65811,"Until We Meet Again (Bluford High, #7)",True,"[357598, 357602]",False,[]
66898,"Dangerously Alice (Alice, #19)",True,"[66899, 66905, 66929, 421536, 563485, 914120, 6482983]",True,"[2543866, 5711724, 12243374]"
66899,"Alice in the Know (Alice, #18)",True,"[66905, 66929, 421536, 563485, 914120, 6482983]",True,"[66898, 2543866, 5711724, 12243374]"
66905,"Including Alice (Alice, #16)",True,"[66929, 563485, 914120, 6482983]",True,"[421536, 66899, 66898, 2543866, 5711724, 12243374]"
66929,"The Agony of Alice (Alice, #1)",False,[],True,"[914120, 6482983, 563485, 66905, 421536, 66899, 66898, 2543866, 5711724, 12243374]"
69336,Secrets in the Fire,False,[],False,[]
70082,"No Place to Hide (Sweet Valley High Super Thriller, #3)",False,[],True,[412275]
71864,"The Dead of Night (Tomorrow, #2)",True,[71865],True,"[71873, 71870, 71869, 82553]"
71865,"Tomorrow, When the War Began (Tomorrow, #1)",False,[],True,"[71864, 71873, 71870, 71869, 82553]"
71869,"Burning For Revenge (Tomorrow, #5)",True,"[71864, 71865, 71870, 71873]",True,[82553]
71870,"Darkness, Be My Friend (Tomorrow, #4)",True,"[71864, 71865, 71873]",True,"[71869, 82553]"
71873,"The Third Day, The Frost (Tomorrow, #3)",True,"[71864, 71865]",True,"[71870, 71869, 82553]"
72846,"Cat (Wildflowers, #4)",True,"[397461, 894164, 1104837]",True,[639750]
76185,"Envy (Seven Deadly Sins, #2)",True,[191298],True,[191300]
76314,"True Confessions of Adrian Albert Mole (Adrian Mole, #3)",True,"[51069, 51070]",False,[]
77393,"Anne of Windy Poplars (Anne of Green Gables, #4)",False,[],True,[8137]
80349,Meet the Austins,True,"[14358, 219408, 1162715]",False,[]
80491,"The Pool of Fire (The Tripods, #3)",False,[],False,[]
82434,Saving Francesca,False,[],False,[]
82436,Looking for Alibrandi,False,[],False,[]
82549,"Incurable (The Ellie Chronicles, #2)",True,[1961368],True,[3145113]
82553,"The Night Is for Hunting (Tomorrow, #6)",True,"[71864, 71865, 71869, 71870, 71873]",False,[]
82588,"Take My Word for It (So Much to Tell You, #2)",False,[],False,[]
82780,"The Year of Secret Assignments (Ashbury/Brookfield, #2)",True,[82783],False,[]
82783,"Feeling Sorry for Celia (Ashbury/Brookfield, #1)",False,[],True,[82780]
82860,"Down the Rabbit Hole (Echo Falls, #1)",False,[],False,[]
83661,"Message in a Bottle (Love Letters, #4)",True,"[410370, 679334, 876350]",False,[]
84028,"California Girls! (The Baby-Sitters Club Super Special, #5)",True,"[46368, 290502, 290512, 371080]",True,"[290495, 290493]"
84066,The Dance (Final Friends #2),True,[84071],False,[]
84071,The Party (Final Friends #1),False,[],True,[84066]
84073,Black Blood (The Last Vampire #2),True,[137972],True,"[137970, 771712, 519548, 519546]"
84076,Remember Me (Remember Me #1),False,[],False,[]
85967,"The Vanishings: Four Kids Face Earth's Last Days Together  (Left Behind: The Kids, #1)",False,[],True,"[127574, 421967, 556875, 421969, 556869, 520408, 556873, 1751297, 169807, 987179, 610434, 556879, 610415, 301893, 556881]"
87273,"The Tin Princess (Sally Lockhart, #4)",False,[],False,[]
87573,"The Mystery of the Green Ghost (Alfred Hitchcock and The Three Investigators, #4)",False,[],False,[]
87976,"The Tower Treasure (Hardy Boys, #1)",False,[],False,[]
88498,"The Scream (Forbidden Doors, #9)",True,"[88522, 88523, 407353, 407358, 1265504, 22465896]",True,[1265503]
88522,"The Spell (Forbidden Doors, #3)",True,"[407353, 22465896]",True,"[1265504, 407358, 88523, 88498, 1265503]"
88523,"The Curse (Forbidden Doors, #7)",True,"[88522, 407353, 407358, 1265504, 22465896]",True,"[88498, 1265503]"
89794,"Switched (Fear Street, #31)",True,"[89801, 89806, 176253, 176259, 176401, 176438, 176440, 176474, 176479, 176577, 176579, 176583, 176602, 176603, 176635, 176636, 176637, 182597, 394305, 656717]",True,"[89810, 176604, 176473, 89795, 89803]"
89795,"Night Games (Fear Street, #40)",True,"[89794, 89801, 89806, 89810, 176253, 176259, 176401, 176438, 176440, 176473, 176474, 176479, 176577, 176579, 176583, 176602, 176603, 176604, 176635, 176636, 176637, 182597, 394305, 656717]",True,[89803]
89796,"The Girlfriend (Point Horror, #19)",True,"[259993, 542317, 829346, 1156197, 1263346]",False,[]
89801,"Bad Dreams (Fear Street, #22)",True,"[89806, 176253, 176259, 176438, 176440, 176474, 176577, 176583, 176602, 176603, 176635, 176636, 176637, 182597, 656717]",True,"[176479, 394305, 176401, 176579, 89794, 89810, 176604, 176473, 89795, 89803]"
89803,"The Rich Girl (Fear Street, #44)",True,"[89794, 89795, 89801, 89806, 89810, 176253, 176259, 176401, 176438, 176440, 176473, 176474, 176479, 176577, 176579, 176583, 176602, 176603, 176604, 176635, 176636, 176637, 182597, 394305, 656717]",False,[]
89806,"The Knife (Fear Street, #14)",True,"[176253, 176259, 176440, 176474, 176577, 176583, 176636, 176637, 182597]",True,"[656717, 176602, 176438, 176635, 176603, 89801, 176479, 394305, 176401, 176579, 89794, 89810, 176604, 176473, 89795, 89803]"
89807,The Babysitter IV (The Baby-Sitter #4),False,[],True,[58350]
89810,"What Holly Heard (Fear Street, #34)",True,"[89794, 89801, 89806, 176253, 176259, 176401, 176438, 176440, 176474, 176479, 176577, 176579, 176583, 176602, 176603, 176635, 176636, 176637, 182597, 394305, 656717]",True,"[176604, 176473, 89795, 89803]"
90475,Teen Idol,False,[],False,[]
91836,"Jackaroo (Tales of the Kingdom, #1)",False,[],True,"[95914, 95910, 95913]"
92717,"The Darkangel (Darkangel Trilogy, #1)",False,[],False,[]
93724,"Twilight (The Mediator, #6)",True,"[23224, 23225, 187811, 199785, 199786]",False,[]
93727,"Project Princess (The Princess Diaries, #4.5)",True,"[38980, 93728, 93729, 439275]",True,"[93731, 93739, 93732, 23215471]"
93728,"Princess in Love (The Princess Diaries, #3)",True,"[38980, 439275]",True,"[93729, 93727, 93731, 93739, 93732, 23215471]"
93729,"Princess in Waiting (The Princess Diaries, #4)",True,"[38980, 93728, 439275]",True,"[93727, 93731, 93739, 93732, 23215471]"
93731,"Princess in Pink (The Princess Diaries, #5)",True,"[38980, 93727, 93728, 93729, 439275]",True,"[93739, 93732, 23215471]"
93732,"Sweet Sixteen Princess (The Princess Diaries, #7.5)",True,"[38980, 93727, 93728, 93729, 93731, 93739, 439275]",True,[23215471]
93739,"The Princess Present (The Princess Diaries, #6.5)",True,"[38980, 93727, 93728, 93729, 93731, 439275]",True,"[93732, 23215471]"
93743,Princess Lessons,False,[],False,[]
93770,"Prisoner of Time (Time Travelers, #3)",False,[],False,[]
93779,Freeze Tag,False,[],False,[]
93780,"The Fire (Losing Christina, #3)",True,"[93783, 93787]",False,[]
93783,"Fog (Losing Christina, #1)",False,[],True,"[93787, 93780]"
93787,"Snow (Losing Christina, #2)",True,[93783],True,[93780]
94062,"Rainbow Road (Rainbow Trilogy, #3)",True,"[94063, 94064]",False,[]
94063,"Rainbow High (Rainbow Trilogy, #2)",True,[94064],True,[94062]
94064,"Rainbow Boys (Rainbow Trilogy, #1)",False,[],True,"[94063, 94062]"
94072,"Geography Club (Russel Middlebrook, #1)",False,[],True,"[17160703, 17365069, 17208612]"
94319,"Ark Angel (Alex Rider, #6)",False,[],True,[136782]
95910,"The Wings of a Falcon (Tales of the Kingdom, #3)",True,"[91836, 95914]",True,[95913]
95913,"Elske (Tales of the Kingdom, #4)",True,"[91836, 95910, 95914]",False,[]
95914,"On Fortune's Wheel (Tales of the Kingdom, #2)",True,[91836],True,"[95910, 95913]"
99561,Looking for Alaska,False,[],False,[]
100489,"The Troll Bridge (A Rock'n' Roll Fairy Tale, #2)",True,[122104],False,[]
101914,"Red is for Remembrance (Blue is for Nightmares, #4)",True,"[477338, 493123, 493124]",False,[]
102853,"The Scarlet Letterman (Bard Academy, #2)",True,[227283],True,[1603125]
103815,"Among the Enemy (Shadow Children, #6)",True,"[227651, 298730, 303454, 303460, 303472]",True,[303455]
103983,Skeleton Key,False,[],False,[]
104379,That Summer,False,[],False,[]
104896,"The Merlin Effect (Adventures of Kate, #3)",False,[],False,[]
105648,"Smart Boys & Fast Girls (The Girlfriend's Guide to Boys, #4)",True,"[886333, 1287869, 1287870]",False,[]
106085,"Masquerade (Blue Bloods, #2)",True,[872333],True,"[2753843, 6267237, 7031834, 7747263, 7817785, 9578590, 10814946]"
106489,The Storyteller's Daughter: A Retelling of the Arabian Nights,False,[],False,[]
107784,A Girl Named Summer,False,[],False,[]
107926,"The New Evil (Fear Street Superchiller, #7 ; Fear Street Cheerleaders, #4)",False,[],True,[176650]
107928,"The First Evil (Fear Street Cheerleaders, #1)",False,[],True,"[260047, 260043]"
107930,"The Evil Lives! (Cheerleaders, #5; Fear Street Superchiller, #13)",True,[138016],False,[]
108175,"Shakespeare Bats Cleanup (Shakespeare Bats Cleanup, #1)",False,[],False,[]
111011,"Darkness Before Dawn (Hazelwood High, #3)",True,[119838],False,[]
112631,"Startled by His Furry Shorts (Confessions of Georgia Nicolson, #7)",True,"[112675, 112693, 402015]",True,[5170850]
112675,"Knocked Out by My Nunga-Nungas (Confessions of Georgia Nicolson, #3)",False,[],True,"[402015, 112693, 112631, 5170850]"
112693,"Then He Ate My Boy Entrancers (Confessions of Georgia Nicolson, #6)",True,"[112675, 402015]",True,"[112631, 5170850]"
112969,"The Purple Emperor (The Faerie Wars Chronicles, #2)",True,[1134023],True,[8735255]
113304,The Thief Lord,False,[],False,[]
114411,"The Sword of the Spirits (The Sword of the Spirits, #3)",False,[],False,[]
114701,"Into the Land of the Unicorns (Unicorn Chronicles, #1)",False,[],True,[2592122]
114954,"The Opal Deception  (Artemis Fowl, #4)",False,[],False,[]
115722,"Twins (Fearless, #19)",True,"[39636, 39637, 39638, 282203, 282205, 282206, 282210]",True,"[285948, 39639, 393086, 1194929, 871182, 115723, 285951, 285952, 285947]"
115723,"Normal (Fearless, #31)",True,"[39636, 39637, 39638, 39639, 115722, 282203, 282205, 282206, 282210, 285948, 393086, 871182, 1194929]",True,"[285951, 285952, 285947]"
116560,"A Wizard Alone (Young Wizards, #6)",True,[176534],True,"[116562, 1583121]"
116562,"Wizard's Holiday (Young Wizards, #7)",True,"[116560, 176534]",True,[1583121]
118041,A Day No Pigs Would Die,False,[],False,[]
119010,Into This World We're Thrown,False,[],False,[]
119015,"Desert Sons (Desert Sons, #1)",False,[],False,[]
119324,"The Subtle Knife (His Dark Materials, #2)",False,[],False,[]
119838,"Tears of a Tiger (Hazelwood High, #1)",False,[],True,[111011]
122104,"Pay the Piper (A Rock'n' Roll Fairy Tale, #1)",False,[],True,[100489]
123448,"How I Paid for College: A Novel of Sex, Theft, Friendship & Musical Theater (Edward Zanni, #1)",False,[],False,[]
124838,Midnight Pearls: A Retelling of The Little Mermaid,False,[],False,[]
127420,"Please Don't Die (One Last Wish, #8)",True,"[127426, 127427, 127442, 412724, 412742, 412753, 635212]",True,[127422]
127421,"For Better, for Worse, Forever (April Lancaster, #2)",False,[],False,[]
127422,"Reach for Tomorrow (One Last Wish, #12)",True,"[127420, 127426, 127427, 127442, 412724, 412742, 412753, 635212]",False,[]
127425,"No Time to Cry (Dawn Rochelle, #4)",True,"[294707, 352748, 352753]",False,[]
127426,"The Legacy: Making Wishes Come True (One Last Wish, #7)",True,"[127427, 127442, 412724, 412742, 412753, 635212]",True,"[127420, 127422]"
127427,"Someone Dies, Someone Lives (One Last Wish, #4)",True,"[412724, 412753, 635212]",True,"[412742, 127442, 127426, 127420, 127422]"
127428,"The End of Forever (Erin Bennett, #1-2)",False,[],False,[]
127429,"Goodbye Doesn't Mean Forever (Melissa & Jory, #2)",False,[],False,[]
127432,"Time to Let Go (Erin Bennett, #2)",False,[],False,[]
127439,"The Angels Trilogy (Angels, #1-3)",False,[],False,[]
127442,"Let Him Live (One Last Wish, #6)",True,"[127427, 412724, 412742, 412753, 635212]",True,"[127426, 127420, 127422]"
127444,"Angels Watching Over Me (Angels, #1)",False,[],True,"[412757, 887252]"
127446,"Kathleen's Story (Angels in Pink, #1)",False,[],True,[294691]
127459,"The Sweet Far Thing (Gemma Doyle, #3)",True,[51428],False,[]
127574,"Nicolae High: The Young Trib Force Goes Back to School (Left Behind: The Kids, #5)",True,[85967],True,"[421967, 556875, 421969, 556869, 520408, 556873, 1751297, 169807, 987179, 610434, 556879, 610415, 301893, 556881]"
128092,"The Pigman (The Pigman, #1)",False,[],True,[234972]
130837,"Diving In (Art & Coll, #1)",False,[],False,[]
133742,Now and Zen,False,[],False,[]
133825,"Girls on Film (A-List, #2)",False,[],True,[133827]
133827,"Heart of Glass (A-List, #8)",True,[133825],False,[]
136782,Stormbreaker,True,[94319],False,[]
137765,Christopher Pike's Tales of Terror: Volume 2,False,[],False,[]
137970,The Red Dice (The Last Vampire #3),True,"[84073, 137972]",True,"[771712, 519548, 519546]"
137971,Chain Letter (Chain Letter #1),False,[],True,[137995]
137972,The Last Vampire (The Last Vampire #1),False,[],True,"[84073, 137970, 771712, 519548, 519546]"
137995,The Ancient Evil (Chain Letter #2),True,[137971],False,[]
137997,"Alosha (Alosha, #1)",False,[],False,[]
138016,"Getting Even (Cheerleaders, #2)",False,[],True,[107930]
138202,"Sloppy Firsts (Jessica Darling, #1)",False,[],True,"[199687, 199688, 199686]"
139253,The House on Mango Street,False,[],False,[]
139418,The Silver Kiss,False,[],False,[]
146492,"Summer Boys (Summer Boys, #1)",False,[],False,[]
147243,"Touching Spirit Bear (Spirit Bear, #1)",False,[],False,[]
147801,"Black Water (Pendragon, #5)",True,"[215543, 536982, 833710]",True,"[215542, 215540]"
147866,"The Dashwood Sisters' Secrets of Love (21st Century Austen, #1)",False,[],True,"[1379792, 5786888, 7543798]"
148769,"The First Part Last (Heaven, #2)",False,[],False,[]
153779,"Bloodhound (Beka Cooper, #2)",True,[13829],True,[2964700]
153780,"Trickster's Queen (Daughter of the Lioness, #2)",True,[24431],False,[]
153782,"Shatterglass (The Circle Opens, #4)",True,"[24093, 153792]",False,[]
153783,"The Will of the Empress (Circle Reforged, #1)",False,[],True,[8306725]
153784,"First Test (Protector of the Small, #1)",False,[],True,"[153785, 153795, 153800]"
153785,"Page (Protector of the Small, #2)",True,[153784],True,"[153795, 153800]"
153792,"Cold Fire (The Circle Opens, #3)",True,[24093],True,[153782]
153795,"Squire (Protector of the Small, #3)",True,"[153784, 153785]",True,[153800]
153800,"Lady Knight (Protector of the Small, #4)",True,"[153784, 153785, 153795]",False,[]
157047,Double Crossing (A Nancy Drew and Hardy Boys Super Mystery #1),False,[],True,"[157066, 157080, 557147]"
157066,Shock Waves (A Nancy Drew and Hardy Boys Super Mystery #3),True,[157047],True,"[157080, 557147]"
157080,Dangerous Games (A Nancy Drew and Hardy Boys Super Mystery #4),True,"[157047, 157066]",True,[557147]
161426,How I Live Now,False,[],False,[]
161456,The Hitchhiker,False,[],False,[]
161887,East,False,[],False,[]
162086,Such a Pretty Girl,False,[],False,[]
162719,"Just Ella (The Palace Chronicles, #1)",False,[],True,[20860126]
164719,Lord Loss (The Demonata #1),False,[],False,[]
164720,Vampire War Trilogy,False,[],False,[]
164722,Vampire Rites Trilogy,False,[],False,[]
164726,Vampire Blood Trilogy,False,[],False,[]
166999,"Stoner & Spaz (Stoner & Spaz, #1)",False,[],False,[]
169005,"The Emperor's Plague (Star Wars: Young Jedi Knights, #11)",True,"[1120884, 1189326]",False,[]
169756,Feed,False,[],False,[]
169807,"Fire from Heaven (Left Behind: The Kids, #16)",True,"[85967, 127574, 421967, 421969, 520408, 556869, 556873, 556875, 1751297]",True,"[987179, 610434, 556879, 610415, 301893, 556881]"
169875,"Searching for Dragons (Enchanted Forest Chronicles, #2)",False,[],False,[]
170171,Catalyst,False,[],False,[]
170529,What My Mother Doesn't Know (What My Mother Doesn't Know #1),False,[],False,[]
171020,A Mango-Shaped Space,False,[],False,[]
172258,Vampire Destiny Trilogy,False,[],False,[]
175004,Eagle Strike,False,[],False,[]
175005,The Gadgets,False,[],False,[]
176253,"The Burning (The Fear Street Saga, #3)",True,"[176259, 176637, 182597]",True,"[176440, 176583, 176636, 176474, 176577, 89806, 656717, 176602, 176438, 176635, 176603, 89801, 176479, 394305, 176401, 176579, 89794, 89810, 176604, 176473, 89795, 89803]"
176256,"The First Scream (Fear Park, #1)",False,[],True,"[176687, 176561]"
176258,The Snowman,False,[],False,[]
176259,"The Secret (The Fear Street Saga, #2)",True,"[176637, 182597]",True,"[176253, 176440, 176583, 176636, 176474, 176577, 89806, 656717, 176602, 176438, 176635, 176603, 89801, 176479, 394305, 176401, 176579, 89794, 89810, 176604, 176473, 89795, 89803]"
176273,"House of Whispers (Fear Street Sagas, #2)",True,[182600],True,"[325562, 176639, 523113, 176619]"
176281,"The Deadly Fire (Fear Street: The Cataluna Chronicles, #3)",True,"[176610, 370147]",False,[]
176287,"High Tide (Fear Street Superchiller, # 12)",False,[],False,[]
176343,"Bad Moonlight (Fear Street Super Chiller, #8)",True,"[176563, 293152, 843086, 865734]",True,[182599]
176345,I Saw You That Night!,False,[],False,[]
176346,Halloween Night,False,[],False,[]
176401,"Truth or Dare (Fear Street, #28)",True,"[89801, 89806, 176253, 176259, 176438, 176440, 176474, 176479, 176577, 176583, 176602, 176603, 176635, 176636, 176637, 182597, 394305, 656717]",True,"[176579, 89794, 89810, 176604, 176473, 89795, 89803]"
176402,"Dangerous Girls (Dangerous Girls, #1)",False,[],False,[]
176438,"Sunburn (Fear Street, #19)",True,"[89806, 176253, 176259, 176440, 176474, 176577, 176583, 176602, 176636, 176637, 182597, 656717]",True,"[176635, 176603, 89801, 176479, 394305, 176401, 176579, 89794, 89810, 176604, 176473, 89795, 89803]"
176440,The Sign of Fear (Fear Street Saga #4),True,"[176253, 176259, 176637, 182597]",True,"[176583, 176636, 176474, 176577, 89806, 656717, 176602, 176438, 176635, 176603, 89801, 176479, 394305, 176401, 176579, 89794, 89810, 176604, 176473, 89795, 89803]"
176473,"The Boy Next Door (Fear Street, #39)",True,"[89794, 89801, 89806, 89810, 176253, 176259, 176401, 176438, 176440, 176474, 176479, 176577, 176579, 176583, 176602, 176603, 176604, 176635, 176636, 176637, 182597, 394305, 656717]",True,"[89795, 89803]"
176474,"Lights Out (Fear Street, #12)",True,"[176253, 176259, 176440, 176583, 176636, 176637, 182597]",True,"[176577, 89806, 656717, 176602, 176438, 176635, 176603, 89801, 176479, 394305, 176401, 176579, 89794, 89810, 176604, 176473, 89795, 89803]"
176479,"The Thrill Club (Fear Street, #24)",True,"[89801, 89806, 176253, 176259, 176438, 176440, 176474, 176577, 176583, 176602, 176603, 176635, 176636, 176637, 182597, 656717]",True,"[394305, 176401, 176579, 89794, 89810, 176604, 176473, 89795, 89803]"
176534,"High Wizardry (Young Wizards, #3)",False,[],True,"[116560, 116562, 1583121]"
176561,"The Last Scream (Fear Park, #3)",True,"[176256, 176687]",False,[]
176563,"The Dead Lifeguard (Fear Street Super Chiller, #6)",True,"[293152, 843086, 865734]",True,"[176343, 182599]"
176577,"The Secret Bedroom (Fear Street, #13)",True,"[176253, 176259, 176440, 176474, 176583, 176636, 176637, 182597]",True,"[89806, 656717, 176602, 176438, 176635, 176603, 89801, 176479, 394305, 176401, 176579, 89794, 89810, 176604, 176473, 89795, 89803]"
176579,"Dead End (Fear Street, #29)",True,"[89801, 89806, 176253, 176259, 176401, 176438, 176440, 176474, 176479, 176577, 176583, 176602, 176603, 176635, 176636, 176637, 182597, 394305, 656717]",True,"[89794, 89810, 176604, 176473, 89795, 89803]"
176583,"The Stepsister (Fear Street, #9)",True,"[176253, 176259, 176440, 176637, 182597]",True,"[176636, 176474, 176577, 89806, 656717, 176602, 176438, 176635, 176603, 89801, 176479, 394305, 176401, 176579, 89794, 89810, 176604, 176473, 89795, 89803]"
176597,"The Fear Street Saga Collection (The Fear Street Saga, #1-3)",False,[],False,[]
176602,"First Date (Fear Street, #16)",True,"[89806, 176253, 176259, 176440, 176474, 176577, 176583, 176636, 176637, 182597, 656717]",True,"[176438, 176635, 176603, 89801, 176479, 394305, 176401, 176579, 89794, 89810, 176604, 176473, 89795, 89803]"
176603,"The Dare (Fear Street, #21)",True,"[89806, 176253, 176259, 176438, 176440, 176474, 176577, 176583, 176602, 176635, 176636, 176637, 182597, 656717]",True,"[89801, 176479, 394305, 176401, 176579, 89794, 89810, 176604, 176473, 89795, 89803]"
176604,"The Face (Fear Street, #35)",True,"[89794, 89801, 89806, 89810, 176253, 176259, 176401, 176438, 176440, 176474, 176479, 176577, 176579, 176583, 176602, 176603, 176635, 176636, 176637, 182597, 394305, 656717]",True,"[176473, 89795, 89803]"
176610,"The Evil Moon (Fear Street: The Cataluna Chronicles, #1)",False,[],True,"[370147, 176281]"
176619,"The Awakening Evil (Fear Street Sagas, #10)",True,"[176273, 176639, 182600, 325562, 523113]",False,[]
176635,"The New Boy (Fear Street, #20)",True,"[89806, 176253, 176259, 176438, 176440, 176474, 176577, 176583, 176602, 176636, 176637, 182597, 656717]",True,"[176603, 89801, 176479, 394305, 176401, 176579, 89794, 89810, 176604, 176473, 89795, 89803]"
176636,"The Fire Game (Fear Street, #11)",True,"[176253, 176259, 176440, 176583, 176637, 182597]",True,"[176474, 176577, 89806, 656717, 176602, 176438, 176635, 176603, 89801, 176479, 394305, 176401, 176579, 89794, 89810, 176604, 176473, 89795, 89803]"
176637,"The Surprise Party (Fear Street, #2)",True,[182597],True,"[176259, 176253, 176440, 176583, 176636, 176474, 176577, 89806, 656717, 176602, 176438, 176635, 176603, 89801, 176479, 394305, 176401, 176579, 89794, 89810, 176604, 176473, 89795, 89803]"
176639,"Daughters of Silence (Fear Street Sagas, #6)",True,"[176273, 182600, 325562]",True,"[523113, 176619]"
176650,"Silent Night 3 (Fear Street Superchiller, #11)",True,[107926],False,[]
176687,"The Loudest Scream (Fear Park, #2)",True,[176256],True,[176561]
176967,"The Hollow People (The Promises of Dr. Sigmundus, #1)",False,[],False,[]
181423,"The Sacrifice (Daughters of the Moon, #5)",True,"[181426, 181439, 202632, 442819]",True,"[181424, 181425, 181431, 59250, 181437, 181427, 1020421]"
181424,"The Lost One (Daughters of the Moon, #6)",True,"[181423, 181426, 181439, 202632, 442819]",True,"[181425, 181431, 59250, 181437, 181427, 1020421]"
181425,"Possession (Daughters of the Moon, #8)",True,"[181423, 181424, 181426, 181439, 202632, 442819]",True,"[181431, 59250, 181437, 181427, 1020421]"
181426,"The Secret Scroll (Daughters of the Moon, #4)",True,"[181439, 202632, 442819]",True,"[181423, 181424, 181425, 181431, 59250, 181437, 181427, 1020421]"
181427,"The Becoming (Daughters of the Moon, #12)",True,"[59250, 181423, 181424, 181425, 181426, 181431, 181437, 181439, 202632, 442819]",True,[1020421]
181431,"The Choice (Daughters of the Moon, #9)",True,"[181423, 181424, 181425, 181426, 181439, 202632, 442819]",True,"[59250, 181437, 181427, 1020421]"
181437,"The Prophecy (Daughters of the Moon, #11)",True,"[59250, 181423, 181424, 181425, 181426, 181431, 181439, 202632, 442819]",True,"[181427, 1020421]"
181439,"Into the Cold Fire (Daughters of the Moon, #2)",True,[442819],True,"[202632, 181426, 181423, 181424, 181425, 181431, 59250, 181437, 181427, 1020421]"
182597,"The Betrayal (The Fear Street Saga, #1)",False,[],True,"[176637, 176259, 176253, 176440, 176583, 176636, 176474, 176577, 89806, 656717, 176602, 176438, 176635, 176603, 89801, 176479, 394305, 176401, 176579, 89794, 89810, 176604, 176473, 89795, 89803]"
182598,"Moonlight Secrets (Fear Street Nights, #1)",False,[],True,[293151]
182599,"The New Year's Party (Fear Street Super Chiller, #9)",True,"[176343, 176563, 293152, 843086, 865734]",False,[]
182600,"A New Fear (Fear Street Sagas, #1)",False,[],True,"[176273, 325562, 176639, 523113, 176619]"
186103,"Peeps (Peeps, #1)",False,[],False,[]
187753,"Inside the Shadow City (Kiki Strike,#1)",False,[],False,[]
187809,"Safe House (1-800-Where-R-You, #3)",True,"[199783, 207682]",True,"[199781, 23218]"
187811,"Shadowland (The Mediator, #1)",False,[],True,"[199786, 199785, 23224, 23225, 93724]"
191298,"Lust (Seven Deadly Sins, #1)",False,[],True,"[76185, 191300]"
191300,"Greed (Seven Deadly Sins, #7)",True,"[76185, 191298]",False,[]
196549,"Secrets of My Hollywood Life (Secrets of My Hollywood Life, #1)",False,[],True,"[196550, 1425745, 3400744]"
196550,"On Location (Secrets of My Hollywood Life, #2)",True,[196549],True,"[1425745, 3400744]"
196655,"Stealing Princes (Calypso Chronicles, #2)",True,[22852890],False,[]
197916,"The Rumor About Julia (Love Stories For Young Adults, #23)",True,"[431543, 452826, 522893, 556699, 665458, 781131, 947836]",True,"[774406, 202170, 276546, 424733, 690472, 479430, 1044379]"
199686,"Fourth Comings (Jessica Darling, #4)",True,"[138202, 199687, 199688]",False,[]
199687,"Second Helpings (Jessica Darling, #2)",True,[138202],True,"[199688, 199686]"
199688,"Charmed Thirds (Jessica Darling, #3)",True,"[138202, 199687]",True,[199686]
199699,"The Schwa Was Here (Antsy Bonano, #1)",False,[],True,[11737264]
199781,"Sanctuary (1-800-Where-R-You, #4)",True,"[187809, 199783, 207682]",True,[23218]
199783,"Code Name Cassandra (1-800-Where-R-You, #2)",True,[207682],True,"[187809, 199781, 23218]"
199785,"Reunion (The Mediator, #3)",True,"[187811, 199786]",True,"[23224, 23225, 93724]"
199786,"Ninth Key (The Mediator, #2)",True,[187811],True,"[199785, 23224, 23225, 93724]"
201114,Sold,False,[],False,[]
201819,"The Takers (The Oz Chronicles, #1)",False,[],True,"[1250012, 2612525, 9175379]"
202170,"Kiss and Tell (Love Stories For Young Adults, #29)",True,"[197916, 431543, 452826, 522893, 556699, 665458, 774406, 781131, 947836]",True,"[276546, 424733, 690472, 479430, 1044379]"
202632,"Night Shade (Daughters of the Moon, #3)",True,"[181439, 442819]",True,"[181426, 181423, 181424, 181425, 181431, 59250, 181437, 181427, 1020421]"
204297,Sleeping Freshmen Never Lie,False,[],False,[]
207034,"The Prophet of Yonwood (Book of Ember, #3)",True,"[3467, 307791]",True,[2493973]
207433,"Pretenses (Sweet Valley High, #44)",True,"[38514, 38520, 38532, 38601, 213999, 292403, 397178, 412132, 412211, 412238, 412253, 412360, 580954, 580956, 1297681, 1753335, 2143857]",True,"[397183, 412179, 292388, 397184, 290416, 412295, 38513, 412229, 412133, 412402, 12771, 38536]"
207576,"Cindy's Bold Start (Thoroughbred, #48)",True,"[446848, 791928, 791929, 1252440, 1252450, 1252452, 1252481, 1252496]",True,[450665]
207682,"When Lightning Strikes (1-800-Where-R-You, #1)",False,[],True,"[199783, 187809, 199781, 23218]"
208159,"The Book of Dead Days (Book of Dead Days, #1)",False,[],False,[]
208493,The Stolen (The Nine Lives of Chloe King #2),True,[1112383],True,[229496]
208909,"The Arm of the Starfish (O'Keefe Family, #1)",False,[],True,"[479311, 2811]"
211610,"Do-Over (Royally Jacked, #3)",True,[211619],False,[]
211619,"Spin Control (Royally Jacked, #2)",False,[],True,[211610]
213647,"The Warrior Heir (The Heir Chronicles, #1)",False,[],True,"[500743, 2866413, 18395233, 9409614, 18469705]"
213652,"Heir Apparent (Rasmussem Corporation, #2)",False,[],False,[]
213753,"Life As We Knew It (Last Survivors, #1)",False,[],True,"[2169506, 6393972]"
213999,"Racing Hearts (Sweet Valley High, #9)",True,"[38520, 38601, 412238, 412253, 412360, 1753335]",True,"[580954, 1297681, 580956, 412132, 292403, 38514, 412211, 38532, 2143857, 397178, 207433, 397183, 412179, 292388, 397184, 290416, 412295, 38513, 412229, 412133, 412402, 12771, 38536]"
215540,"The Quillan Games (Pendragon, #7)",True,"[147801, 215542, 215543, 536982, 833710]",False,[]
215542,"The Rivers of Zadaa (Pendragon, #6)",True,"[147801, 215543, 536982, 833710]",True,[215540]
215543,"The Lost City of Faar (Pendragon, #2)",True,[833710],True,"[536982, 147801, 215542, 215540]"
216437,"Dragon and Soldier (Dragonback, #2)",False,[],False,[]
219408,"The Young Unicorns (Austin Family, #3)",False,[],True,"[14358, 1162715, 80349]"
219563,"Shabanu: Daughter of the Wind (Shabanu, #1)",False,[],True,"[219570, 1842609]"
219570,"Haveli (Shabanu, #2)",True,[219563],True,[1842609]
224500,Point Blank,False,[],False,[]
226682,"Black Cat (Gemini, #2)",True,"[578338, 17450990]",True,[397465]
226687,"Eye of the Storm (Hudson, #3)",True,"[226708, 226720]",True,[519616]
226708,"Lightning Strikes (Hudson, #2)",True,[226720],True,"[226687, 519616]"
226720,"Rain (Hudson, #1)",False,[],True,"[226708, 226687, 519616]"
227084,Blood Sport (Dark Forces #14),True,"[523089, 568541, 1914976, 1942556, 1942669]",False,[]
227283,"Wuthering High (Bard Academy, #1)",False,[],True,"[102853, 1603125]"
227651,"Among the Hidden (Shadow Children, #1)",False,[],True,"[303472, 303460, 298730, 303454, 103815, 303455]"
227658,Running Out of Time,False,[],False,[]
228855,"The Other Side of Summer (Gilmore Girls, #4)",True,"[424097, 424100, 424107]",False,[]
229033,"Flora Segunda (Flora Trilogy, #1)",False,[],True,"[3026012, 5550882]"
229496,The Chosen (The Nine Lives of Chloe King #3),True,"[208493, 1112383]",False,[]
233330,"A Solitary Blue (Tillerman Cycle, #3)",True,"[11831, 12125]",True,[15678]
233747,"Dawn's Wicked Stepsister (The Baby-Sitters Club, #31)",True,[774631],True,"[1382964, 302949, 233789, 371100, 776140, 646484, 363364, 774632, 48954, 558321, 371075, 558315, 371067, 558296]"
233789,"Mary Anne and Too Many Boys (The Baby-Sitters Club, #34)",True,"[233747, 302949, 774631, 1382964]",True,"[371100, 776140, 646484, 363364, 774632, 48954, 558321, 371075, 558315, 371067, 558296]"
234873,"Take Back the Night (Sweet Valley University, #11)",True,"[264540, 290661, 416195, 416227, 416310, 1581994]",True,"[416222, 416229, 275886, 416197, 416192, 416275]"
234951,More Horowitz Horror,False,[],False,[]
234972,"The Pigman & Me (The Pigman, #3)",True,[128092],False,[]
237320,So B. It,False,[],False,[]
238360,Megan Meade's Guide to the McGowan Boys,False,[],False,[]
238836,Money Hungry,False,[],False,[]
238838,Begging for Change,False,[],False,[]
241976,"The Safe-Keeper's Secret (Safe-Keepers, #1)",False,[],False,[]
243747,"Out of Control (Nancy Drew and the Hardy Boys: Super Mystery, #31)",True,"[278498, 278519, 278526, 400702, 439452, 557139, 803318]",True,"[278647, 760135]"
247962,"The Road Home (Echo Company, #5)",False,[],False,[]
248290,Beauty Sleep: A Retelling of Sleeping Beauty,False,[],False,[]
248377,"Rise of a Hero (The Farsala Trilogy, #2)",False,[],False,[]
248482,"Enna Burning (The Books of Bayern, #2)",False,[],False,[]
248484,Book of a Thousand Days,False,[],False,[]
248704,It's Kind of a Funny Story,False,[],False,[]
250040,"Perfect Summer (Sweet Valley High Super Edition, #1)",False,[],True,"[397169, 260062, 292381, 38530]"
253106,"The Earth, My Butt, and Other Big Round Things",False,[],False,[]
256382,"Mary Anne's Revenge (Baby-Sitters Club Friends Forever, #8)",True,"[275451, 290500, 371099, 558200, 558215]",True,"[371087, 794910]"
256683,"City of Bones (The Mortal Instruments, #1)",False,[],True,"[1582996, 6752378, 8755776, 8755785]"
257445,"The Astonishing Adventures of Fanboy and Goth Girl (The Astonishing Adventures of Fanboy and Goth Girl, #1)",False,[],True,[6318035]
258468,"The Strange Power (Dark Visions, #1)",False,[],True,[603189]
259978,"The Voice on the Radio (Janie Johnson, #3)",True,[260037],True,[515620]
259993,"The Cheerleader (Point Horror, #18)",True,"[542317, 829346, 1156197, 1263346]",True,[89796]
260037,"Whatever Happened to Janie? (Janie Johnson, #2)",False,[],True,"[259978, 515620]"
260042,"I Was a Non-Blonde Cheerleader (Cheerleader Trilogy, #1)",False,[],True,"[752540, 502301]"
260043,"The Third Evil (Fear Street Cheerleaders, #3)",True,"[107928, 260047]",False,[]
260047,"The Second Evil (Fear Street Cheerleaders, #2)",True,[107928],True,[260043]
260058,"Return of the Evil Twin (Sweet Valley High, Magna Edition #6)",False,[],False,[]
260062,"Malibu Summer (Sweet Valley High Super Edition, #4)",True,"[250040, 397169]",True,"[292381, 38530]"
261122,"The Dead Girls' Dance (The Morganville Vampires, #2)",False,[],True,"[544257, 2295829, 15712186, 3558003, 5212771, 11215073, 6289938, 7091713, 7600922, 10549501, 9526658, 13414055, 15739817, 15746882]"
261905,"Girls Under Pressure (Girls, #2)",True,[266765],False,[]
263147,"Vampire Kisses (Vampire Kisses, #1)",False,[],True,"[263172, 263171, 2051840, 5111039, 6937878, 7312324]"
263171,"Dance with a Vampire (Vampire Kisses, #4)",True,"[263147, 263172]",True,"[2051840, 5111039, 6937878, 7312324]"
263172,"Kissing Coffins (Vampire Kisses, #2)",True,[263147],True,"[263171, 2051840, 5111039, 6937878, 7312324]"
264337,Footprints of the Dead (Twilight: Where Darkness Begins #14),True,"[442196, 1556929, 3672506]",True,[2034205]
264540,"Love, Lies, and Jessica Wakefield (Sweet Valley University, #2)",True,[290661],True,"[1581994, 416310, 416195, 416227, 234873, 416222, 416229, 275886, 416197, 416192, 416275]"
266607,Valiant (Modern Faerie Tales #2),True,[46777],False,[]
266663,"The Battle of Jericho (Jericho, #1)",False,[],True,"[266666, 5927441]"
266666,"November Blues (Jericho, #2)",True,[266663],True,[5927441]
266689,"Snail Mail, No More (Elizabeth and Tara*Starr, #2)",False,[],False,[]
266765,"Girls in Love (Girls, #1)",False,[],True,[261905]
270363,The Bermudez Triangle,False,[],False,[]
270804,"Glass (Crank, #2)",False,[],True,[7171876]
270807,"Burned (Burned, #1)",False,[],True,[8664957]
272791,"So Mote it Be (Circle of Three, #1)",False,[],True,[424069]
273585,"Roxanne (Sunfire, #15)",True,"[475385, 475391, 646420, 841052, 1242843, 1651909]",True,"[475387, 888173, 1242836, 1242830, 1242831, 841054, 1242840]"
274149,"Voodoo Moon (Charmed, #5)",False,[],False,[]
274317,Dead Connection,False,[],False,[]
275451,"Stacey and the Boyfriend Trap (Baby-Sitters Club Friends Forever, #6)",True,"[290500, 558200, 558215]",True,"[371099, 256382, 371087, 794910]"
275463,"Maggie: Diary 1 (California Diaries, #3)",False,[],False,[]
275844,Deadline,False,[],False,[]
275886,"Broken Promises, Shattered Dreams (Sweet Valley University, #19)",True,"[234873, 264540, 290661, 416195, 416222, 416227, 416229, 416310, 1581994]",True,"[416197, 416192, 416275]"
276546,"Hard to Resist (Love Stories For Young Adults, #31)",True,"[197916, 202170, 431543, 452826, 522893, 556699, 665458, 774406, 781131, 947836]",True,"[424733, 690472, 479430, 1044379]"
277241,The Circuit: Stories from the Life of a Migrant Child,False,[],False,[]
278498,Mystery Train (Nancy Drew and the Hardy Boys: Super Mystery #8),True,"[278526, 439452]",True,"[803318, 278519, 557139, 400702, 243747, 278647, 760135]"
278519,"New Year's Evil (Nancy Drew and the Hardy Boys: Super Mystery, #11)",True,"[278498, 278526, 439452, 803318]",True,"[557139, 400702, 243747, 278647, 760135]"
278526,"A Crime for Christmas (Nancy Drew and the Hardy Boys: Super Mystery, #2)",False,[],True,"[439452, 278498, 803318, 278519, 557139, 400702, 243747, 278647, 760135]"
278647,"Operation Titanic (Nancy Drew and the Hardy Boys: Super Mystery, #35)",True,"[243747, 278498, 278519, 278526, 400702, 439452, 557139, 803318]",True,[760135]
278794,"Blood Fever (Young Bond, #2)",True,[603911],True,"[360918, 1660794, 4634352]"
279664,"Enter the Enchanted (Everworld, #3)",True,[279673],True,"[279669, 279672, 279668, 279665, 279670, 279680, 279666]"
279665,"Brave the Betrayal (Everworld, #8)",True,"[279664, 279668, 279669, 279672, 279673]",True,"[279670, 279680, 279666]"
279666,"Entertain the End (Everworld, #12)",True,"[279664, 279665, 279668, 279669, 279670, 279672, 279673, 279680]",False,[]
279668,"Gateway to the Gods (Everworld, #7)",True,"[279664, 279669, 279672, 279673]",True,"[279665, 279670, 279680, 279666]"
279669,"Realm of the Reaper (Everworld, #4)",True,"[279664, 279673]",True,"[279672, 279668, 279665, 279670, 279680, 279666]"
279670,"Inside the Illusion (Everworld, #9)",True,"[279664, 279665, 279668, 279669, 279672, 279673]",True,"[279680, 279666]"
279672,"Discover the Destroyer (Everworld, #5)",True,"[279664, 279669, 279673]",True,"[279668, 279665, 279670, 279680, 279666]"
279673,"Search for Senna (Everworld, #1)",False,[],True,"[279664, 279669, 279672, 279668, 279665, 279670, 279680, 279666]"
279680,"Understand the Unknown (Everworld, #10)",True,"[279664, 279665, 279668, 279669, 279670, 279672, 279673]",True,[279666]
280277,"Lucinda's Secret (The Spiderwick Chronicles, #3)",False,[],False,[]
280317,"Face-Off! (Girl Talk, #2)",False,[],False,[]
282202,"Kill Game (Fearless FBI, #1)",False,[],True,"[439901, 439888, 710247]"
282203,"Blood (Fearless, #9)",True,"[39636, 39637, 282210]",True,"[39638, 282206, 282205, 115722, 285948, 39639, 393086, 1194929, 871182, 115723, 285951, 285952, 285947]"
282205,"Flee (Fearless, #17)",True,"[39636, 39637, 39638, 282203, 282206, 282210]",True,"[115722, 285948, 39639, 393086, 1194929, 871182, 115723, 285951, 285952, 285947]"
282206,"Naked (Fearless, #16)",True,"[39636, 39637, 39638, 282203, 282210]",True,"[282205, 115722, 285948, 39639, 393086, 1194929, 871182, 115723, 285951, 285952, 285947]"
282210,"Fearless (Fearless, #1)",False,[],True,"[39637, 39636, 282203, 39638, 282206, 282205, 115722, 285948, 39639, 393086, 1194929, 871182, 115723, 285951, 285952, 285947]"
282440,"Tattoo (Tattoo, #1)",False,[],True,[3554429]
285947,"Gone (Fearless, #36)",True,"[39636, 39637, 39638, 39639, 115722, 115723, 282203, 282205, 282206, 282210, 285948, 285951, 285952, 393086, 871182, 1194929]",False,[]
285948,"Sex (Fearless, #20)",True,"[39636, 39637, 39638, 115722, 282203, 282205, 282206, 282210]",True,"[39639, 393086, 1194929, 871182, 115723, 285951, 285952, 285947]"
285951,"Fake (Fearless, #34)",True,"[39636, 39637, 39638, 39639, 115722, 115723, 282203, 282205, 282206, 282210, 285948, 393086, 871182, 1194929]",True,"[285952, 285947]"
285952,"Exposed (Fearless, #35)",True,"[39636, 39637, 39638, 39639, 115722, 115723, 282203, 282205, 282206, 282210, 285948, 285951, 393086, 871182, 1194929]",True,[285947]
285955,"Before Gaia (Fearless Super Edition, #1)",False,[],False,[]
286575,"Nowhere Land (Remnants, #4)",True,"[690197, 781069, 18197223, 25443847]",True,"[286578, 286579]"
286578,"Lost and Found (Remnants, #10)",True,"[286575, 690197, 781069, 18197223, 25443847]",True,[286579]
286579,"Survival (Remnants, #13)",True,"[286575, 286578, 690197, 781069, 18197223, 25443847]",False,[]
287861,"Mortal Engines (The Hungry City Chronicles, #1)",False,[],True,[48722]
289601,"A Certain Slant of Light (Light, #1)",False,[],True,"[25953603, 9677397, 22398595]"
290400,"Best Friends (Sweet Valley Twins, #1)",False,[],True,"[412692, 412607, 412602, 412596, 411327, 412606, 412587, 290404, 290459, 290417, 580917]"
290401,The Magic Christmas (Sweet Valley Twins Magna Edition #1),False,[],False,[]
290404,"Jessica's Secret (Sweet Valley Twins, #42)",True,"[290400, 411327, 412587, 412596, 412602, 412606, 412607, 412692]",True,"[290459, 290417, 580917]"
290411,"The Class Trip (Sweet Valley Twins Super Edition, #1)",False,[],True,"[290477, 412656]"
290416,"Brokenhearted (Sweet Valley High, #58)",True,"[38514, 38520, 38532, 38601, 207433, 213999, 292388, 292403, 397178, 397183, 397184, 412132, 412179, 412211, 412238, 412253, 412360, 580954, 580956, 1297681, 1753335, 2143857]",True,"[412295, 38513, 412229, 412133, 412402, 12771, 38536]"
290417,"Poor Lila! (Sweet Valley Twins, #63)",True,"[290400, 290404, 290459, 411327, 412587, 412596, 412602, 412606, 412607, 412692]",True,[580917]
290459,"Big Brother's in Love! (Sweet Valley Twins, #57)",True,"[290400, 290404, 411327, 412587, 412596, 412602, 412606, 412607, 412692]",True,"[290417, 580917]"
290477,The Unicorns Go Hawaiian (Sweet Valley Twins Super Edition #4),True,[290411],True,[412656]
290480,"The Carnival Ghost (Sweet Valley Twins Super Chiller, #3)",True,[412654],False,[]
290493,"BSC in the USA (The Baby-Sitters Club Super Special, #14)",True,"[46368, 84028, 290495, 290502, 290512, 371080]",False,[]
290495,"Aloha, Baby-sitters! (The Baby-Sitters Club Super Special, #13)",True,"[46368, 84028, 290502, 290512, 371080]",True,[290493]
290500,"Mary Anne's Big Breakup (Baby-Sitters Club Friends Forever, #3)",True,"[558200, 558215]",True,"[275451, 371099, 256382, 371087, 794910]"
290502,"Baby-Sitters' Summer Vacation (The Baby-Sitters Club Super Special, #2)",True,[46368],True,"[371080, 290512, 84028, 290495, 290493]"
290512,"Baby-sitters' Island Adventure (The Baby-Sitters Club Super Special, #4)",True,"[46368, 290502, 371080]",True,"[84028, 290495, 290493]"
290661,"College Girls (Sweet Valley University, #1)",False,[],True,"[264540, 1581994, 416310, 416195, 416227, 234873, 416222, 416229, 275886, 416197, 416192, 416275]"
291896,"The Misfits (The Misfits, #1)",False,[],True,[23349304]
292381,"Jessica Takes Manhattan (Sweet Valley High Super Edition, #8)",True,"[250040, 260062, 397169]",True,[38530]
292388,"White Lies (Sweet Valley High, #52)",True,"[38514, 38520, 38532, 38601, 207433, 213999, 292403, 397178, 397183, 412132, 412179, 412211, 412238, 412253, 412360, 580954, 580956, 1297681, 1753335, 2143857]",True,"[397184, 290416, 412295, 38513, 412229, 412133, 412402, 12771, 38536]"
292390,"Prom Night (SVH Senior Year, #46)",True,"[38539, 393096, 412151, 412155, 412176, 412181, 412182, 412401]",True,[38531]
292401,The Patmans of Sweet Valley (Sweet Valley High Magna Editions #12),True,"[38511, 38517, 412178]",False,[]
292403,"Hostage! (Sweet Valley High, #26)",True,"[38520, 38601, 213999, 412132, 412238, 412253, 412360, 580954, 580956, 1297681, 1753335]",True,"[38514, 412211, 38532, 2143857, 397178, 207433, 397183, 412179, 292388, 397184, 290416, 412295, 38513, 412229, 412133, 412402, 12771, 38536]"
293089,"The Third Horror (99 Fear Street: The House of Evil, #3)",False,[],False,[]
293151,"Midnight Games (Fear Street Nights, #2)",True,[182598],False,[]
293152,"Broken Hearts (Fear Street Super Chiller, #4)",True,"[843086, 865734]",True,"[176563, 176343, 182599]"
293395,"Wolf Tower (Claidi Journals, #1)",False,[],False,[]
293413,"Coyote Moon (Buffy the Vampire Slayer: Season 1, #3)",True,"[293414, 293476]",False,[]
293414,"Night of the Living Rerun (Buffy the Vampire Slayer: Season 1, #2)",True,[293476],True,[293413]
293476,"Halloween Rain (Buffy the Vampire Slayer: Season 1, #1)",False,[],True,"[293414, 293413]"
293973,"Dark Angel (Night World, #4)",False,[],True,[3231308]
294691,"Holly's Story (Angels in Pink, #3)",True,[127446],False,[]
294707,"I Want to Live (Dawn Rochelle, #2)",True,[352753],True,"[352748, 127425]"
294735,"The Princess of Pop (Truth or Dare, #2)",True,"[1170445, 15777797]",True,"[18431723, 20409692]"
295117,"Vegan, Virgin, Valentine (V Valentine, #1)",False,[],True,[780604]
295323,Spirit Walker (Chronicles of Ancient Darkness #2),False,[],False,[]
295741,"Evil Genius (Genius, #1)",False,[],True,[2175645]
296188,The Secret Under My Skin,False,[],False,[]
298567,"Revenge of the Witch (The Last Apprentice / Wardstone Chronicles, #1)",False,[],True,"[2899121, 6097180, 12236872]"
298730,"Among the Barons (Shadow Children, #4)",True,"[227651, 303460, 303472]",True,"[303454, 103815, 303455]"
301023,"ttyl (Internet Girls, #1)",False,[],True,"[301024, 563321, 20701994]"
301024,"ttfn (Internet Girls, #2)",True,[301023],True,"[563321, 20701994]"
301028,"Mates, Dates, and Sizzling Summers (Mates, Dates, #12)",True,"[301029, 301030, 301032, 301033, 301035, 301038, 301040, 710969]",False,[]
301029,"Mates, Dates, and Mad Mistakes (Mates, Dates, #6)",True,"[301038, 301040, 710969]",True,"[301030, 301033, 301032, 301035, 301028]"
301030,"Mates, Dates, and Sequin Smiles (Mates, Dates #7)",True,"[301029, 301038, 301040, 710969]",True,"[301033, 301032, 301035, 301028]"
301032,"Mates, Dates, and Great Escapes (Mates, Dates, #9)",True,"[301029, 301030, 301033, 301038, 301040, 710969]",True,"[301035, 301028]"
301033,"Mates, Dates, and Tempting Trouble (Mates, Dates, #8)",True,"[301029, 301030, 301038, 301040, 710969]",True,"[301032, 301035, 301028]"
301035,"Mates, Dates, and Chocolate Cheats (Mates, Dates, #10)",True,"[301029, 301030, 301032, 301033, 301038, 301040, 710969]",True,[301028]
301038,"Mates, Dates, and Sleepover Secrets (Mates, Dates, #4)",True,[710969],True,"[301040, 301029, 301030, 301033, 301032, 301035, 301028]"
301040,"Mates, Dates, and Sole Survivors (Mates, Dates, #5)",True,"[301038, 710969]",True,"[301029, 301030, 301033, 301032, 301035, 301028]"
301893,"Attack on Petra: Through the Inferno (Left Behind: The Kids, #33)",True,"[85967, 127574, 169807, 421967, 421969, 520408, 556869, 556873, 556875, 556879, 610415, 610434, 987179, 1751297]",True,[556881]
302949,"Claudia and the Great Search (The Baby-Sitters Club, #33)",True,"[233747, 774631, 1382964]",True,"[233789, 371100, 776140, 646484, 363364, 774632, 48954, 558321, 371075, 558315, 371067, 558296]"
303197,Spirited,False,[],False,[]
303200,"Wicked: Witch & Curse (Wicked, #1-2)",False,[],False,[]
303216,"Sabrina the Teenage Witch (Sabrina the Teenage Witch, #1)",False,[],True,"[303354, 303347, 303341, 303309, 303279, 303275, 457358, 303294, 303301, 303257, 303276]"
303257,"Fortune Cookie Fox (Sabrina the Teenage Witch, #26)",True,"[303216, 303275, 303279, 303294, 303301, 303309, 303341, 303347, 303354, 457358]",True,[303276]
303275,"Prisoner of Cabin 13 (Sabrina the Teenage Witch, #11)",True,"[303216, 303279, 303309, 303341, 303347, 303354]",True,"[457358, 303294, 303301, 303257, 303276]"
303276,"Sabrina Goes To Rome (Sabrina the Teenage Witch, #53)",True,"[303216, 303257, 303275, 303279, 303294, 303301, 303309, 303341, 303347, 303354, 457358]",False,[]
303279,"Salem on Trial (Sabrina the Teenage Witch, #8)",True,"[303216, 303309, 303341, 303347, 303354]",True,"[303275, 457358, 303294, 303301, 303257, 303276]"
303294,"I'll Zap Manhattan (Sabrina the Teenage Witch, #18)",True,"[303216, 303275, 303279, 303309, 303341, 303347, 303354, 457358]",True,"[303301, 303257, 303276]"
303301,"Bridal Bedlam (Sabrina the Teenage Witch, #23)",True,"[303216, 303275, 303279, 303294, 303309, 303341, 303347, 303354, 457358]",True,"[303257, 303276]"
303309,"All You Need Is a Love Spell (Sabrina the Teenage Witch, #7)",True,"[303216, 303341, 303347, 303354]",True,"[303279, 303275, 457358, 303294, 303301, 303257, 303276]"
303341,"Ben There, Done That (Sabrina The Teenage Witch, #6)",True,"[303216, 303347, 303354]",True,"[303309, 303279, 303275, 457358, 303294, 303301, 303257, 303276]"
303347,"Santa's Little Helper (Sabrina the Teenage Witch, #5)",True,"[303216, 303354]",True,"[303341, 303309, 303279, 303275, 457358, 303294, 303301, 303257, 303276]"
303354,"Halloween Havoc (Sabrina the Teenage Witch, #4)",True,[303216],True,"[303347, 303341, 303309, 303279, 303275, 457358, 303294, 303301, 303257, 303276]"
303454,"Among the Brave (Shadow Children, #5)",True,"[227651, 298730, 303460, 303472]",True,"[103815, 303455]"
303455,"Among the Free (Shadow Children, #7)",True,"[103815, 227651, 298730, 303454, 303460, 303472]",False,[]
303460,"Among the Betrayed (Shadow Children, #3)",True,"[227651, 303472]",True,"[298730, 303454, 103815, 303455]"
303472,"Among the Impostors (Shadow Children, #2)",True,[227651],True,"[303460, 298730, 303454, 103815, 303455]"
303948,"A Time for Dancing (A Time for Dancing, #1)",False,[],False,[]
307791,"The City of Ember (Book of Ember, #1)",False,[],True,"[3467, 207034, 2493973]"
310894,"The Silent Scream (Nightmare Hall, #1)",False,[],True,"[601547, 1950675, 2031521, 1792797, 1792795, 1116578, 601562, 2031495, 601573, 601563, 601549]"
311840,"The Body of Christopher Creed (Steepleton Chronicles, #1)",False,[],False,[]
316445,Luna,False,[],False,[]
316701,"Love From London (The Principles of Love, #3)",False,[],True,"[521037, 1804876]"
318016,"The Mother-Daughter Book Club (The Mother-Daughter Book Club, #1)",False,[],False,[]
318404,"Drums, Girls & Dangerous Pie (Drums, Girls & Dangerous Pie, #1)",False,[],True,[6693329]
319421,"The Gospel According to Larry (Gospel According to Larry, #1)",False,[],False,[]
321645,"Kissed by an Angel/The Power of Love/Soulmates (Kissed by an Angel, #1-3)",False,[],False,[]
324918,"Hit and Run Holiday (The Nancy Drew Files, #5)",True,"[48775, 439418]",True,"[1693030, 48816, 1259267, 1013353, 430522, 631121, 1013371, 557157, 64746, 1013437]"
325562,"Forbidden Secrets (Fear Street Sagas, #3)",True,"[176273, 182600]",True,"[176639, 523113, 176619]"
330843,"Betrayed (Fingerprints, #5)",True,"[553526, 553527, 644197, 669540]",True,"[644194, 644195]"
331240,"Thieves Till We Die (Thieves Like Us, #2)",True,[451152],True,[3244027]
332402,"Revenge of the Homecoming Queen (Aspen Brooks, #1)",False,[],True,"[1445890, 4906733]"
332775,"Incarceron (Incarceron, #1)",False,[],True,[4499214]
333920,"A Necklace of Water (Balefire, #4)",True,[333939],False,[]
333939,"A Chalice of Wind (Balefire, #1)",False,[],True,[333920]
335377,The Shadow of the Bear (A Fairy Tale Retold #1),False,[],True,"[1304163, 6013688]"
337058,Jacob Have I Loved,False,[],False,[]
345966,"Sorcerers of the Nightwing (The Ravenscliff, #1)",False,[],False,[]
346266,"Initiation (Vampire Beach, #2)",True,[346272],True,"[346268, 346267, 2474205, 2474204]"
346267,"Legacy (Vampire Beach, #4)",True,"[346266, 346268, 346272]",True,"[2474205, 2474204]"
346268,"Ritual (Vampire Beach, #3)",True,"[346266, 346272]",True,"[346267, 2474205, 2474204]"
346272,"Bloodlust (Vampire Beach, #1)",False,[],True,"[346266, 346268, 346267, 2474205, 2474204]"
349465,Chopstick (Forever Friends #1),False,[],True,"[15995501, 1176195, 611948]"
352748,"So Much to Live For (Dawn Rochelle, #3)",True,"[294707, 352753]",True,[127425]
352753,"Six Months to Live (Dawn Rochelle, #1)",False,[],True,"[294707, 352748, 127425]"
353016,"Tantalize (Tantalize, #1)",False,[],True,"[4936618, 8601666, 12146537]"
354520,"The Boys Next Door (The Boys Next Door, #1)",False,[],False,[]
356324,"Bloodlines (Vampire Twins, #1)",False,[],True,"[1013388, 1013391]"
357027,"Red Rider's Hood (Dark Fusion, #2)",False,[],False,[]
357091,"Dreamhunter (The Dreamhunter Duet, #1)",False,[],False,[]
357598,"The Bully (Bluford High, #5)",True,[357602],True,[65811]
357602,"A Matter of Trust (Bluford High, #2)",False,[],True,"[357598, 65811]"
360918,"Double or Die (Young Bond, #3)",True,"[278794, 603911]",True,"[1660794, 4634352]"
363364,"Stacey's Big Crush (The Baby-Sitters Club, #65)",True,"[233747, 233789, 302949, 371100, 646484, 774631, 776140, 1382964]",True,"[774632, 48954, 558321, 371075, 558315, 371067, 558296]"
363449,"It's My Life (Diary of a Teenage Girl: Caitlin, #2)",False,[],False,[]
367349,Before Midnight: A Retelling of Cinderella,False,[],False,[]
369293,"Cloning Miranda (Clone, #1)",False,[],True,"[16075240, 17427430]"
370131,"Fear Hall: The Beginning (Fear Street: Fear Hall, #1)",False,[],False,[]
370147,"The Dark Secret (Fear Street: The Cataluna Chronicles, #2)",True,[176610],True,[176281]
371067,"Abby in Wonderland (The Baby-Sitters Club, #121)",True,"[48954, 233747, 233789, 302949, 363364, 371075, 371100, 558315, 558321, 646484, 774631, 774632, 776140, 1382964]",True,[558296]
371075,"Dawn and Too Many Sitters (The Baby-Sitters Club, #98)",True,"[48954, 233747, 233789, 302949, 363364, 371100, 558321, 646484, 774631, 774632, 776140, 1382964]",True,"[558315, 371067, 558296]"
371080,"Baby-Sitters' Winter Vacation (The Baby-Sitters Club Super Special, #3)",True,"[46368, 290502]",True,"[290512, 84028, 290495, 290493]"
371087,"Stacey's Problem (Baby-Sitters Club Friends Forever, #10)",True,"[256382, 275451, 290500, 371099, 558200, 558215]",True,[794910]
371099,"Claudia Gets Her Guy (Baby-Sitters Club Friends Forever, #7)",True,"[275451, 290500, 558200, 558215]",True,"[256382, 371087, 794910]"
371100,"Mary Anne Misses Logan (The Baby-Sitters Club, #46)",True,"[233747, 233789, 302949, 774631, 1382964]",True,"[776140, 646484, 363364, 774632, 48954, 558321, 371075, 558315, 371067, 558296]"
371898,Click Here: To Find Out How I Survived Seventh Grade,False,[],False,[]
372284,"Pearl in the Mist (Landry, #2)",True,[563457],True,"[755301, 755300, 563461]"
377514,"I Promise (Christy and Todd, The College Years #3)",False,[],False,[]
381489,"Private (Private, #1)",True,[2943733],True,"[630104, 1783281, 1783289, 2206960, 3997399, 6693415, 9918277]"
385804,"The Witches of Willowmere (Willowmere Chronicles, #1)",False,[],True,[1183061]
386964,"The Christopher Killer (Forensic Mysteries, #1)",False,[],False,[]
389535,"Breathing Underwater (Breathing Underwater, #1)",False,[],False,[]
393086,"Betrayed (Fearless, #24)",True,"[39636, 39637, 39638, 39639, 115722, 282203, 282205, 282206, 282210, 285948]",True,"[1194929, 871182, 115723, 285951, 285952, 285947]"
393096,"Best of Enemies (SVH Senior Year, #39)",True,"[38539, 412151, 412155, 412176, 412181, 412182]",True,"[412401, 292390, 38531]"
393097,"In Love With A Prince (Sweet Valley High, #91 )",False,[],False,[]
394305,"One Evil Summer (Fear Street, #25)",True,"[89801, 89806, 176253, 176259, 176438, 176440, 176474, 176479, 176577, 176583, 176602, 176603, 176635, 176636, 176637, 182597, 656717]",True,"[176401, 176579, 89794, 89810, 176604, 176473, 89795, 89803]"
394724,Golden:  A Retelling of Rapunzel,False,[],False,[]
394726,Sunlight and Shadow: A Retelling of The Magic Flute,False,[],False,[]
395464,"The Luckiest Girl (First Love, #2)",True,[994232],False,[]
395849,"Heart of Valor (Wildworld, #2)",True,[1178862],False,[]
395851,"The Struggle (The Vampire Diaries, #2)",True,[395922],True,"[1169808, 395875]"
395875,"Dark Reunion (The Vampire Diaries, #4)",True,"[395851, 395922, 1169808]",False,[]
395922,"The Awakening (The Vampire Diaries, #1)",False,[],True,"[395851, 1169808, 395875]"
397169,"Special Christmas (Sweet Valley High Super Edition, #2)",True,[250040],True,"[260062, 292381, 38530]"
397178,"Hard Choices (Sweet Valley High, #43)",True,"[38514, 38520, 38532, 38601, 213999, 292403, 412132, 412211, 412238, 412253, 412360, 580954, 580956, 1297681, 1753335, 2143857]",True,"[207433, 397183, 412179, 292388, 397184, 290416, 412295, 38513, 412229, 412133, 412402, 12771, 38536]"
397183,"Decisions (Sweet Valley High, #46)",True,"[38514, 38520, 38532, 38601, 207433, 213999, 292403, 397178, 412132, 412211, 412238, 412253, 412360, 580954, 580956, 1297681, 1753335, 2143857]",True,"[412179, 292388, 397184, 290416, 412295, 38513, 412229, 412133, 412402, 12771, 38536]"
397184,"Second Chance (Sweet Valley High, #53)",True,"[38514, 38520, 38532, 38601, 207433, 213999, 292388, 292403, 397178, 397183, 412132, 412179, 412211, 412238, 412253, 412360, 580954, 580956, 1297681, 1753335, 2143857]",True,"[290416, 412295, 38513, 412229, 412133, 412402, 12771, 38536]"
397429,Twilight's Child (Cutler #3),True,"[397456, 660523]",True,"[563462, 563452]"
397432,"Butterfly (Orphans, #1)",False,[],True,"[397439, 43486]"
397434,"Wicked Forest (De Beers, #2)",True,[397436],True,"[397444, 43460, 43488]"
397436,"Willow (De Beers, #1)",False,[],True,"[397434, 397444, 43460, 43488]"
397439,"Brooke (Orphans, #3)",True,[397432],True,[43486]
397442,"Secrets in the Attic (Secrets, #1)",False,[],True,"[1632738, 9470985, 11164647]"
397444,"Twisted Roots (De Beers, #3)",True,"[397434, 397436]",True,"[43460, 43488]"
397454,"Cinnamon (Shooting Stars, #1)",False,[],True,"[43459, 43457, 43484, 660520]"
397456,"Dawn (Cutler, #1)",False,[],True,"[660523, 397429, 563462, 563452]"
397460,"Midnight Flight (Broken Wings, #2)",True,[397462],False,[]
397461,"Misty (Wildflowers, #1)",False,[],True,"[1104837, 894164, 72846, 639750]"
397462,"Broken Wings (Broken Wings, #1)",False,[],True,[397460]
397465,"Child of Darkness (Gemini, #3)",True,"[226682, 578338, 17450990]",False,[]
397468,"The Wildflowers (Wildflowers, #1-4)",False,[],False,[]
398479,"The Hunter's Moon (The Chronicles of Faerie, #1)",False,[],True,[729033]
398886,"Girls, Girls, Girls (The Black Book: Diary of a Teenage Stud, #1)",False,[],False,[]
400702,"Secrets of the Nile (Nancy Drew and the Hardy Boys: Super Mystery, #25)",True,"[278498, 278519, 278526, 439452, 557139, 803318]",True,"[243747, 278647, 760135]"
401731,Red Kayak,False,[],False,[]
402015,"Dancing in My Nuddy-Pants (Confessions of Georgia Nicolson, #4)",True,[112675],True,"[112693, 112631, 5170850]"
407353,"The Deceived (Forbidden Doors, #2)",True,[22465896],True,"[88522, 1265504, 407358, 88523, 88498, 1265503]"
407358,"The Guardian (Forbidden Doors, #5)",True,"[88522, 407353, 1265504, 22465896]",True,"[88523, 88498, 1265503]"
410370,"Perfect Strangers (Love Letters, #1)",False,[],True,"[876350, 679334, 83661]"
410615,"Green Angel (Green Angel, #1)",False,[],False,[]
411327,"April Fool! (Sweet Valley Twins, #28)",True,"[290400, 412596, 412602, 412607, 412692]",True,"[412606, 412587, 290404, 290459, 290417, 580917]"
412132,"Rags to Riches (Sweet Valley High, #16)",True,"[38520, 38601, 213999, 412238, 412253, 412360, 580954, 580956, 1297681, 1753335]",True,"[292403, 38514, 412211, 38532, 2143857, 397178, 207433, 397183, 412179, 292388, 397184, 290416, 412295, 38513, 412229, 412133, 412402, 12771, 38536]"
412133,"A Deadly Christmas (Sweet Valley High, #111)",True,"[38513, 38514, 38520, 38532, 38601, 207433, 213999, 290416, 292388, 292403, 397178, 397183, 397184, 412132, 412179, 412211, 412229, 412238, 412253, 412295, 412360, 580954, 580956, 1297681, 1753335, 2143857]",True,"[412402, 12771, 38536]"
412151,"Close to You (SVH Senior Year, #30)",True,"[412176, 412181, 412182]",True,"[38539, 412155, 393096, 412401, 292390, 38531]"
412155,"Be Mine (SVH Senior Year, #37)",True,"[38539, 412151, 412176, 412181, 412182]",True,"[393096, 412401, 292390, 38531]"
412176,"Can't Stay Away (SVH Senior Year, #1)",False,[],True,"[412182, 412181, 412151, 38539, 412155, 393096, 412401, 292390, 38531]"
412178,"The Fowlers of Sweet Valley (Sweet Valley High Magna Editions, #11)",True,"[38511, 38517]",True,[292401]
412179,"Playing for Keeps (Sweet Valley High, #49)",True,"[38514, 38520, 38532, 38601, 207433, 213999, 292403, 397178, 397183, 412132, 412211, 412238, 412253, 412360, 580954, 580956, 1297681, 1753335, 2143857]",True,"[292388, 397184, 290416, 412295, 38513, 412229, 412133, 412402, 12771, 38536]"
412181,"So Not Me (SVH Senior Year, #22)",True,"[412176, 412182]",True,"[412151, 38539, 412155, 393096, 412401, 292390, 38531]"
412182,"Split Decision (SVH Senior Year, #14)",True,[412176],True,"[412181, 412151, 38539, 412155, 393096, 412401, 292390, 38531]"
412211,"Jealous Lies (Sweet Valley High, #30)",True,"[38514, 38520, 38601, 213999, 292403, 412132, 412238, 412253, 412360, 580954, 580956, 1297681, 1753335]",True,"[38532, 2143857, 397178, 207433, 397183, 412179, 292388, 397184, 290416, 412295, 38513, 412229, 412133, 412402, 12771, 38536]"
412229,"The Boyfriend War (Sweet Valley High, #101)",True,"[38513, 38514, 38520, 38532, 38601, 207433, 213999, 290416, 292388, 292403, 397178, 397183, 397184, 412132, 412179, 412211, 412238, 412253, 412295, 412360, 580954, 580956, 1297681, 1753335, 2143857]",True,"[412133, 412402, 12771, 38536]"
412238,"Secrets (Sweet Valley High, #2)",False,[],True,"[38520, 412253, 1753335, 38601, 412360, 213999, 580954, 1297681, 580956, 412132, 292403, 38514, 412211, 38532, 2143857, 397178, 207433, 397183, 412179, 292388, 397184, 290416, 412295, 38513, 412229, 412133, 412402, 12771, 38536]"
412253,"Power Play (Sweet Valley High, #4)",True,"[38520, 412238]",True,"[1753335, 38601, 412360, 213999, 580954, 1297681, 580956, 412132, 292403, 38514, 412211, 38532, 2143857, 397178, 207433, 397183, 412179, 292388, 397184, 290416, 412295, 38513, 412229, 412133, 412402, 12771, 38536]"
412275,"Deadly Summer (Sweet Valley High Super Thriller, #4)",True,[70082],False,[]
412276,"Bruce's Story (Sweet Valley High Super Star, #2)",True,[2722092],True,"[412356, 2267473]"
412277,"Boy. Friend. (Sweet Valley Jr. High, #5)",True,[1476378],True,"[412363, 412395, 1297662, 1297663, 412387]"
412295,"My Best Friend's Boyfriend (Sweet Valley High, #87)",True,"[38514, 38520, 38532, 38601, 207433, 213999, 290416, 292388, 292403, 397178, 397183, 397184, 412132, 412179, 412211, 412238, 412253, 412360, 580954, 580956, 1297681, 1753335, 2143857]",True,"[38513, 412229, 412133, 412402, 12771, 38536]"
412356,"Enid's Story (Sweet Valley High, Super Star #3)",True,"[412276, 2722092]",True,[2267473]
412360,"Heart Breaker (Sweet Valley High, #8)",True,"[38520, 38601, 412238, 412253, 1753335]",True,"[213999, 580954, 1297681, 580956, 412132, 292403, 38514, 412211, 38532, 2143857, 397178, 207433, 397183, 412179, 292388, 397184, 290416, 412295, 38513, 412229, 412133, 412402, 12771, 38536]"
412363,"Too Popular (Sweet Valley Jr. High, #9)",True,"[412277, 1476378]",True,"[412395, 1297662, 1297663, 412387]"
412387,"She Loves Me... Not (Sweet Valley Jr. High, #19)",True,"[412277, 412363, 412395, 1297662, 1297663, 1476378]",False,[]
412395,"Keepin' it Real (Sweet Valley Jr. High, #16)",True,"[412277, 412363, 1476378]",True,"[1297662, 1297663, 412387]"
412401,"Cruise Control (SVH Senior Year, #44)",True,"[38539, 393096, 412151, 412155, 412176, 412181, 412182]",True,"[292390, 38531]"
412402,"Jessica's Older Guy (Sweet Valley High, #119)",True,"[38513, 38514, 38520, 38532, 38601, 207433, 213999, 290416, 292388, 292403, 397178, 397183, 397184, 412132, 412133, 412179, 412211, 412229, 412238, 412253, 412295, 412360, 580954, 580956, 1297681, 1753335, 2143857]",True,"[12771, 38536]"
412587,"The Twins Get Caught (Sweet Valley Twins, #41)",True,"[290400, 411327, 412596, 412602, 412606, 412607, 412692]",True,"[290404, 290459, 290417, 580917]"
412596,"Teamwork (Sweet Valley Twins, #27)",True,"[290400, 412602, 412607, 412692]",True,"[411327, 412606, 412587, 290404, 290459, 290417, 580917]"
412602,"Taking Charge (Sweet Valley Twins, #26)",True,"[290400, 412607, 412692]",True,"[412596, 411327, 412606, 412587, 290404, 290459, 290417, 580917]"
412606,"Danny Means Trouble (Sweet Valley Twins, #40)",True,"[290400, 411327, 412596, 412602, 412607, 412692]",True,"[412587, 290404, 290459, 290417, 580917]"
412607,"Claim to Fame (Sweet Valley Twins, #23)",True,"[290400, 412692]",True,"[412602, 412596, 411327, 412606, 412587, 290404, 290459, 290417, 580917]"
412654,The Ghost in the Graveyard (Sweet Valley Twins Super Chiller #2),False,[],True,[290480]
412656,Lila's Secret Valentine (Sweet Valley Twins Super Edition #5),True,"[290411, 290477]",False,[]
412692,"Centre of Attention (Sweet Valley Twins, #18)",True,[290400],True,"[412607, 412602, 412596, 411327, 412606, 412587, 290404, 290459, 290417, 580917]"
412724,"A Time to Die (One Last Wish, #1)",False,[],True,"[412753, 635212, 127427, 412742, 127442, 127426, 127420, 127422]"
412735,"Dawn Rochelle (Dawn Rochelle, #1-4)",False,[],False,[]
412742,"Sixteen and Dying (One Last Wish, #5)",True,"[127427, 412724, 412753, 635212]",True,"[127442, 127426, 127420, 127422]"
412753,"Mourning Song (One Last Wish, #2)",True,[412724],True,"[635212, 127427, 412742, 127442, 127426, 127420, 127422]"
412757,"Lifted Up by Angels (Angels, #2)",True,[127444],True,[887252]
416192,"Undercover Angels (Sweet Valley University, #35)",True,"[234873, 264540, 275886, 290661, 416195, 416197, 416222, 416227, 416229, 416310, 1581994]",True,[416275]
416195,"A Married Woman (Sweet Valley University, #5)",True,"[264540, 290661, 416310, 1581994]",True,"[416227, 234873, 416222, 416229, 275886, 416197, 416192, 416275]"
416197,"The Boys of Summer (Sweet Valley University, #32)",True,"[234873, 264540, 275886, 290661, 416195, 416222, 416227, 416229, 416310, 1581994]",True,"[416192, 416275]"
416222,"SS Heartbreak (Sweet Valley University, #13)",True,"[234873, 264540, 290661, 416195, 416227, 416310, 1581994]",True,"[416229, 275886, 416197, 416192, 416275]"
416227,"The Love of Her Life (Sweet Valley University, #6)",True,"[264540, 290661, 416195, 416310, 1581994]",True,"[234873, 416222, 416229, 275886, 416197, 416192, 416275]"
416229,"Billie's Secret (Sweet Valley University, #18)",True,"[234873, 264540, 290661, 416195, 416222, 416227, 416310, 1581994]",True,"[275886, 416197, 416192, 416275]"
416275,"Private Jessica (Sweet Valley University, #40)",True,"[234873, 264540, 275886, 290661, 416192, 416195, 416197, 416222, 416227, 416229, 416310, 1581994]",False,[]
416310,"Anything for Love (Sweet Valley University, #4)",True,"[264540, 290661, 1581994]",True,"[416195, 416227, 234873, 416222, 416229, 275886, 416197, 416192, 416275]"
420135,"Jake Finds Out (Making Out, #2)",False,[],True,"[1044859, 1044858, 1910457, 1910468, 3077980, 1910478, 1910425]"
420416,"Sword Play (The Seer, #4)",True,"[452141, 651901, 814487]",True,"[1396684, 9151683]"
421536,"Alice on Her Way (Alice, #17)",True,"[66905, 66929, 563485, 914120, 6482983]",True,"[66899, 66898, 2543866, 5711724, 12243374]"
421967,"The Underground: The Young Trib Force Fights Back (Left Behind: The Kids, #6)",True,"[85967, 127574]",True,"[556875, 421969, 556869, 520408, 556873, 1751297, 169807, 987179, 610434, 556879, 610415, 301893, 556881]"
421969,"Into the Storm: The Search for Secret Documents (Left Behind: The Kids, #11)",True,"[85967, 127574, 421967, 556875]",True,"[556869, 520408, 556873, 1751297, 169807, 987179, 610434, 556879, 610415, 301893, 556881]"
424069,"The Challenge Box (Circle of Three, #14)",True,[272791],False,[]
424097,"Like Mother, Like Daughter (Gilmore Girls, #1)",False,[],True,"[424100, 424107, 228855]"
424100,"I Love You, You Idiot (Gilmore Girls, #2)",True,[424097],True,"[424107, 228855]"
424107,"I Do, Don't I? (Gilmore Girls, #3)",True,"[424097, 424100]",True,[228855]
424733,"I Do (Love Stories For Young Adults, #35)",True,"[197916, 202170, 276546, 431543, 452826, 522893, 556699, 665458, 774406, 781131, 947836]",True,"[690472, 479430, 1044379]"
428036,"Skybreaker (Matt Cruse, #2)",True,[428042],True,[3407703]
428042,"Airborn (Matt Cruse, #1)",False,[],True,"[428036, 3407703]"
428263,"Eclipse (Twilight, #3)",True,"[41865, 49041, 4502877]",True,"[7937462, 1162543, 3609763]"
430522,"Fatal Attraction (The Nancy Drew Files, #22)",True,"[48775, 48816, 324918, 439418, 1013353, 1259267, 1693030]",True,"[631121, 1013371, 557157, 64746, 1013437]"
431543,"Love Changes Everything (Love Stories For Young Adults, #6)",True,[556699],True,"[452826, 947836, 781131, 522893, 665458, 197916, 774406, 202170, 276546, 424733, 690472, 479430, 1044379]"
435454,"The Soccer Field Is Empty (Gay Youth Chronicles, #3)",False,[],False,[]
436229,"Face the Music (Diary of a Teenager Girl: Chloe, #4)",False,[],False,[]
436233,"Road Trip (Diary of a Teenage Girl: Chloe, #3)",False,[],False,[]
439275,"Princess in the Spotlight (The Princess Diaries, #2)",True,[38980],True,"[93728, 93729, 93727, 93731, 93739, 93732, 23215471]"
439288,Speak,False,[],False,[]
439418,"Secrets Can Kill (The Nancy Drew Files, #1)",False,[],True,"[48775, 324918, 1693030, 48816, 1259267, 1013353, 430522, 631121, 1013371, 557157, 64746, 1013437]"
439452,Buried in Time (Nancy Drew and the Hardy Boys: Super Mystery #7),True,[278526],True,"[278498, 803318, 278519, 557139, 400702, 243747, 278647, 760135]"
439888,"Agent Out (Fearless FBI, #3)",True,"[282202, 439901]",True,[710247]
439895,"A Royal Pain (Elizabeth, #3)",True,"[439902, 2020248]",True,"[1882516, 646279, 1889311]"
439901,"Live Bait (Fearless FBI, #2)",True,[282202],True,"[439888, 710247]"
439902,"University, Interrupted (Elizabeth, #1)",False,[],True,"[2020248, 439895, 1882516, 646279, 1889311]"
442196,Blood Red Roses (Twilight: Where Darkness Begins #8),True,"[1556929, 3672506]",True,"[264337, 2034205]"
442819,"Goddess of the Night (Daughters of the Moon, #1)",False,[],True,"[181439, 202632, 181426, 181423, 181424, 181425, 181431, 59250, 181437, 181427, 1020421]"
444307,"The Dying Kingdom (Dragonlance: The New Adventures, #2)",False,[],True,[534473]
444600,Max the Mighty (Freak The Mighty #2),True,[8953],False,[]
446293,"Spring Break (The OC, #4)",True,[7579164],True,"[52489, 1090202]"
446608,"True Love (Caitlin: Love Trilogy, #3)",True,"[446609, 446611]",False,[]
446609,"Loving (Caitlin: Love Trilogy, #1)",False,[],True,"[446611, 446608]"
446611,"Love Lost (Caitlin: Love Trilogy, #2)",True,[446609],True,[446608]
446848,"Sterling's Second Chance (Thoroughbred, #26)",True,[1252452],True,"[1252496, 1252440, 791928, 791929, 1252481, 1252450, 207576, 450665]"
448873,"The Thief (The Queen's Thief, #1)",False,[],True,"[40159, 8306741]"
450665,"Melanie's Double Jinx (Thoroughbred, #69)",True,"[207576, 446848, 791928, 791929, 1252440, 1252450, 1252452, 1252481, 1252496]",False,[]
451152,"Thieves Like Us (Thieves Like Us, #1)",False,[],True,"[331240, 3244027]"
452141,"Don't Die, Dragonfly (The Seer, #1)",False,[],True,"[651901, 814487, 420416, 1396684, 9151683]"
452826,"More Than a Friend (Love Stories For Young Adults, #7)",True,"[431543, 556699]",True,"[947836, 781131, 522893, 665458, 197916, 774406, 202170, 276546, 424733, 690472, 479430, 1044379]"
457350,The Rose Bride: A Retelling of The White Bride and the Black Bride,False,[],False,[]
457358,"Spying Eyes (Sabrina the Teenage Witch, #14)",True,"[303216, 303275, 303279, 303309, 303341, 303347, 303354]",True,"[303294, 303301, 303257, 303276]"
459700,"Why I Let My Hair Grow Out (Morgan Rawlinson, #1)",False,[],True,[3065773]
475385,"Kathleen (Sunfire, #8)",True,"[475391, 646420, 841052]",True,"[1242843, 1651909, 273585, 475387, 888173, 1242836, 1242830, 1242831, 841054, 1242840]"
475387,"Nicole (Sunfire, #19)",True,"[273585, 475385, 475391, 646420, 841052, 1242843, 1651909]",True,"[888173, 1242836, 1242830, 1242831, 841054, 1242840]"
475391,"Amanda (Sunfire, #1)",False,[],True,"[646420, 841052, 475385, 1242843, 1651909, 273585, 475387, 888173, 1242836, 1242830, 1242831, 841054, 1242840]"
475457,"Orphans (Orphans, #1-4)",False,[],False,[]
477338,"Blue is for Nightmares (Blue is for Nightmares, #1)",False,[],True,"[493124, 493123, 101914]"
479260,"Camilla (Camilla, #1)",False,[],False,[]
479311,"Dragons in the Waters (O'Keefe Family, #2)",True,[208909],True,[2811]
479430,"Paris: Alex & Dana (Love Stories For Young Adults, #49)",True,"[197916, 202170, 276546, 424733, 431543, 452826, 522893, 556699, 665458, 690472, 774406, 781131, 947836]",True,[1044379]
479650,"The Fall (Cherub, #7)",True,"[655601, 828482, 828483, 1166131, 1291211, 1303564]",True,"[2025787, 1291212]"
483859,"Angels on Sunset Boulevard (Angels on Sunset Boulevard, #1)",False,[],False,[]
488946,"Closer Than Ever (Sierra Jensen, #11)",False,[],True,[488965]
488965,"Take My Hand (Sierra Jensen, #12)",True,[488946],False,[]
488981,"True Friends (Christy Miller, #7)",False,[],False,[]
491858,"Horse Whispers (Saddle Club, #74)",True,"[791606, 850396, 2551237]",True,"[850392, 850391]"
491944,"How to Ruin a Summer Vacation (How to Ruin, #1)",False,[],True,[1122428]
493123,"Silver Is for Secrets (Blue is for Nightmares, #3)",True,"[477338, 493124]",True,[101914]
493124,"White Is for Magic (Blue is for Nightmares, #2)",True,[477338],True,"[493123, 101914]"
493491,Blood Sinister,False,[],False,[]
493559,"If We Kiss (If We Kiss, #1)",False,[],False,[]
500743,"The Wizard Heir (The Heir Chronicles, #2)",True,[213647],True,"[2866413, 18395233, 9409614, 18469705]"
501689,"Mediterranean Holiday: Or, How I Moved to a Tiny Island and Found the Love of My Life",False,[],False,[]
501759,"Spanish Holiday: Or, How I Transformed the Worst Vacation Ever into the Best Summer of My Life",False,[],False,[]
501837,"Girl Stays in the Picture (Girl, #1)",False,[],False,[]
501851,"The Ashleys (The Ashleys, #1)",False,[],True,[2453148]
501909,"The Faerie Path (Faerie Path, #1)",False,[],True,"[501910, 1839075, 8448478]"
501910,"The Lost Queen (Faerie Path, #2)",True,[501909],True,"[1839075, 8448478]"
502301,"A Non-Blonde Cheerleader in Love (Cheerleader Trilogy, #3)",True,"[260042, 752540]",False,[]
505636,"Jaguar (Jacob Lansa, #2)",True,[839553],False,[]
515620,"What Janie Found (Janie Johnson, #4)",True,"[259978, 260037]",False,[]
516182,"The Boy Book: A Study of Habits and Behaviors, Plus Techniques for Taming Them (Ruby Oliver, #2)",False,[],True,[8013391]
518848,"Sabriel (Abhorsen,  #1)",False,[],True,[23302838]
519546,Creatures of Forever (The Last Vampire #6),True,"[84073, 137970, 137972, 519548, 771712]",False,[]
519548,Evil Thirst (The Last Vampire #5),True,"[84073, 137970, 137972, 771712]",True,[519546]
519616,"The End of the Rainbow (Hudson, #4)",True,"[226687, 226708, 226720]",False,[]
519767,"Life as a Poser (The 310, #1)",False,[],True,[562934]
520408,"The Showdown: Behind Enemy Lines (Left Behind: The Kids, #13)",True,"[85967, 127574, 421967, 421969, 556869, 556875]",True,"[556873, 1751297, 169807, 987179, 610434, 556879, 610415, 301893, 556881]"
521037,"Labor of Love (The Principles of Love, #6)",True,[316701],True,[1804876]
522471,Hope Was Here,False,[],False,[]
522893,"It's a Prom Thing (Love Stories For Young Adults, #19)",True,"[431543, 452826, 556699, 781131, 947836]",True,"[665458, 197916, 774406, 202170, 276546, 424733, 690472, 479430, 1044379]"
523067,"Heartbreaker (Horror High, #3)",True,[7466728],True,"[8195852, 7153515, 523079]"
523079,"Pep Rally (Horror High, #7)",True,"[523067, 7153515, 7466728, 8195852]",False,[]
523089,The Ashton Horror (Dark Forces #12),True,"[568541, 1914976, 1942556, 1942669]",True,[227084]
523113,"Children of Fear (Fear Street Sagas, #7)",True,"[176273, 176639, 182600, 325562]",True,[176619]
526178,"The Fetch (The Runestone Saga, #1)",False,[],False,[]
526764,"Dreams of the Ringed Vale (Luthiel's Song, #1)",False,[],False,[]
530848,"Eighth Grade Bites (The Chronicles of Vladimir Tod, #1)",False,[],True,"[2272813, 6178065, 7818881]"
534473,"Dragon Spell (Dragonlance: The New Adventures, #8)",True,[444307],False,[]
536982,"The Never War (Pendragon, #3)",True,"[215543, 833710]",True,"[147801, 215542, 215540]"
540181,"The Salvation (Roswell High, #10)",True,[540186],False,[]
540186,"The Wild One (Roswell High, #2)",False,[],True,[540181]
542317,"April Fools (Point Horror, #7)",True,"[1156197, 1263346]",True,"[829346, 259993, 89796]"
542318,The Mall,False,[],False,[]
542414,Scorpia,False,[],False,[]
544257,"Midnight Alley (The Morganville Vampires, #3)",True,[261122],True,"[2295829, 15712186, 3558003, 5212771, 11215073, 6289938, 7091713, 7600922, 10549501, 9526658, 13414055, 15739817, 15746882]"
544424,"Leaving Paradise (Leaving Paradise, #1)",False,[],True,[7797874]
544891,"Beastly (Beastly, #1; Kendra Chronicles, #1)",False,[],True,"[11859244, 19278261]"
546773,Sharp North,False,[],False,[]
548609,"Surviving the Applewhites (Applewhites, #1)",False,[],False,[]
550557,"Taken  (Left Behind: The Kids, #1-4)",False,[],False,[]
553526,"Secrets (Fingerprints, #4)",True,"[553527, 644197, 669540]",True,"[330843, 644194, 644195]"
553527,"Haunted (Fingerprints, #2)",True,[644197],True,"[669540, 553526, 330843, 644194, 644195]"
554194,"The Clique (The Clique, #1)",False,[],True,"[833745, 6443321, 7884756]"
556136,The Wednesday Wars,False,[],False,[]
556699,"How to Kiss a Guy (Love Stories For Young Adults, #3)",False,[],True,"[431543, 452826, 947836, 781131, 522893, 665458, 197916, 774406, 202170, 276546, 424733, 690472, 479430, 1044379]"
556869,"Earthquake!: The Young Trib Force Faces Disaster (Left Behind: The Kids, #12)",True,"[85967, 127574, 421967, 421969, 556875]",True,"[520408, 556873, 1751297, 169807, 987179, 610434, 556879, 610415, 301893, 556881]"
556873,"Judgment Day: Into Raging Waters (Left Behind: The Kids, #14)",True,"[85967, 127574, 421967, 421969, 520408, 556869, 556875]",True,"[1751297, 169807, 987179, 610434, 556879, 610415, 301893, 556881]"
556875,"The Search: The Struggle to Survive (Left Behind: The Kids, #9)",True,"[85967, 127574, 421967]",True,"[421969, 556869, 520408, 556873, 1751297, 169807, 987179, 610434, 556879, 610415, 301893, 556881]"
556879,"Wildfire: Into the Great Tribulation (Left Behind: The Kids, #27)",True,"[85967, 127574, 169807, 421967, 421969, 520408, 556869, 556873, 556875, 610434, 987179, 1751297]",True,"[610415, 301893, 556881]"
556881,"The Road to War: Facing the Guillotine (Left Behind: The Kids, #39)",True,"[85967, 127574, 169807, 301893, 421967, 421969, 520408, 556869, 556873, 556875, 556879, 610415, 610434, 987179, 1751297]",False,[]
557139,"Tropic of Fear (Nancy Drew and the Hardy Boys: Super Mystery, #14)",True,"[278498, 278519, 278526, 439452, 803318]",True,"[400702, 243747, 278647, 760135]"
557147,The Last Resort (A Nancy Drew and Hardy Boys: Super Mystery #5),True,"[157047, 157066, 157080]",False,[]
557157,"A Model Crime (The Nancy Drew Files, #51)",True,"[48775, 48816, 324918, 430522, 439418, 631121, 1013353, 1013371, 1259267, 1693030]",True,"[64746, 1013437]"
558200,"Stacey vs. Claudia (Baby-Sitters Club Friends Forever, #2)",True,[558215],True,"[290500, 275451, 371099, 256382, 371087, 794910]"
558215,"Kristy's Big News (Baby-Sitters Club Friends Forever, #1)",False,[],True,"[558200, 290500, 275451, 371099, 256382, 371087, 794910]"
558296,"Kristy at Bat (The Baby-Sitters Club, #129)",True,"[48954, 233747, 233789, 302949, 363364, 371067, 371075, 371100, 558315, 558321, 646484, 774631, 774632, 776140, 1382964]",False,[]
558303,Logan's Story,False,[],False,[]
558315,"Kristy Thomas, Dog Trainer (The Baby-Sitters Club, #118)",True,"[48954, 233747, 233789, 302949, 363364, 371075, 371100, 558321, 646484, 774631, 774632, 776140, 1382964]",True,"[371067, 558296]"
558321,"Abby's Lucky Thirteen (The Baby-Sitters Club, #96)",True,"[48954, 233747, 233789, 302949, 363364, 371100, 646484, 774631, 774632, 776140, 1382964]",True,"[371075, 558315, 371067, 558296]"
561403,"The It Girl (It Girl, #1)",False,[],True,"[2251262, 3392571, 5644886, 6425484]"
561456,"The Titan's Curse (Percy Jackson and the Olympians, #3)",True,[28187],True,"[2120932, 28139720, 4502507]"
562934,"Boy Trouble (The 310, #3)",True,[519767],False,[]
563321,"l8r, g8r (Internet Girls, #3)",True,"[301023, 301024]",True,[20701994]
563452,"Darkest Hour (Cutler, #5)",True,"[397429, 397456, 563462, 660523]",False,[]
563456,"Olivia (Logan, #5)",True,"[43489, 660521, 660524]",False,[]
563457,"Ruby (Landry, #1)",False,[],True,"[372284, 755301, 755300, 563461]"
563458,"Fallen Hearts (Casteel, #3)",True,[787660],True,"[53072, 755299]"
563461,"Tarnished Gold (Landry, #5)",True,"[372284, 563457, 755300, 755301]",False,[]
563462,Midnight Whispers (Cutler #4),True,"[397429, 397456, 660523]",True,[563452]
563485,"Simply Alice (Alice, #14)",True,"[66929, 914120, 6482983]",True,"[66905, 421536, 66899, 66898, 2543866, 5711724, 12243374]"
568541,Eyes of the Tarot (Dark Forces #9),True,"[1914976, 1942556, 1942669]",True,"[523089, 227084]"
568645,"Cross My Heart and Hope to Spy (Gallagher Girls, #2)",True,[852470],True,"[16301336, 5267365, 6950688, 10560331, 13580951, 18759207]"
575272,"Team Trouble (The Gymnasts, #21)",True,"[1330552, 1772943, 3928717, 3928725, 3928726, 3928727, 13046066]",True,[575273]
575273,"Go for the Gold (The Gymnasts, #22)",True,"[575272, 1330552, 1772943, 3928717, 3928725, 3928726, 3928727, 13046066]",False,[]
576839,"Exodus (Exodus, #1)",False,[],False,[]
578338,"Celeste (Gemini, #1)",False,[],True,"[17450990, 226682, 397465]"
578871,"Sue Barton, Visiting Nurse (Sue Barton, #3)",True,"[1228367, 1420743]",False,[]
580917,"Amy's Secret Sister (Sweet Valley Twins, #83)",True,"[290400, 290404, 290417, 290459, 411327, 412587, 412596, 412602, 412606, 412607, 412692]",False,[]
580954,"Too Good to be True (Sweet Valley High, #11)",True,"[38520, 38601, 213999, 412238, 412253, 412360, 1753335]",True,"[1297681, 580956, 412132, 292403, 38514, 412211, 38532, 2143857, 397178, 207433, 397183, 412179, 292388, 397184, 290416, 412295, 38513, 412229, 412133, 412402, 12771, 38536]"
580956,"Kidnapped! (Sweet Valley High, #13)",True,"[38520, 38601, 213999, 412238, 412253, 412360, 580954, 1297681, 1753335]",True,"[412132, 292403, 38514, 412211, 38532, 2143857, 397178, 207433, 397183, 412179, 292388, 397184, 290416, 412295, 38513, 412229, 412133, 412402, 12771, 38536]"
588723,"Beyond the Chocolate War (Chocolate War, #2)",True,[17162],False,[]
592783,"Snakecharm (The Kiesha'ra, #2)",True,[30334],False,[]
595375,Annie on My Mind,False,[],False,[]
596963,Blackbringer (Faeries of Dreamdark #1),False,[],False,[]
601369,"Girls That Growl (Blood Coven Vampire, #3)",True,"[38564, 39346]",True,"[7940923, 10508192]"
601547,"The Roommate (Nightmare Hall, #2)",True,[310894],True,"[1950675, 2031521, 1792797, 1792795, 1116578, 601562, 2031495, 601573, 601563, 601549]"
601549,"Revenge (Nightmare Hall, #26)",True,"[310894, 601547, 601562, 601563, 601573, 1116578, 1792795, 1792797, 1950675, 2031495, 2031521]",False,[]
601562,"Last Date (Nightmare Hall, #11)",True,"[310894, 601547, 1116578, 1792795, 1792797, 1950675, 2031521]",True,"[2031495, 601573, 601563, 601549]"
601563,"The Biker (Nightmare Hall, #24)",True,"[310894, 601547, 601562, 601573, 1116578, 1792795, 1792797, 1950675, 2031495, 2031521]",True,[601549]
601573,"The Coffin (Nightmare Hall, #19)",True,"[310894, 601547, 601562, 1116578, 1792795, 1792797, 1950675, 2031495, 2031521]",True,"[601563, 601549]"
601575,Prom Date,False,[],False,[]
603189,"The Possessed (Dark Visions, #2)",True,[258468],False,[]
603911,"SilverFin (Young Bond, #1)",False,[],True,"[278794, 360918, 1660794, 4634352]"
610415,"Breakout!: Believers in Danger (Left Behind: The Kids, #29)",True,"[85967, 127574, 169807, 421967, 421969, 520408, 556869, 556873, 556875, 556879, 610434, 987179, 1751297]",True,"[301893, 556881]"
610434,"Escape from New Babylon: Discovering New Believers (Left Behind: The Kids, #22)",True,"[85967, 127574, 169807, 421967, 421969, 520408, 556869, 556873, 556875, 987179, 1751297]",True,"[556879, 610415, 301893, 556881]"
611948,Daisy Chains (Forever Friends #3),True,"[349465, 1176195, 15995501]",False,[]
615359,Shark Girl,False,[],False,[]
615939,"The Silver Moon Elm (Jennifer Scales, #3)",True,"[615943, 615947]",True,"[3551707, 7194006]"
615943,"Jennifer Scales and the Messenger of Light (Jennifer Scales, #2)",True,[615947],True,"[615939, 3551707, 7194006]"
615947,"Jennifer Scales and the Ancient Furnace (Jennifer Scales, #1)",False,[],True,"[615943, 615939, 3551707, 7194006]"
619889,"The Summoning (Sisters of Isis, #1)",False,[],False,[]
625859,"Hex (Hex, #1)",False,[],True,[1002703]
630104,"Inner Circle (Private, #5)",True,"[381489, 2943733]",True,"[1783281, 1783289, 2206960, 3997399, 6693415, 9918277]"
631121,"Most Likely to Die (Nancy Drew: Files, #27)",True,"[48775, 48816, 324918, 430522, 439418, 1013353, 1259267, 1693030]",True,"[1013371, 557157, 64746, 1013437]"
633792,"Arrival (Smallville Series for Young Adults, #1)",False,[],True,"[633804, 633794, 633805, 633803]"
633794,"Speed (Smallville Series for Young Adults, #5)",True,"[633792, 633804]",True,"[633805, 633803]"
633803,"Temptation (Smallville Series for Young Adults, #9)",True,"[633792, 633794, 633804, 633805]",False,[]
633804,"Flight (Smallville Series for Young Adults, #3)",True,[633792],True,"[633794, 633805, 633803]"
633805,"Buried Secrets (Smallville Series for Young Adults, #6)",True,"[633792, 633794, 633804]",True,[633803]
635212,"Mother, Help Me Live (One Last Wish, #3)",True,"[412724, 412753]",True,"[127427, 412742, 127442, 127426, 127420, 127422]"
639750,"Into the Garden (Wildflowers, #5)",True,"[72846, 397461, 894164, 1104837]",False,[]
639754,"Downsiders (Downsiders, #1)",False,[],False,[]
642313,"Small Eternities (Withern Rise, #2)",False,[],True,[642316]
642316,"The Underwood See (Withern Rise, #3)",True,[642313],False,[]
642728,Breaking Through,False,[],False,[]
643298,Darkness Creeping: Twenty Twisted Tales,False,[],False,[]
644194,"Revelations (Fingerprints, #6)",True,"[330843, 553526, 553527, 644197, 669540]",True,[644195]
644195,"Payback (Fingerprints, #7)",True,"[330843, 553526, 553527, 644194, 644197, 669540]",False,[]
644197,"Gifted Touch (Fingerprints, #1)",False,[],True,"[553527, 669540, 553526, 330843, 644194, 644195]"
645886,"Out of the Darkness (Heartland, #7)",True,"[904942, 904965, 904966, 1002520, 17817631, 20483018]",True,"[904940, 904939, 904946, 904962, 904947, 904960, 904957, 1215871, 1215869, 1215870]"
646279,"Max's Choice (Elizabeth, #5)",True,"[439895, 439902, 1882516, 2020248]",True,[1889311]
646420,"Elizabeth (Sunfire, #3)",True,[475391],True,"[841052, 475385, 1242843, 1651909, 273585, 475387, 888173, 1242836, 1242830, 1242831, 841054, 1242840]"
646484,"Kristy for President (The Baby-Sitters Club, #53)",True,"[233747, 233789, 302949, 371100, 774631, 776140, 1382964]",True,"[363364, 774632, 48954, 558321, 371075, 558315, 371067, 558296]"
649514,"The Off Season (Dairy Queen, #2)",True,[16178],True,"[6318426, 17165898]"
651901,"Last Dance (The Seer, #2)",True,[452141],True,"[814487, 420416, 1396684, 9151683]"
655601,"Divine Madness (Cherub, #5)",True,"[828483, 1166131, 1291211, 1303564]",True,"[828482, 479650, 2025787, 1291212]"
656717,"The Prom Queen (Fear Street, #15)",True,"[89806, 176253, 176259, 176440, 176474, 176577, 176583, 176636, 176637, 182597]",True,"[176602, 176438, 176635, 176603, 89801, 176479, 394305, 176401, 176579, 89794, 89810, 176604, 176473, 89795, 89803]"
660175,"Rat-Catcher (Alpha Force, #2)",True,[984133],True,[984136]
660520,"Falling Stars (Shooting Stars, #5)",True,"[43457, 43459, 43484, 397454]",False,[]
660521,"Unfinished Symphony (Logan, #3)",True,[660524],True,"[43489, 563456]"
660523,"Secrets of the Morning (Cutler, #2)",True,[397456],True,"[397429, 563462, 563452]"
660524,"Melody (Logan, #1)",False,[],True,"[660521, 43489, 563456]"
662597,Cut,False,[],False,[]
665458,"He's Not What You Think (Love Stories For Young Adults, #21)",True,"[431543, 452826, 522893, 556699, 781131, 947836]",True,"[197916, 774406, 202170, 276546, 424733, 690472, 479430, 1044379]"
666966,"Ireland (Notes from a Spinning Planet, #1)",False,[],False,[]
669540,"Trust Me (Fingerprints, #3)",True,"[553527, 644197]",True,"[553526, 330843, 644194, 644195]"
673946,"Circus of the Darned (Ben and Fran, #2)",False,[],False,[]
675614,"Book of Shadows (Sweep, #1)",False,[],True,"[675615, 775981, 775977, 775983, 775976, 775975, 775987, 775971, 775973, 775974, 775986, 734199]"
675615,"The Coven (Sweep, #2)",True,[675614],True,"[775981, 775977, 775983, 775976, 775975, 775987, 775971, 775973, 775974, 775986, 734199]"
678891,Bloom,False,[],False,[]
679334,"The Write Stuff (Love Letters, #3)",True,"[410370, 876350]",True,[83661]
688191,"Everlost (Skinjacker, #1)",False,[],True,"[6390465, 7669259]"
690197,"Them (Remnants, #3)",True,"[781069, 18197223]",True,"[25443847, 286575, 286578, 286579]"
690472,"London: Kit & Robin (Love Stories For Young Adults, #48)",True,"[197916, 202170, 276546, 424733, 431543, 452826, 522893, 556699, 665458, 774406, 781131, 947836]",True,"[479430, 1044379]"
693208,The Absolutely True Diary of a Part-Time Indian,False,[],False,[]
700179,Party Line,False,[],False,[]
701564,"Shadow Falling (Avatars, #2)",True,[1985764],False,[]
704076,"Keeper (Paul Faustino, #1)",False,[],True,"[748635, 5139556]"
704609,"The Bar Code Rebellion (Bar Code, #2)",False,[],True,[13591666]
705303,Swede Dreams,False,[],False,[]
705693,"Jack's Run (Zach's Lie, #2)",False,[],False,[]
710247,"Naked Eye (Fearless FBI, #4)",True,"[282202, 439888, 439901]",False,[]
710969,"Mates, Dates, and Inflatable Bras (Mates, Dates, #1)",False,[],True,"[301038, 301040, 301029, 301030, 301033, 301032, 301035, 301028]"
712218,"Nothing But Drama (Good Girlz, #1)",False,[],True,"[793778, 2327727, 2427846, 3332202, 6605565]"
712725,"The Coming of Dragons (The Darkest Age, #1)",False,[],False,[]
714902,"Noughts & Crosses (Noughts & Crosses, #1)",False,[],True,"[13509478, 4002159]"
721003,Peak (Peak #1),False,[],True,[23719240]
725806,Water Song: A Retelling of The Frog Prince,False,[],False,[]
726458,"Only in Your Dreams (Gossip Girl, #9)",True,"[22188, 22192, 22193, 37451, 47924]",True,"[22186, 6435627]"
727769,Girl Overboard,False,[],False,[]
729032,"The Chronicles of Faerie (The Chronicles of Faerie, #1-3)",False,[],False,[]
729033,"The Book of Dreams (The Chronicles of Faerie, #4)",True,[398479],False,[]
733111,Boy Toy,False,[],False,[]
734199,"Night's Child (Sweep, #15)",True,"[675614, 675615, 775971, 775973, 775974, 775975, 775976, 775977, 775981, 775983, 775986, 775987]",False,[]
745523,The Invisible,False,[],False,[]
748635,"The Penalty (Paul Faustino, #2)",True,[704076],True,[5139556]
752540,"Brunettes Strike Back (Cheerleader Trilogy, #2)",True,[260042],True,[502301]
755299,"Web of Dreams (Casteel, #5)",True,"[53072, 563458, 787660]",False,[]
755300,"Hidden Jewel (Landry, #4)",True,"[372284, 563457, 755301]",True,[563461]
755301,"All That Glitters (Landry, #3)",True,"[372284, 563457]",True,"[755300, 563461]"
759234,"The Heartbreakers (Heartbreakers, #1)",False,[],False,[]
760135,"Process of Elimination (Nancy Drew and the Hardy Boys: Super Mystery, #36)",True,"[243747, 278498, 278519, 278526, 278647, 400702, 439452, 557139, 803318]",False,[]
764347,"Unwind (Unwind, #1)",False,[],True,"[15734070, 12792658, 17950614]"
764861,"Skin Hunger (A Resurrection of Magic, #1)",False,[],False,[]
766319,Born Confused,False,[],False,[]
770794,666: The Number of the Beast,False,[],False,[]
771712,Phantom (The Last Vampire #4),True,"[84073, 137970, 137972]",True,"[519548, 519546]"
773514,"Emily Climbs (Emily, #2)",False,[],False,[]
774406,"Crushing on You (Love Stories For Young Adults, #25)",True,"[197916, 431543, 452826, 522893, 556699, 665458, 781131, 947836]",True,"[202170, 276546, 424733, 690472, 479430, 1044379]"
774631,"Kristy's Big Day (The Baby-Sitters Club, #6)",False,[],True,"[233747, 1382964, 302949, 233789, 371100, 776140, 646484, 363364, 774632, 48954, 558321, 371075, 558315, 371067, 558296]"
774632,"Dawn's Big Move (The Baby-Sitters Club, #67)",True,"[233747, 233789, 302949, 363364, 371100, 646484, 774631, 776140, 1382964]",True,"[48954, 558321, 371075, 558315, 371067, 558296]"
775971,"Origins (Sweep, #11)",True,"[675614, 675615, 775975, 775976, 775977, 775981, 775983, 775987]",True,"[775973, 775974, 775986, 734199]"
775973,"Eclipse (Sweep, #12)",True,"[675614, 675615, 775971, 775975, 775976, 775977, 775981, 775983, 775987]",True,"[775974, 775986, 734199]"
775974,"Reckoning (Sweep, #13)",True,"[675614, 675615, 775971, 775973, 775975, 775976, 775977, 775981, 775983, 775987]",True,"[775986, 734199]"
775975,"Changeling (Sweep, #8)",True,"[675614, 675615, 775976, 775977, 775981, 775983]",True,"[775987, 775971, 775973, 775974, 775986, 734199]"
775976,"The Calling (Sweep, #7)",True,"[675614, 675615, 775977, 775981, 775983]",True,"[775975, 775987, 775971, 775973, 775974, 775986, 734199]"
775977,"Dark Magick (Sweep, #4)",True,"[675614, 675615, 775981]",True,"[775983, 775976, 775975, 775987, 775971, 775973, 775974, 775986, 734199]"
775981,"Blood Witch (Sweep, #3)",True,"[675614, 675615]",True,"[775977, 775983, 775976, 775975, 775987, 775971, 775973, 775974, 775986, 734199]"
775983,"Awakening (Sweep, #5)",True,"[675614, 675615, 775977, 775981]",True,"[775976, 775975, 775987, 775971, 775973, 775974, 775986, 734199]"
775986,"Full Circle (Sweep, #14)",True,"[675614, 675615, 775971, 775973, 775974, 775975, 775976, 775977, 775981, 775983, 775987]",True,[734199]
775987,"Seeker (Sweep, #10)",True,"[675614, 675615, 775975, 775976, 775977, 775981, 775983]",True,"[775971, 775973, 775974, 775986, 734199]"
776140,"Jessi's Wish (The Baby-Sitters Club, #48)",True,"[233747, 233789, 302949, 371100, 774631, 1382964]",True,"[646484, 363364, 774632, 48954, 558321, 371075, 558315, 371067, 558296]"
778672,"Broken Flower (Early Spring, #1)",False,[],True,[43456]
780604,"Guyaholic (V Valentine, #2)",True,[295117],False,[]
781069,"The Mayflower Project (Remnants, #1)",False,[],True,"[18197223, 690197, 25443847, 286575, 286578, 286579]"
781131,"Hot Summer Nights (Love Stories For Young Adults, #12)",True,"[431543, 452826, 556699, 947836]",True,"[522893, 665458, 197916, 774406, 202170, 276546, 424733, 690472, 479430, 1044379]"
781139,"Don't Tell (Dark Secrets, #2)",True,[785947],False,[]
785947,"Legacy of Lies (Dark Secrets, #1)",False,[],True,[781139]
787660,"Heaven (Casteel, #1)",False,[],True,"[563458, 53072, 755299]"
787663,"April Shadows (Shadows, #1)",False,[],True,"[14060614, 15837396, 787664]"
787664,"Girl in the Shadows (Shadows, #2)",True,"[787663, 14060614, 15837396]",False,[]
790319,"Bad Kitty (Bad Kitty, #1)",False,[],True,[2298960]
791606,"Wild Horses (Saddle Club, #58)",True,[850396],True,"[2551237, 491858, 850392, 850391]"
791928,"Without Wonder (Thoroughbred, #36)",True,"[446848, 1252440, 1252452, 1252496]",True,"[791929, 1252481, 1252450, 207576, 450665]"
791929,"Fallen Star (Thoroughbred, #43)",True,"[446848, 791928, 1252440, 1252452, 1252496]",True,"[1252481, 1252450, 207576, 450665]"
792775,"Stoneheart (Stoneheart Trilogy, #1)",False,[],False,[]
793102,"A Change of Season (Seasons of Pleasure, #5)",False,[],False,[]
793778,"Blessings in Disguise (Good Girlz, #2)",True,[712218],True,"[2327727, 2427846, 3332202, 6605565]"
794910,"Claudia and the Disaster Date (Baby-Sitters Club Friends Forever, #12)",True,"[256382, 275451, 290500, 371087, 371099, 558200, 558215]",False,[]
799065,"Seeing Is Deceiving (T*Witches, #3)",True,"[1109551, 1109553]",True,[972781]
803318,Best of Enemies (Nancy Drew and the Hardy Boys: Super Mystery #9),True,"[278498, 278526, 439452]",True,"[278519, 557139, 400702, 243747, 278647, 760135]"
814487,"Witch Ball (The Seer, #3)",True,"[452141, 651901]",True,"[420416, 1396684, 9151683]"
816953,Someone Like You,False,[],False,[]
827987,"True Believer (Make Lemonade, #2)",False,[],False,[]
828482,"Man vs. Beast (Cherub, #6)",True,"[655601, 828483, 1166131, 1291211, 1303564]",True,"[479650, 2025787, 1291212]"
828483,"The Killing (Cherub, #4)",True,"[1166131, 1291211, 1303564]",True,"[655601, 828482, 479650, 2025787, 1291212]"
829346,"Mirror, Mirror (Point Horror, #13)",True,"[542317, 1156197, 1263346]",True,"[259993, 89796]"
833710,"The Merchant of Death (Pendragon, #1)",False,[],True,"[215543, 536982, 147801, 215542, 215540]"
833745,"Revenge of the Wannabes (The Clique, #3)",True,[554194],True,"[6443321, 7884756]"
837675,"Kingdom of the Golden Dragon (Eagle and Jaguar, #2)",True,[3304],False,[]
839276,"The Twelfth Day of July (Kevin and Sadie, #1)",False,[],False,[]
839553,"Thunder Cave (Jacob Lansa, #1)",False,[],True,[505636]
841052,"Jessica (Sunfire, #6)",True,"[475391, 646420]",True,"[475385, 1242843, 1651909, 273585, 475387, 888173, 1242836, 1242830, 1242831, 841054, 1242840]"
841054,"Diana (Sunfire, #29)",True,"[273585, 475385, 475387, 475391, 646420, 841052, 888173, 1242830, 1242831, 1242836, 1242843, 1651909]",True,[1242840]
843086,"Silent Night (Fear Street Super Chiller, #2)",True,[865734],True,"[293152, 176563, 176343, 182599]"
850391,"Horse Care (Saddle Club, #76)",True,"[491858, 791606, 850392, 850396, 2551237]",False,[]
850392,"Painted Horse (Saddle Club, #75)",True,"[491858, 791606, 850396, 2551237]",True,[850391]
850396,"Horse-Sitters (Saddle Club, #53)",False,[],True,"[791606, 2551237, 491858, 850392, 850391]"
852470,"I'd Tell You I Love You, But Then I'd Have to Kill You (Gallagher Girls, #1)",False,[],True,"[568645, 16301336, 5267365, 6950688, 10560331, 13580951, 18759207]"
856969,"Cathy's Book (Cathy Vickers Trilogy, #1)",False,[],False,[]
859801,Pardon My French,False,[],False,[]
861541,"Tunnels of Blood (The Saga of Darren Shan, #3)",True,"[1065971, 2488435]",True,[8960]
865734,"Party Summer  (Fear Street Super Chiller, #1)",False,[],True,"[843086, 293152, 176563, 176343, 182599]"
871120,Sharing Sam,False,[],False,[]
871182,"Shock (Fearless, #27)",True,"[39636, 39637, 39638, 39639, 115722, 282203, 282205, 282206, 282210, 285948, 393086, 1194929]",True,"[115723, 285951, 285952, 285947]"
872333,"Blue Bloods (Blue Bloods, #1)",False,[],True,"[106085, 2753843, 6267237, 7031834, 7747263, 7817785, 9578590, 10814946]"
872658,"It's a Girl Thing (LBD, #1)",False,[],False,[]
874769,"Sunset Farewell (Sunset Island, #4)",True,[1084020],True,"[1171618, 1171621, 1506209, 1506233]"
876350,"Mixed Messages (Love Letters, #2)",True,[410370],True,"[679334, 83661]"
883804,"Secret Identity (Sweet Dreams, #22)",True,"[1182331, 1865838, 1903442, 2186704, 2186710, 2598681]",True,"[3325119, 2186712, 2683663, 2140323, 3324615, 3325995, 2140322, 42802, 42798, 1265134]"
886333,"Who Needs Boys? (The Girlfriend's Guide to Boys, #3)",True,"[1287869, 1287870]",True,[105648]
887252,"Until Angels Close My Eyes (Angels, #3)",True,"[127444, 412757]",False,[]
888173,"Rachel (Sunfire, #21)",True,"[273585, 475385, 475387, 475391, 646420, 841052, 1242843, 1651909]",True,"[1242836, 1242830, 1242831, 841054, 1242840]"
894164,"Jade (Wildflowers, #3)",True,"[397461, 1104837]",True,"[72846, 639750]"
904939,"Every New Day (Heartland, #9)",True,"[645886, 904940, 904942, 904965, 904966, 1002520, 17817631, 20483018]",True,"[904946, 904962, 904947, 904960, 904957, 1215871, 1215869, 1215870]"
904940,"Thicker Than Water (Heartland, #8)",True,"[645886, 904942, 904965, 904966, 1002520, 17817631, 20483018]",True,"[904939, 904946, 904962, 904947, 904960, 904957, 1215871, 1215869, 1215870]"
904942,"Come What May (Heartland, #5)",True,"[904965, 904966, 1002520, 17817631, 20483018]",True,"[645886, 904940, 904939, 904946, 904962, 904947, 904960, 904957, 1215871, 1215869, 1215870]"
904946,"Tomorrow's Promise (Heartland, #10)",True,"[645886, 904939, 904940, 904942, 904965, 904966, 1002520, 17817631, 20483018]",True,"[904962, 904947, 904960, 904957, 1215871, 1215869, 1215870]"
904947,"Sooner or Later (Heartland, #12)",True,"[645886, 904939, 904940, 904942, 904946, 904962, 904965, 904966, 1002520, 17817631, 20483018]",True,"[904960, 904957, 1215871, 1215869, 1215870]"
904957,"Love Is a Gift (Heartland, #15)",True,"[645886, 904939, 904940, 904942, 904946, 904947, 904960, 904962, 904965, 904966, 1002520, 17817631, 20483018]",True,"[1215871, 1215869, 1215870]"
904960,"Everything Changes (Heartland, #14)",True,"[645886, 904939, 904940, 904942, 904946, 904947, 904962, 904965, 904966, 1002520, 17817631, 20483018]",True,"[904957, 1215871, 1215869, 1215870]"
904962,"True Enough (Heartland, #11)",True,"[645886, 904939, 904940, 904942, 904946, 904965, 904966, 1002520, 17817631, 20483018]",True,"[904947, 904960, 904957, 1215871, 1215869, 1215870]"
904965,"After the Storm (Heartland, #2)",True,"[1002520, 17817631]",True,"[20483018, 904966, 904942, 645886, 904940, 904939, 904946, 904962, 904947, 904960, 904957, 1215871, 1215869, 1215870]"
904966,"Breaking Free (Heartland, #3)",True,"[904965, 1002520, 17817631, 20483018]",True,"[904942, 645886, 904940, 904939, 904946, 904962, 904947, 904960, 904957, 1215871, 1215869, 1215870]"
914120,"Alice the Brave (Alice, #7)",True,[66929],True,"[6482983, 563485, 66905, 421536, 66899, 66898, 2543866, 5711724, 12243374]"
917645,The Diary of Pelly D,False,[],False,[]
920432,"Girl, Nearly 16: Absolute Torture (Jess Jordan, #2)",True,[1594681],True,"[8064533, 11946900, 15931730]"
923856,"Pretty Tough (Pretty Tough, #1)",False,[],True,"[8608400, 9068793, 13012607]"
925361,Galax-Arena,False,[],False,[]
937116,A Better Place,False,[],False,[]
947836,"It Had to Be You (Love Stories For Young Adults, #10)",True,"[431543, 452826, 556699]",True,"[781131, 522893, 665458, 197916, 774406, 202170, 276546, 424733, 690472, 479430, 1044379]"
954001,"How They Met, and Other Stories",False,[],False,[]
958132,"Irina (Fashionistas, #3)",True,[958133],True,[2721756]
958133,"Hadley (Fashionistas, #2)",False,[],True,"[958132, 2721756]"
964543,"Fake ID (Hunted, #1)",False,[],True,"[11767287, 12401507, 15725160]"
969566,"In Between (Katie Parker Productions, #1)",False,[],True,"[1832906, 2157198]"
972781,"Don't Think Twice (T*Witches, #5)",True,"[799065, 1109551, 1109553]",False,[]
975076,The Night Dance:  A Retelling of The Twelve Dancing Princesses,False,[],False,[]
984133,"Survival (Alpha Force, #1)",False,[],True,"[660175, 984136]"
984136,"Hostage (Alpha Force, #4)",True,"[660175, 984133]",False,[]
985502,Scarlet Moon: A Retelling of Little Red Riding Hood,False,[],False,[]
987179,"Darkening Skies: Judgment of Ice (Left Behind: The Kids, #18)",True,"[85967, 127574, 169807, 421967, 421969, 520408, 556869, 556873, 556875, 1751297]",True,"[610434, 556879, 610415, 301893, 556881]"
987756,Postcards from No Man's Land,False,[],False,[]
994232,"Fifteen  (First Love, #1)",False,[],True,[395464]
1002520,"Coming Home (Heartland, #1)",False,[],True,"[17817631, 904965, 20483018, 904966, 904942, 645886, 904940, 904939, 904946, 904962, 904947, 904960, 904957, 1215871, 1215869, 1215870]"
1002703,"Shadows (Hex, #2)",True,[625859],False,[]
1003291,Thirteen Tales of Horror (Point Horror 13's),False,[],False,[]
1006463,Someone Is Watching,False,[],False,[]
1007958,"The Party (Dear Diary, #1)",False,[],True,"[1007960, 13415148, 18584779, 11512707]"
1007960,"The Secret (Dear Diary, #2)",True,[1007958],True,"[13415148, 18584779, 11512707]"
1008231,"H.I.V.E. Higher Institute of Villainous Education (H.I.V.E., #1)",False,[],False,[]
1013353,"This Side of Evil (The Nancy Drew Files, #14)",True,"[48775, 48816, 324918, 439418, 1259267, 1693030]",True,"[430522, 631121, 1013371, 557157, 64746, 1013437]"
1013371,"Death by Design (Nancy Drew Files, #30)",True,"[48775, 48816, 324918, 430522, 439418, 631121, 1013353, 1259267, 1693030]",True,"[557157, 64746, 1013437]"
1013388,"Bloodchoice (Vampire Twins, #3)",True,[356324],True,[1013391]
1013391,"Blood Reunion (Vampire Twins, #4)",True,"[356324, 1013388]",False,[]
1013437,"Tall, Dark and Deadly (Nancy Drew: Files, #66)",True,"[48775, 48816, 64746, 324918, 430522, 439418, 557157, 631121, 1013353, 1013371, 1259267, 1693030]",False,[]
1020421,"The Final Eclipse (Daughters of the Moon, #13)",True,"[59250, 181423, 181424, 181425, 181426, 181427, 181431, 181437, 181439, 202632, 442819]",False,[]
1025134,"Football Genius (Football Genius, #1)",False,[],False,[]
1044379,"Rome: Antonio & Carrie (Love Stories For Young Adults, #50)",True,"[197916, 202170, 276546, 424733, 431543, 452826, 479430, 522893, 556699, 665458, 690472, 774406, 781131, 947836]",False,[]
1044858,"What Zoey Saw (Making Out, #6)",True,"[420135, 1044859]",True,"[1910457, 1910468, 3077980, 1910478, 1910425]"
1044859,"Ben's in Love (Making Out, #4)",True,[420135],True,"[1044858, 1910457, 1910468, 3077980, 1910478, 1910425]"
1062752,Sooner or Later,False,[],False,[]
1065971,"The Vampire's Assistant (Cirque Du Freak, #2)",True,[2488435],True,"[861541, 8960]"
1071338,"Amy, Number Seven (Replica, #1)",False,[],True,"[16059428, 28448287, 17910097, 30457727, 1071444, 1071339]"
1071339,"In Search of Andy (Replica, #12)",True,"[1071338, 1071444, 16059428, 17910097, 28448287, 30457727]",False,[]
1071444,"And the Two Shall Meet (Replica, #6)",True,"[1071338, 16059428, 17910097, 28448287, 30457727]",True,[1071339]
1073644,Heart and Salsa,False,[],False,[]
1084020,"Sunset Dreams (Sunset Island, #3)",False,[],True,"[874769, 1171618, 1171621, 1506209, 1506233]"
1090202,"'Twas The Night Before Chrismukkah (The OC, #7)",True,"[52489, 446293, 7579164]",False,[]
1104837,"Star (Wildflowers, #2)",True,[397461],True,"[894164, 72846, 639750]"
1109551,"Building a Mystery (T*Witches, #2)",True,[1109553],True,"[799065, 972781]"
1109553,"The Power of Two (T*Witches, #1)",False,[],True,"[1109551, 799065, 972781]"
1112383,The Fallen (The Nine Lives of Chloe King #1),False,[],True,"[208493, 229496]"
1116578,"Sorority Sister (Nightmare Hall, #10)",True,"[310894, 601547, 1792795, 1792797, 1950675, 2031521]",True,"[601562, 2031495, 601573, 601563, 601549]"
1118984,The Hoopster,False,[],False,[]
1120884,"Heirs of the Force (Star Wars: Young Jedi Knights, #1)",False,[],True,"[1189326, 169005]"
1122428,"How to Ruin My Teenage Life (How to Ruin, #2)",True,[491944],False,[]
1128848,When Kambia Elaine Flew in from Neptune,False,[],False,[]
1130479,"Donna Parker in Hollywood (Donna Parker, #5)",True,"[1881985, 1881991]",True,"[1882008, 1881992]"
1134023,"Faerie Wars (The Faerie Wars Chronicles, #1)",False,[],True,"[112969, 8735255]"
1145133,"Under the Rose (Secret Society Girl, #2)",False,[],True,"[13608072, 13608082, 6005277]"
1148088,Getting the Boot,False,[],False,[]
1148090,The Sound of Munich,False,[],False,[]
1148091,Spain or Shine,False,[],False,[]
1152768,"You Can Run (Robyn Hunter, #2)",False,[],True,[2774204]
1153388,Outfield Menace,False,[],False,[]
1154193,Prom Dress,False,[],False,[]
1156197,"The Lifeguard (Point Horror, #3)",False,[],True,"[1263346, 542317, 829346, 259993, 89796]"
1162022,On the Jellicoe Road,False,[],False,[]
1162543,"Breaking Dawn (Twilight, #4)",True,"[41865, 49041, 428263, 4502877, 7937462]",True,[3609763]
1162715,"The Anti-Muffins (Austin Family, #4.5)",True,"[14358, 219408]",True,[80349]
1163574,"The Book of the Sword (Samurai Girl, #1)",False,[],False,[]
1166131,"The Recruit (Cherub, #1)",False,[],True,"[1291211, 1303564, 828483, 655601, 828482, 479650, 2025787, 1291212]"
1169808,"The Fury (The Vampire Diaries, #3)",True,"[395851, 395922]",True,[395875]
1170445,White Lies and Barefaced Truths (Truth Or Dare #1),False,[],True,"[15777797, 294735, 18431723, 20409692]"
1171618,"Sunset Reunion (Sunset Island, #5)",True,"[874769, 1084020]",True,"[1171621, 1506209, 1506233]"
1171621,"Sunset Secrets (Sunset Island, #6)",True,"[874769, 1084020, 1171618]",True,"[1506209, 1506233]"
1176195,"Red Velvet (Forever Friends, #2)",True,"[349465, 15995501]",True,[611948]
1178862,"The Night of the Solstice (Wildworld, #1)",False,[],True,[395849]
1182331,"The Summer Jenny Fell in Love (Sweet Dreams, #13)",False,[],True,"[2186704, 1903442, 1865838, 2186710, 2598681, 883804, 3325119, 2186712, 2683663, 2140323, 3324615, 3325995, 2140322, 42802, 42798, 1265134]"
1183061,"The Wyrd of Willowmere (Willowmere Chronicles, #3)",True,[385804],False,[]
1188295,"Killer Spirit (The Squad, #2)",False,[],False,[]
1189326,"Darkest Knight (Star Wars: Young Jedi Knights, #5)",True,[1120884],True,[169005]
1194929,"Escape (Fearless, #26)",True,"[39636, 39637, 39638, 39639, 115722, 282203, 282205, 282206, 282210, 285948, 393086]",True,"[871182, 115723, 285951, 285952, 285947]"
1197756,Theo's Odyssey,False,[],False,[]
1215869,"A Season of Hope (Heartland, #17)",True,"[645886, 904939, 904940, 904942, 904946, 904947, 904957, 904960, 904962, 904965, 904966, 1002520, 1215871, 17817631, 20483018]",True,[1215870]
1215870,"New Beginnings (Heartland, #18)",True,"[645886, 904939, 904940, 904942, 904946, 904947, 904957, 904960, 904962, 904965, 904966, 1002520, 1215869, 1215871, 17817631, 20483018]",False,[]
1215871,"Holding Fast (Heartland, #16)",True,"[645886, 904939, 904940, 904942, 904946, 904947, 904957, 904960, 904962, 904965, 904966, 1002520, 17817631, 20483018]",True,"[1215869, 1215870]"
1228367,"Sue Barton, Student Nurse (Sue Barton, #1)",False,[],True,"[1420743, 578871]"
1239219,"The Night Tourist (Jack Perdu, #1)",False,[],False,[]
1242830,"Merrie (Sunfire, #25)",True,"[273585, 475385, 475387, 475391, 646420, 841052, 888173, 1242836, 1242843, 1651909]",True,"[1242831, 841054, 1242840]"
1242831,"Nora (Sunfire, #26)",True,"[273585, 475385, 475387, 475391, 646420, 841052, 888173, 1242830, 1242836, 1242843, 1651909]",True,"[841054, 1242840]"
1242836,"Corey (Sunfire, #22)",True,"[273585, 475385, 475387, 475391, 646420, 841052, 888173, 1242843, 1651909]",True,"[1242830, 1242831, 841054, 1242840]"
1242840,"Renee (Sunfire, #30)",True,"[273585, 475385, 475387, 475391, 646420, 841052, 841054, 888173, 1242830, 1242831, 1242836, 1242843, 1651909]",False,[]
1242843,"Laura (Sunfire, #10)",True,"[475385, 475391, 646420, 841052]",True,"[1651909, 273585, 475387, 888173, 1242836, 1242830, 1242831, 841054, 1242840]"
1248692,"Confessions of a Triple Shot Betty (Triple Shot Bettys, #1)",False,[],False,[]
1250012,"Délon City (The Oz Chronicles, #2)",True,[201819],True,"[2612525, 9175379]"
1251032,Hero,False,[],False,[]
1252440,"Dylan's Choice (Thoroughbred, #30)",True,"[446848, 1252452, 1252496]",True,"[791928, 791929, 1252481, 1252450, 207576, 450665]"
1252450,"Cindy's Desert Adventure (Thoroughbred, #47)",True,"[446848, 791928, 791929, 1252440, 1252452, 1252481, 1252496]",True,"[207576, 450665]"
1252452,"The Horse of Her Dreams (Thoroughbred, #24)",False,[],True,"[446848, 1252496, 1252440, 791928, 791929, 1252481, 1252450, 207576, 450665]"
1252481,"Perfect Image (Thoroughbred, #44)",True,"[446848, 791928, 791929, 1252440, 1252452, 1252496]",True,"[1252450, 207576, 450665]"
1252496,"Camp Saddlebrook (Thoroughbred, #28)",True,"[446848, 1252452]",True,"[1252440, 791928, 791929, 1252481, 1252450, 207576, 450665]"
1254951,"The Luxe (Luxe, #1)",False,[],False,[]
1259248,"Dark Seed (De Beers, #.5)",False,[],False,[]
1259267,"Buried Secrets (The Nancy Drew Files, #10)",True,"[48775, 48816, 324918, 439418, 1693030]",True,"[1013353, 430522, 631121, 1013371, 557157, 64746, 1013437]"
1263041,"If You Only Knew (Friendship Ring, #1)",False,[],False,[]
1263346,"Trick or Treat (Point Horror, #6)",True,[1156197],True,"[542317, 829346, 259993, 89796]"
1265134,"Dreamboat (Sweet Dreams, #227)",True,"[42798, 42802, 883804, 1182331, 1865838, 1903442, 2140322, 2140323, 2186704, 2186710, 2186712, 2598681, 2683663, 3324615, 3325119, 3325995]",False,[]
1265503,"The Ancients (Forbidden Doors, #10)",True,"[88498, 88522, 88523, 407353, 407358, 1265504, 22465896]",False,[]
1265504,"The Haunting (Forbidden Doors, #4)",True,"[88522, 407353, 22465896]",True,"[407358, 88523, 88498, 1265503]"
1287869,"Studying Boys (The Girlfriend's Guide to Boys, #2)",True,[1287870],True,"[886333, 105648]"
1287870,"Putting Boys on the Ledge (The Girlfriend's Guide to Boys, #1)",False,[],True,"[1287869, 886333, 105648]"
1287871,"The Boyfriend Game (First Kisses, #5)",False,[],True,[7806594]
1291211,"Class A (Cherub, #2)",True,[1166131],True,"[1303564, 828483, 655601, 828482, 479650, 2025787, 1291212]"
1291212,"The Sleepwalker (Cherub, #9)",True,"[479650, 655601, 828482, 828483, 1166131, 1291211, 1303564, 2025787]",False,[]
1295093,"Walk of the Spirits (Walk, #1)",False,[],False,[]
1295102,Lock and Key,False,[],False,[]
1297662,"Whatever (Sweet Valley Jr. High, #17)",True,"[412277, 412363, 412395, 1476378]",True,"[1297663, 412387]"
1297663,"True Blue (Sweet Valley Jr. High, #18)",True,"[412277, 412363, 412395, 1297662, 1476378]",True,[412387]
1297681,"When Love Dies (Sweet Valley High, #12)",True,"[38520, 38601, 213999, 412238, 412253, 412360, 580954, 1753335]",True,"[580956, 412132, 292403, 38514, 412211, 38532, 2143857, 397178, 207433, 397183, 412179, 292388, 397184, 290416, 412295, 38513, 412229, 412133, 412402, 12771, 38536]"
1303564,"Maximum Security (Cherub, #3)",True,"[1166131, 1291211]",True,"[828483, 655601, 828482, 479650, 2025787, 1291212]"
1304163,Black as Night (A Fairy Tale Retold #2),True,[335377],True,[6013688]
1318894,The Tree Shepherd's Daughter (Faire Folk Trilogy #1),False,[],True,"[2507284, 6082128]"
1321010,"Mates, Mysteries and Pretty Weird Weirdness (Ally's World, #9)",True,"[1321013, 1321045]",True,[1321047]
1321013,"Butterflies, Bullies and Bad Bad Habits (Ally's World, #3)",False,[],True,"[1321045, 1321010, 1321047]"
1321045,"Friends, Freak-outs and Very Secret Secrets (Ally's World, #4)",True,[1321013],True,"[1321010, 1321047]"
1321047,"Daisy, Dad and the Huge, Small Surprise (Ally's World, #10)",True,"[1321010, 1321013, 1321045]",False,[]
1330552,"Fear of Falling (The Gymnasts, #16)",True,"[1772943, 3928725, 3928726, 13046066]",True,"[3928717, 3928727, 575272, 575273]"
1338404,"Tunnels (Tunnels, #1)",False,[],False,[]
1379792,"Summer of Secrets (21st Century Austen, #2)",True,[147866],True,"[5786888, 7543798]"
1382964,"Kristy and the Secret of Susan (The Baby-Sitters Club, #32)",True,"[233747, 774631]",True,"[302949, 233789, 371100, 776140, 646484, 363364, 774632, 48954, 558321, 371075, 558315, 371067, 558296]"
1396684,"Fatal Charm (The Seer, #5)",True,"[420416, 452141, 651901, 814487]",True,[9151683]
1413104,Spud: The Madness Continues,False,[],False,[]
1420743,"Sue Barton, Senior Nurse (Sue Barton, #2)",True,[1228367],True,[578871]
1425745,"Family Affairs (Secrets of My Hollywood Life, #3)",True,"[196549, 196550]",True,[3400744]
1432527,"Truth (Chasing Yesterday, #3)",True,"[38988, 38989]",False,[]
1440350,Christopher Pike's Tales of Terror,False,[],False,[]
1443208,"Grace's Twist (Camp Confidential, #3)",False,[],False,[]
1445890,"Twisted Sisters (Aspen Brooks, #2)",True,[332402],True,[4906733]
1469982,"This Way to Paradise (Cinnamon Girl, #1)",False,[],True,[2359961]
1476378,"Get Real (Sweet Valley Jr. High, #1)",False,[],True,"[412277, 412363, 412395, 1297662, 1297663, 412387]"
1505948,"Rosemary for Remembrance (The Janna Mysteries, #1)",False,[],False,[]
1506209,"Sunset Scandal (Sunset Island, #9)",True,"[874769, 1084020, 1171618, 1171621]",True,[1506233]
1506233,"Sunset Wedding (Sunset Island, #17.5)",True,"[874769, 1084020, 1171618, 1171621, 1506209]",False,[]
1522147,"Looking for JJ (Jennifer Jones, #1)",False,[],False,[]
1535831,"The Long Ride (Pine Hollow, #1)",False,[],True,"[1535841, 1535844]"
1535841,"Shying at Trouble (Pine Hollow, #6)",True,[1535831],True,[1535844]
1535844,"Riding to Win (Pine Hollow, #9)",True,"[1535831, 1535841]",False,[]
1536445,"Pushing Pause (Kenisha Lewis, #1)",False,[],True,[9748823]
1556929,The Initiation (Twilight: Where Darkness Begins #3),True,[3672506],True,"[442196, 264337, 2034205]"
1577155,"Roommates (The Girls of Canby Hall, #1)",False,[],True,[2351921]
1581994,"What Your Parents Don't Know... (Sweet Valley University, #3)",True,"[264540, 290661]",True,"[416310, 416195, 416227, 234873, 416222, 416229, 275886, 416197, 416192, 416275]"
1582996,"City of Ashes (The Mortal Instruments, #2)",True,[256683],True,"[6752378, 8755776, 8755785]"
1583121,"A Wizard of Mars (Young Wizards, #9)",True,"[116560, 116562, 176534]",False,[]
1585431,Sundancer,False,[],False,[]
1594681,"Girl, Barely 15: Flirting for England (Jess Jordan, #0.5)",False,[],True,"[920432, 8064533, 11946900, 15931730]"
1603125,"Moby Clique (Bard Academy, #3)",True,"[102853, 227283]",False,[]
1627267,"Audrey, Wait!",False,[],False,[]
1629601,The Disreputable History of Frankie Landau-Banks,False,[],False,[]
1632738,"Secrets in the Shadows (Secrets, #2)",True,[397442],True,"[9470985, 11164647]"
1651302,"Perfect (Pretty Little Liars, #3)",True,[14813667],True,"[12152785, 3047850, 3047849, 3047848, 3047851, 9893331, 9893355, 9893358]"
1651909,"Jacquelyn (Sunfire, #12)",True,"[475385, 475391, 646420, 841052, 1242843]",True,"[273585, 475387, 888173, 1242836, 1242830, 1242831, 841054, 1242840]"
1660794,"Hurricane Gold (Young Bond, #4)",True,"[278794, 360918, 603911]",True,[4634352]
1661957,"Wake (Wake, #1)",False,[],True,"[8528645, 3657138]"
1677986,"The Carlyles (Gossip Girl: The Carlyles, #1)",False,[],True,[6600652]
1691582,"Rise of the Evening Star (Fablehaven, #2)",False,[],False,[]
1693030,"White Water Terror (The Nancy Drew Files, #6)",True,"[48775, 324918, 439418]",True,"[48816, 1259267, 1013353, 430522, 631121, 1013371, 557157, 64746, 1013437]"
1698268,"The Winning Element (The Specialists, #3)",False,[],False,[]
1743390,A Curse Dark as Gold,False,[],False,[]
1751297,"Battling the Commander: The Hidden Cave (Left Behind: The Kids, #15)",True,"[85967, 127574, 421967, 421969, 520408, 556869, 556873, 556875]",True,"[169807, 987179, 610434, 556879, 610415, 301893, 556881]"
1753335,"Dangerous Love (Sweet Valley High, #6)",True,"[38520, 412238, 412253]",True,"[38601, 412360, 213999, 580954, 1297681, 580956, 412132, 292403, 38514, 412211, 38532, 2143857, 397178, 207433, 397183, 412179, 292388, 397184, 290416, 412295, 38513, 412229, 412133, 412402, 12771, 38536]"
1754206,Perfect You,False,[],False,[]
1772943,"First Date (The Gymnasts, #13)",True,"[3928725, 3928726, 13046066]",True,"[1330552, 3928717, 3928727, 575272, 575273]"
1783281,"Legacy (Private, #6)",True,"[381489, 630104, 2943733]",True,"[1783289, 2206960, 3997399, 6693415, 9918277]"
1783289,"Ambition (Private, #7)",True,"[381489, 630104, 1783281, 2943733]",True,"[2206960, 3997399, 6693415, 9918277]"
1792795,"The Experiment (Nightmare Hall, #8)",True,"[310894, 601547, 1792797, 1950675, 2031521]",True,"[1116578, 601562, 2031495, 601573, 601563, 601549]"
1792797,"Pretty Please (Nightmare Hall, #7)",True,"[310894, 601547, 1950675, 2031521]",True,"[1792795, 1116578, 601562, 2031495, 601573, 601563, 601549]"
1804876,"Lessons in Love (The Principles of Love, #7)",True,"[316701, 521037]",False,[]
1817021,"Wild Orchid (Wild Orchard, #1)",False,[],True,[13590977]
1821571,Snakehead,False,[],False,[]
1822182,"A Note of Madness (Flynn Laukonen, #1)",False,[],True,[3664164]
1829655,"The Demon's Lexicon (The Demon's Lexicon, #1)",False,[],True,"[6594657, 9666870]"
1829709,"The Final Warning (Maximum Ride, #4)",True,"[13139, 13152, 33676]",True,"[3393124, 6431790, 7201913, 11946245, 22208238]"
1832749,"I Heart You, You Haunt Me",False,[],False,[]
1832906,"On the Loose (Katie Parker Productions, #2)",True,[969566],True,[2157198]
1839075,"The Seventh Daughter (Faerie Path, #3)",True,"[501909, 501910]",True,[8448478]
1840934,"My Swordhand is Singing (My Swordhand is Singing, #1)",False,[],True,[3607394]
1842609,"The House of Djinn (Shabanu, #3)",True,"[219563, 219570]",False,[]
1865838,"How Do You Say Goodbye (Sweet Dreams, #16)",True,"[1182331, 1903442, 2186704]",True,"[2186710, 2598681, 883804, 3325119, 2186712, 2683663, 2140323, 3324615, 3325995, 2140322, 42802, 42798, 1265134]"
1881985,"Donna Parker: A Spring to Remember (Donna Parker, #4)",True,[1881991],True,"[1130479, 1882008, 1881992]"
1881991,"Donna Parker On Her Own (Donna Parker, #3)",False,[],True,"[1881985, 1130479, 1882008, 1881992]"
1881992,"Donna Parker Takes a Giant Step (Donna Parker, #7)",True,"[1130479, 1881985, 1881991, 1882008]",False,[]
1882008,"Donna Parker: Mystery at Arawak (Donna Parker, #6)",True,"[1130479, 1881985, 1881991]",True,[1881992]
1882516,"Downstairs, Upstairs (Elizabeth, #4)",True,"[439895, 439902, 2020248]",True,"[646279, 1889311]"
1883317,When Irish Guys Are Smiling,False,[],False,[]
1889311,"I Need You (Elizabeth, #6)",True,"[439895, 439902, 646279, 1882516, 2020248]",False,[]
1895792,"The Fury / Dark Reunion (The Vampire Diaries, #3-4)",False,[],False,[]
1902241,"The Adoration of Jenna Fox (Jenna Fox Chronicles, #1)",False,[],True,[13602969]
1903442,"Thinking of You (Sweet Dreams, #15)",True,"[1182331, 2186704]",True,"[1865838, 2186710, 2598681, 883804, 3325119, 2186712, 2683663, 2140323, 3324615, 3325995, 2140322, 42802, 42798, 1265134]"
1910425,"Zoey Comes Home (Making Out, #28)",True,"[420135, 1044858, 1044859, 1910457, 1910468, 1910478, 3077980]",False,[]
1910457,"Claire Can't Lose (Making Out, #12)",True,"[420135, 1044858, 1044859]",True,"[1910468, 3077980, 1910478, 1910425]"
1910468,"Kate Finds Love (Making Out, #19)",True,"[420135, 1044858, 1044859, 1910457]",True,"[3077980, 1910478, 1910425]"
1910478,"Falling for Claire (Making Out, #27)",True,"[420135, 1044858, 1044859, 1910457, 1910468, 3077980]",True,[1910425]
1914976,The Game (Dark Forces #1),False,[],True,"[1942669, 1942556, 568541, 523089, 227084]"
1931915,Bruiser,False,[],False,[]
1932042,The Crimson Thread: A Retelling of Rumpelstiltskin,False,[],False,[]
1942556,The Bargain (Dark Forces #5),True,"[1914976, 1942669]",True,"[568541, 523089, 227084]"
1942669,Devil Wind (Dark Forces #4),True,[1914976],True,"[1942556, 568541, 523089, 227084]"
1950675,"Deadly Attraction (Nightmare Hall, #3)",True,"[310894, 601547]",True,"[2031521, 1792797, 1792795, 1116578, 601562, 2031495, 601573, 601563, 601549]"
1961368,"While I Live (The Ellie Chronicles, #1)",False,[],True,"[82549, 3145113]"
1971504,"The Sky Inside (The Sky Inside, #1)",False,[],False,[]
1971720,"Hollywood Nobody (Hollywood Nobody, #1)",False,[],True,[1971721]
1971721,"Finding Hollywood Nobody (Hollywood Nobody, #2)",True,[1971720],False,[]
1985764,"So This Is How It Ends (Avatars, #1)",False,[],True,[701564]
2005138,"Kiss Me Kill Me (Scarlett Wakefield, #1)",False,[],True,[8887358]
2020248,"London Calling (Elizabeth, #2)",True,[439902],True,"[439895, 1882516, 646279, 1889311]"
2025787,"Mad Dogs (Cherub, #8)",True,"[479650, 655601, 828482, 828483, 1166131, 1291211, 1303564]",True,[1291212]
2031495,"The Whisperer (Nightmare Hall, #12)",True,"[310894, 601547, 601562, 1116578, 1792795, 1792797, 1950675, 2031521]",True,"[601573, 601563, 601549]"
2031521,"Guilty (Nightmare Hall, #6)",True,"[310894, 601547, 1950675]",True,"[1792797, 1792795, 1116578, 601562, 2031495, 601573, 601563, 601549]"
2034205,Amulet of Doom (Twilight: Where Darkness Begins #24),True,"[264337, 442196, 1556929, 3672506]",False,[]
2051840,"The Coffin Club (Vampire Kisses, #5)",True,"[263147, 263171, 263172]",True,"[5111039, 6937878, 7312324]"
2082405,"Geek High (Geek High, #1)",False,[],True,[7972373]
2093625,"The Exorsistah (Exorsistah, #1)",False,[],True,[5324903]
2101984,"Rites of Spring (Break) (Secret Society Girl, #3)",False,[],False,[]
2118745,"The Knife of Never Letting Go (Chaos Walking, #1)",True,[9412471],True,"[6043849, 7540092]"
2120932,"The Battle of the Labyrinth (Percy Jackson and the Olympians, #4)",True,"[28187, 561456]",True,"[28139720, 4502507]"
2124424,"A Not-So-Simple Life (Diary of a Teenage Diary: Maya, #1)",False,[],False,[]
2140322,"The Great Boy Chase (Sweet Dreams, #93)",True,"[883804, 1182331, 1865838, 1903442, 2140323, 2186704, 2186710, 2186712, 2598681, 2683663, 3324615, 3325119, 3325995]",True,"[42802, 42798, 1265134]"
2140323,"Ghost of a Chance (Sweet Dreams, #53)",True,"[883804, 1182331, 1865838, 1903442, 2186704, 2186710, 2186712, 2598681, 2683663, 3325119]",True,"[3324615, 3325995, 2140322, 42802, 42798, 1265134]"
2143857,"Secret Admirer (Sweet Valley High, #39)",True,"[38514, 38520, 38532, 38601, 213999, 292403, 412132, 412211, 412238, 412253, 412360, 580954, 580956, 1297681, 1753335]",True,"[397178, 207433, 397183, 412179, 292388, 397184, 290416, 412295, 38513, 412229, 412133, 412402, 12771, 38536]"
2149385,"Girl, Missing (Girl, Missing, #1)",False,[],False,[]
2149386,"Six Steps to a Girl (Luke and Eve, #1)",False,[],True,[2149387]
2149387,"Three's a Crowd (Luke and Eve, #2)",True,[2149386],False,[]
2149388,"Blood Ties (Blood Ties, #1)",False,[],False,[]
2153427,Princess Ben,False,[],False,[]
2157198,"The Big Picture (Katie Parker Productions, #3)",True,"[969566, 1832906]",False,[]
2169313,Death's Shadow,False,[],False,[]
2169506,"The Dead and the Gone (Last Survivors, #2)",True,[213753],True,[6393972]
2175645,"Genius Squad (Genius, #2)",True,[295741],False,[]
2186704,"Dance of Love (Sweet Dreams, #14)",True,[1182331],True,"[1903442, 1865838, 2186710, 2598681, 883804, 3325119, 2186712, 2683663, 2140323, 3324615, 3325995, 2140322, 42802, 42798, 1265134]"
2186710,"Love Song (Sweet Dreams, #19)",True,"[1182331, 1865838, 1903442, 2186704]",True,"[2598681, 883804, 3325119, 2186712, 2683663, 2140323, 3324615, 3325995, 2140322, 42802, 42798, 1265134]"
2186712,"The Truth about Me & Bobby V. (Sweet Dreams, #41)",True,"[883804, 1182331, 1865838, 1903442, 2186704, 2186710, 2598681, 3325119]",True,"[2683663, 2140323, 3324615, 3325995, 2140322, 42802, 42798, 1265134]"
2206960,"Revelation (Private, #8)",True,"[381489, 630104, 1783281, 1783289, 2943733]",True,"[3997399, 6693415, 9918277]"
2213324,"Airhead (Airhead, #1)",False,[],True,"[5135798, 6460331]"
2241059,Identical,False,[],False,[]
2251262,"Tempted (It Girl, #6)",True,[561403],True,"[3392571, 5644886, 6425484]"
2267473,"Todd's Story (Sweet Valley High, Super Star #5)",True,"[412276, 412356, 2722092]",False,[]
2272813,"Ninth Grade Slays (The Chronicles of Vladimir Tod, #2)",True,[530848],True,"[6178065, 7818881]"
2273246,"Dead Is the New Black (Dead Is, #1)",False,[],True,"[3392285, 5562484, 7430195, 12513514, 17165986]"
2274683,"Daughter of the Flames (Ruan, #1)",False,[],True,[12478507]
2281052,"Gregor the Overlander Box Set (Underland Chronicles, #1-4)",False,[],False,[]
2282133,"Frostbite (Vampire Academy, #2)",True,[18247324],True,[6527740]
2295829,"Feast of Fools (The Morganville Vampires, #4)",True,"[261122, 544257]",True,"[15712186, 3558003, 5212771, 11215073, 6289938, 7091713, 7600922, 10549501, 9526658, 13414055, 15739817, 15746882]"
2298960,"Kitty Kitty (Bad Kitty, #2)",True,[790319],False,[]
2321296,"Ink Exchange (Wicked Lovely, #2)",False,[],True,"[8042847, 10000600, 6368610, 6368611]"
2327727,"Getting Even (Good Girlz, #4)",True,"[712218, 793778]",True,"[2427846, 3332202, 6605565]"
2328522,A Summer to Remember,False,[],False,[]
2328841,"Suite Scarlett (Scarlett, #1)",False,[],True,[6138539]
2342280,"Flowers in the Attic/Petals on the Wind (Dollganger, #1-2)",False,[],False,[]
2349312,The Train,False,[],False,[]
2351921,"Making Friends (The Girls of Canby Hall, #18)",True,[1577155],False,[]
2356372,"Brazen (Brazen, #1)",False,[],True,[3486115]
2359961,"Starting Over (Cinnamon Girl, #2)",True,[1469982],False,[]
2402971,"The Magician (The Secrets of the Immortal Nicholas Flamel, #2)",True,[17402605],True,"[4588949, 6693332, 8882815, 8458018, 12730051, 8519822]"
2411725,"Ringmaster (Darcie Lock, #1)",False,[],True,"[5955183, 12048297]"
2419450,The Princess and the Hound,False,[],False,[]
2427846,"Fair-Weather Friends (Good Girlz, #5)",True,"[712218, 793778, 2327727]",True,"[3332202, 6605565]"
2451604,"The Complete Gossip Girl Series (Gossip Girl, #1-11, Prequel)",False,[],False,[]
2453148,"Birthday Vicious (The Ashleys, #3)",True,[501851],False,[]
2460633,"The Midnight Twins (Midnight Twins, #1)",False,[],True,[6668914]
2474204,"Hunted (Vampire Beach, #6)",True,"[346266, 346267, 346268, 346272, 2474205]",False,[]
2474205,"High Stakes (Vampire Beach, #5)",True,"[346266, 346267, 346268, 346272]",True,[2474204]
2488435,"Cirque Du Freak (The Saga of Darren Shan, #1)",False,[],True,"[1065971, 861541, 8960]"
2493973,"The Diamond of Darkhold (Book of Ember, #4)",True,"[3467, 207034, 307791]",False,[]
2500997,The Invitation,False,[],False,[]
2507284,Into the Wildewood (Faire Folk Trilogy #2),True,[1318894],True,[6082128]
2508164,"Ghostgirl (Ghostgirl, #1)",False,[],True,"[5633958, 7146050]"
2536134,"Gone (Gone, #1)",False,[],True,"[5047880, 6686092, 6686101, 8811134, 8811139]"
2543866,"Almost Alice (Alice, #20)",True,"[66898, 66899, 66905, 66929, 421536, 563485, 914120, 6482983]",True,"[5711724, 12243374]"
2551237,"Broken Horse (Saddle Club, #61)",True,"[791606, 850396]",True,"[491858, 850392, 850391]"
2553035,Witchsong (The Gina Champion Mysteries #4),True,[6350991],False,[]
2591867,"Violet in Private (Violet, #3)",False,[],False,[]
2592122,"Dark Whispers (Unicorn Chronicles, #3)",True,[114701],False,[]
2598681,"The Popularity Summer (Sweet Dreams, #20)",True,"[1182331, 1865838, 1903442, 2186704, 2186710]",True,"[883804, 3325119, 2186712, 2683663, 2140323, 3324615, 3325995, 2140322, 42802, 42798, 1265134]"
2612525,"The Pure (The Oz Chronicles, #3)",True,"[201819, 1250012]",True,[9175379]
2683663,"On Thin Ice (Sweet Dreams, #46)",True,"[883804, 1182331, 1865838, 1903442, 2186704, 2186710, 2186712, 2598681, 3325119]",True,"[2140323, 3324615, 3325995, 2140322, 42802, 42798, 1265134]"
2690808,"Dylan (Clique Summer Collection, #2)",False,[],False,[]
2721756,"Candy (Fashionistas, #4)",True,"[958132, 958133]",False,[]
2722092,"Lila's Story (Sweet Valley High, Super Star #1)",False,[],True,"[412276, 412356, 2267473]"
2722413,"Evernight (Evernight, #1)",False,[],True,"[3054684, 6421588, 6619499, 10120780]"
2753843,"Revelations (Blue Bloods, #3)",True,"[106085, 872333]",True,"[6267237, 7031834, 7747263, 7817785, 9578590, 10814946]"
2761829,Love Is Hell,False,[],False,[]
2767052,"The Hunger Games (The Hunger Games, #1)",False,[],True,"[6148028, 7260188]"
2774204,"Nothing to Lose (Robyn Hunter, #3)",True,[1152768],False,[]
2781691,"Hotlanta (Hotlanta, #1)",False,[],False,[]
2791536,"Skinned (Cold Awakening, #1)",False,[],True,[5927554]
2800905,"The Summoning (Darkest Powers, #1)",True,[10417745],True,"[10863354, 5391115, 10863283]"
2820533,"Deadly Little Secret (Touch, #1)",False,[],True,"[8428050, 6223474, 11514121, 7735325, 13479179, 8789318, 10345708]"
2865290,Firebirds Soaring: An Anthology of Original Speculative Fiction,False,[],False,[]
2866413,"The Dragon Heir (The Heir Chronicles, #3)",True,"[213647, 500743]",True,"[18395233, 9409614, 18469705]"
2870616,The Complete Horowitz Horror,False,[],False,[]
2875036,"Privilege (Privilege, #1)",False,[],False,[]
2882778,"Tan Lines: Sand, Surf, and Secrets / Rays, Romance, and Rivalry / Beaches, Boys, and Betrayal (Summer, #5-7)",False,[],False,[]
2893839,"Indigo Girls (Girlfriend Fiction, #2)",False,[],True,"[3398635, 6661409, 5589214, 6116588]"
2899121,"Wrath of the Bloodeye (The Last Apprentice / Wardstone Chronicles, #5)",True,[298567],True,"[6097180, 12236872]"
2904362,"Love (and Other Uses for Duct Tape) (Belle, #2)",False,[],False,[]
2924272,"Delia's Crossing (Delia, #1)",False,[],True,[3684789]
2930735,"The Fall of Candy Corn (Sweet Seasons, #2)",False,[],False,[]
2943733,"Last Christmas (Private, #0.6)",False,[],True,"[381489, 630104, 1783281, 1783289, 2206960, 3997399, 6693415, 9918277]"
2951911,"The Otherworldlies (The Otherworldlies, #1)",False,[],False,[]
2954411,Living Dead Girl,False,[],False,[]
2957010,Retaliation,False,[],False,[]
2961992,Bogus to Bubbly: An Insider's Guide to the World of Uglies,False,[],False,[]
2964700,"Mastiff (Beka Cooper, #3)",True,"[13829, 153779]",False,[]
2969219,"Salt (The Salt Trilogy, #1)",False,[],True,"[6374752, 10595980]"
2974811,Belle: A Retelling of Beauty and the Beast,False,[],False,[]
2986865,"Eon: Dragoneye Reborn (Eon, #1)",False,[],True,[7992995]
2998814,"The Hollow (The Hollow, #1)",False,[],True,[9918128]
3026012,"Flora's Dare (Flora Trilogy, #2)",True,[229033],True,[5550882]
3029879,Wolf Island,False,[],False,[]
3039305,"The Resistance (The Declaration, #2)",True,[17261125],True,[7320458]
3047848,"Heartless (Pretty Little Liars, #7)",True,"[1651302, 3047849, 3047850, 12152785, 14813667]",True,"[3047851, 9893331, 9893355, 9893358]"
3047849,"Killer (Pretty Little Liars, #6)",True,"[1651302, 3047850, 12152785, 14813667]",True,"[3047848, 3047851, 9893331, 9893355, 9893358]"
3047850,"Wicked (Pretty Little Liars, #5)",True,"[1651302, 12152785, 14813667]",True,"[3047849, 3047848, 3047851, 9893331, 9893355, 9893358]"
3047851,"Wanted (Pretty Little Liars, #8)",True,"[1651302, 3047848, 3047849, 3047850, 12152785, 14813667]",True,"[9893331, 9893355, 9893358]"
3048530,"It's Not About Me (Second Glances, #1)",False,[],True,[6555412]
3054684,"Stargazer (Evernight, #2)",True,[2722413],True,"[6421588, 6619499, 10120780]"
3058028,The Debs,False,[],False,[]
3064985,"Wondrous Strange (Wondrous Strange, #1)",False,[],True,[6740756]
3065773,"How I Found the Perfect Dress (Morgan Rawlinson, #2)",True,[459700],False,[]
3077980,"Trouble with Aaron (Making Out, #21)",True,"[420135, 1044858, 1044859, 1910457, 1910468]",True,"[1910478, 1910425]"
3082776,"Life at the Shallow End (Electra Brown, #1)",False,[],True,"[5332825, 6163432, 6944271]"
3097601,Suicide Notes,False,[],False,[]
3099780,"The Initiation / The Captive Part I (The Secret Circle, #1-2)",False,[],False,[]
3112850,"Lament: The Faerie Queen's Deception (Books of Faerie, #1)",False,[],True,[6076413]
3127901,The Pact (Indigo Summer #3),False,[],True,"[5138226, 6104998]"
3134297,"Sisters of Misery (Sisters of Misery, #1)",False,[],False,[]
3145113,"Circle of Flight (The Ellie Chronicles, #3)",True,"[82549, 1961368]",False,[]
3165049,"The Life and Times of Gracie Faltrain (Gracie Faltrain, #1)",False,[],True,[8674329]
3212657,"Understood (Unspoken, #1)",False,[],True,"[4183322, 4183347]"
3218903,"The Miracle Girls (Miracle Girls, #1)",False,[],True,"[6055677, 6609712, 7145577]"
3224465,"Diary of a Chav (Diary of a Chav, #1)",False,[],False,[]
3231308,"Huntress (Night World, #7)",True,[293973],False,[]
3233381,"Parties & Potions (Magic in Manhattan, #4)",True,"[26207, 26212]",False,[]
3236307,"Graceling (Graceling Realm, #1)",False,[],True,[12680907]
3238153,North of Beautiful,False,[],False,[]
3244027,"The Bloodline Cipher (Thieves Like Us, #3)",True,"[331240, 451152]",False,[]
3249090,"Race Against Time (Nancy Drew, #66)",False,[],False,[]
3324615,"Three Cheers for Love (Sweet Dreams, #76)",True,"[883804, 1182331, 1865838, 1903442, 2140323, 2186704, 2186710, 2186712, 2598681, 2683663, 3325119]",True,"[3325995, 2140322, 42802, 42798, 1265134]"
3325119,"Trusting Hearts (Sweet Dreams, #28)",True,"[883804, 1182331, 1865838, 1903442, 2186704, 2186710, 2598681]",True,"[2186712, 2683663, 2140323, 3324615, 3325995, 2140322, 42802, 42798, 1265134]"
3325931,Highway to Hell (Maggie Quinn: Girl Vs. Evil #3),False,[],False,[]
3325995,"Programmed for Love (Sweet Dreams, #87)",True,"[883804, 1182331, 1865838, 1903442, 2140323, 2186704, 2186710, 2186712, 2598681, 2683663, 3324615, 3325119]",True,"[2140322, 42802, 42798, 1265134]"
3332202,"Friends 'til the End (Good Girlz, #6)",True,"[712218, 793778, 2327727, 2427846]",True,[6605565]
3334563,"The Inkheart Trilogy: Inkheart, Inkspell, Inkdeath (Inkworld, #1-3)",False,[],False,[]
3371584,"Dead Girl Walking (Dead Girl, #1)",False,[],True,"[5455873, 6062021]"
3389671,"Jessica's Guide to Dating on the Dark Side (Jessica, #1)",False,[],True,[7239607]
3392285,"Dead Is a State of Mind (Dead Is, #2)",True,[2273246],True,"[5562484, 7430195, 12513514, 17165986]"
3392571,"Infamous (It Girl, #7)",True,"[561403, 2251262]",True,"[5644886, 6425484]"
3393124,"Max (Maximum Ride, #5)",True,"[13139, 13152, 33676, 1829709]",True,"[6431790, 7201913, 11946245, 22208238]"
3398635,"Always Mackenzie (Girlfriend Fiction, #4)",True,[2893839],True,"[6661409, 5589214, 6116588]"
3400744,"Paparazzi Princess (Secrets of My Hollywood Life, #4)",True,"[196549, 196550, 1425745]",False,[]
3407703,"Starclimber (Matt Cruse, #3)",True,"[428036, 428042]",False,[]
3432478,"The Forest of Hands and Teeth (The Forest of Hands and Teeth, #1)",True,[18896633],True,[8535273]
3440650,"Book of Shadows / The Coven (Sweep, #1-2)",False,[],False,[]
3486115,"Reckless (Brazen, #2)",True,[2356372],False,[]
3551707,"Seraph of Sorrow (Jennifer Scales, #4)",True,"[615939, 615943, 615947]",True,[7194006]
3554429,"Fate (Tattoo, #2)",True,[282440],False,[]
3558003,"Lord of Misrule (The Morganville Vampires, #5)",True,"[261122, 544257, 2295829, 15712186]",True,"[5212771, 11215073, 6289938, 7091713, 7600922, 10549501, 9526658, 13414055, 15739817, 15746882]"
3567200,"Moonlight (Dark Guardian, #1)",False,[],True,[6058551]
3599149,"Independence Hall (I, Q, #1)",False,[],True,[12364060]
3607394,"The Kiss of Death (My Swordhand is Singing, #2)",True,[1840934],False,[]
3607543,The Wild Orchid: A Retelling of The Ballad of Mulan,False,[],False,[]
3609760,Twilight: The Complete Illustrated Movie Companion,False,[],False,[]
3609763,"The Twilight Saga: The Official Illustrated Guide (Twilight, #4.5)",True,"[41865, 49041, 428263, 1162543, 4502877, 7937462]",False,[]
3649147,"Knife (Faery Rebels, #1)",False,[],False,[]
3657138,"Fade (Wake, #2)",True,"[1661957, 8528645]",False,[]
3664164,"A Voice in the Distance (Flynn Laukonen, #2)",True,[1822182],False,[]
3665811,"The Captive Part II / The Power (The Secret Circle, #2-3)",False,[],False,[]
3672506,Deadly Sleep (Twilight: Where Darkness Begins #1),False,[],True,"[1556929, 442196, 264337, 2034205]"
3678651,"Bad Girls Don't Die (Bad Girls Don't Die, #1)",False,[],True,[12862611]
3684789,"Delia's Gift (Delia, #3)",True,[2924272],False,[]
3697927,"Princess of the Midnight Ball (The Princesses of Westfalin Trilogy, #1)",False,[],True,[12873027]
3700016,A Girl Like Me(Shortie Like Mine #3),True,"[4056457, 4056458]",False,[]
3700085,Marcelo in the Real World,False,[],False,[]
3707034,Rise of Heroes (Masks #1),False,[],True,"[6096818, 6442668, 8705946, 13436819, 15840970]"
3831768,"Swoon (Swoon, #1)",False,[],True,[8581147]
3868263,Juno Of Taris,True,"[8582141, 12448700]",False,[]
3886924,"Ice Claw (Danger Zone, #2)",True,[4823892],False,[]
3928717,"Gymnast Commandos (Gymnasts, #17)",True,"[1330552, 1772943, 3928725, 3928726, 13046066]",True,"[3928727, 575272, 575273]"
3928725,"Boys in the Gym (The Gymnasts, #10)",True,"[3928726, 13046066]",True,"[1772943, 1330552, 3928717, 3928727, 575272, 575273]"
3928726,"Captain of the Team (The Gymnasts, #8)",False,[],True,"[13046066, 3928725, 1772943, 1330552, 3928717, 3928727, 575272, 575273]"
3928727,"The New Coach? (Gymnasts, #18)",True,"[1330552, 1772943, 3928717, 3928725, 3928726, 13046066]",True,"[575272, 575273]"
3934321,"Nightfall (The Vampire Diaries: The Return, #1)",False,[],True,"[6441509, 6934395]"
3965854,"You Are So Undead to Me (Megan Berry, #1)",False,[],True,[6487937]
3997399,"Paradise Lost (Private, #9)",True,"[381489, 630104, 1783281, 1783289, 2206960, 2943733]",True,"[6693415, 9918277]"
4002159,"Double Cross (Noughts & Crosses, #4)",True,"[714902, 13509478]",False,[]
4052117,What I Saw and How I Lied,False,[],False,[]
4056457,Shortie Like Mine  (Shortie Like Mine #1),False,[],True,"[4056458, 3700016]"
4056458,If I Was Your Girl (Shortie Like Mine #2),True,[4056457],True,[3700016]
4138306,"Her Wiccan, Wiccan Ways (Rhiannon Godfrey, #1)",False,[],True,[6633641]
4183322,Overheard (Unspoken #2),True,[3212657],True,[4183347]
4183347,"Undenied (Unspoken, #3)",True,"[3212657, 4183322]",False,[]
4223020,"The Escape (Henderson's Boys, #1)",False,[],True,"[6775500, 11598566, 14061320]"
4268157,"Perfect Chemistry (Perfect Chemistry, #1)",False,[],True,"[7137775, 8662836]"
4285906,"The Secrets of Peaches (Peaches, #2)",False,[],True,[7007675]
4371521,Dragonlinks (The Jelindel Chronicles #1),False,[],True,[5151494]
4412358,"Rise Of The Heroes (Hero.Com, #1)",False,[],True,[6379601]
4499214,"Sapphique (Incarceron, #2)",True,[332775],False,[]
4502507,"The Last Olympian (Percy Jackson and the Olympians, #5)",True,"[28187, 561456, 2120932, 28139720]",False,[]
4502877,"Midnight Sun (Twilight, #1.5)",True,[41865],True,"[49041, 428263, 7937462, 1162543, 3609763]"
4505117,"Top 8 (Top 8, #1)",False,[],False,[]
4533311,"The Books of Ember (Books of Ember, #1-3)",False,[],False,[]
4570679,Going Too Far,False,[],False,[]
4588949,"The Sorceress (The Secrets of the Immortal Nicholas Flamel, #3)",True,"[2402971, 17402605]",True,"[6693332, 8882815, 8458018, 12730051, 8519822]"
4609668,"Swim the Fly (Swim the Fly, #1)",False,[],True,"[7422105, 13414871]"
4634352,"By Royal Command (Young Bond, #5)",True,"[278794, 360918, 603911, 1660794]",False,[]
4641538,"Lost in Las Vegas (Carter House Girls, #5)",False,[],False,[]
4656655,Reunion,False,[],False,[]
4758093,"L.A. Candy (L.A. Candy, #1)",False,[],True,"[6609864, 7707538]"
4800764,"Sweet Persuasion (Sweet, #2)",True,[11808950],True,[8586722]
4823892,"The Devil's Breath (Danger Zone, #1)",False,[],True,[3886924]
4836077,The Great Call of China,False,[],False,[]
4837032,"The Roar (The Roar, #1)",False,[],True,[8507450]
4885565,"Skeleton Creek (Skeleton Creek, #1)",False,[],False,[]
4906733,"Spring Breakup (Aspen Brooks, #3)",True,"[332402, 1445890]",False,[]
4932435,"Finnikin of the Rock (Lumatere Chronicles, #1)",False,[],True,"[10165727, 10165761]"
4935015,"The Carbon Diaries 2015 (Carbon Diaries, #1)",False,[],False,[]
4936618,"Eternal (Tantalize, #2)",True,[353016],True,"[8601666, 12146537]"
4949140,"The Travelers: Book Three (Pendragon: Before the War, #3)",False,[],False,[]
4955889,Alexandria of Africa (Alexandria of Africa #1),False,[],False,[]
4991818,"Petty in Pink (Poseur, #3)",False,[],False,[]
5047880,"Hunger (Gone, #2)",True,[2536134],True,"[6686092, 6686101, 8811134, 8811139]"
5056084,"Wings (Wings, #1)",False,[],True,"[6801582, 6918909, 12846479]"
5058029,"Bite Me (Demon Underground, #1)",False,[],True,"[7789830, 15765505]"
5083281,"Once Dead, Twice Shy (Madison Avery, #1)",False,[],True,"[6100204, 7981459]"
5111039,"Royal Blood (Vampire Kisses, #6)",True,"[263147, 263171, 263172, 2051840]",True,"[6937878, 7312324]"
5135798,"Being Nikki (Airhead, #2)",True,[2213324],True,[6460331]
5138226,Jaded (Indigo Summer #4),True,[3127901],True,[6104998]
5139556,"Exposure (Paul Faustino, #3)",True,"[704076, 748635]",False,[]
5151494,Dragonsight (The Jelindel Chronicles #3),True,[4371521],False,[]
5155231,"The River (Hatchet, #2)",True,[50],False,[]
5170850,"Are These My Basoomas I See Before Me? (Confessions of Georgia Nicolson, #10)",True,"[112631, 112675, 112693, 402015]",False,[]
5212771,"Carpe Corpus (The Morganville Vampires, #6)",True,"[261122, 544257, 2295829, 3558003, 15712186]",True,"[11215073, 6289938, 7091713, 7600922, 10549501, 9526658, 13414055, 15739817, 15746882]"
5231173,Twenty Boy Summer,False,[],False,[]
5245026,Love You Hate You Miss You,False,[],False,[]
5266667,A Kiss in Time,False,[],False,[]
5266733,The Reformed Vampire Support Group,False,[],False,[]
5267365,"Don't Judge a Girl by Her Cover (Gallagher Girls, #3)",True,"[568645, 852470, 16301336]",True,"[6950688, 10560331, 13580951, 18759207]"
5280587,"Secret Vampire / Daughters of Darkness (Night World, #1-2)",False,[],False,[]
5287473,"Hex Hall (Hex Hall, #1)",False,[],True,"[8428064, 11454587]"
5324903,"X Returns (Exorsistah, #2)",True,[2093625],False,[]
5332825,"Out of My Depth (Electra Brown, #2)",True,[3082776],True,"[6163432, 6944271]"
5355769,"The Lost Days (Emily the Strange Novels, #1)",False,[],True,[9266774]
5391115,"The Awakening (Darkest Powers, #2)",True,"[2800905, 10417745, 10863354]",True,[10863283]
5455873,"Dead Girl Dancing (Dead Girl, #2)",True,[3371584],True,[6062021]
5510384,"Tricks (Tricks, #1)",False,[],True,[23015872]
5550882,"Flora's Fury (Flora Trilogy, #3)",True,"[229033, 3026012]",False,[]
5562484,"Dead Is So Last Year (Dead Is, #3)",True,"[2273246, 3392285]",True,"[7430195, 12513514, 17165986]"
5577995,"Silver Phoenix (Kingdom of Xia, #1)",False,[],False,[]
5589214,"Cassie (Girlfriend Fiction, #8)",True,"[2893839, 3398635, 6661409]",True,[6116588]
5633958,"Homecoming (Ghostgirl, #2)",True,[2508164],True,[7146050]
5644886,"Adored (It Girl, #8)",True,"[561403, 2251262, 3392571]",True,[6425484]
5664985,Along for the Ride,False,[],False,[]
5711724,"Intensely Alice (Alice, #21)",True,"[66898, 66899, 66905, 66929, 421536, 563485, 914120, 2543866, 6482983]",True,[12243374]
5742272,"My Life in Pink & Green (Pink & Green, #1)",False,[],False,[]
5778773,"Never Cry Werewolf (Never Cry Werewolf, #1)",False,[],True,[11513553]
5786888,"Love, Lies and Lizzie (21st Century Austen, #4)",True,"[147866, 1379792]",True,[7543798]
5821978,"The Summer I Turned Pretty (Summer, #1)",False,[],True,"[7187640, 13562232, 6584188, 8680278]"
5894600,"Watch the Skies (Daniel X, #2)",False,[],True,"[7125335, 13380664]"
5927441,"Just Another Hero (Jericho, #3)",True,"[266663, 266666]",False,[]
5927554,"Crashed (Cold Awakening, #2)",True,[2791536],False,[]
5955183,"Empty Quarter (Darcie Lock, #2)",True,[2411725],True,[12048297]
5985683,"Watersmeet (Watersmeet, #1)",False,[],True,[17944659]
5986567,"Always Watching (The Rayne Tour, #1)",False,[],True,[6760764]
5999817,And Then Everything Unraveled,False,[],False,[]
6005277,"Tap & Gown (Secret Society Girl, #4)",True,"[1145133, 13608072, 13608082]",False,[]
6013688,The Midnight Dancers (A Fairy Tale Retold #4),True,"[335377, 1304163]",False,[]
6043849,"The Ask and the Answer (Chaos Walking, #2)",True,"[2118745, 9412471]",True,[7540092]
6044486,"Zan-Gah:  A Prehistoric Adventure (Zan-Gah, #1)",False,[],True,"[7647725, 12118744]"
6055677,"Breaking Up Is Hard to Do (Miracle Girls, #2)",True,[3218903],True,"[6609712, 7145577]"
6055694,Winter's Child:  A Retelling of The Snow Queen,False,[],False,[]
6058249,Unbroken (Unspoken #1-3),False,[],False,[]
6058551,"Dark of the Moon (Dark Guardian, #3)",True,[3567200],False,[]
6062021,"Dead Girl in Love (Dead Girl, #3)",True,"[3371584, 5455873]",False,[]
6070065,"Jonas (Beautiful Dead, #1)",False,[],True,"[6434104, 7877758]"
6076413,"Ballad: A Gathering of Faerie (Books of Faerie, #2)",True,[3112850],False,[]
6082128,The Secret of the Dread Forest (Faire Folk Trilogy #3),True,"[1318894, 2507284]",False,[]
6096818,Evolution (Masks #2),True,[3707034],True,"[6442668, 8705946, 13436819, 15840970]"
6097180,"The Spook's Sacrifice (The Last Apprentice / Wardstone Chronicles, #6)",True,"[298567, 2899121]",True,[12236872]
6100204,"Early to Death, Early to Rise (Madison Avery, #2)",True,[5083281],True,[7981459]
6104998,Deal With It (Indigo Summer #6),True,"[3127901, 5138226]",False,[]
6105715,"Changeling (Changeling, #1)",False,[],True,"[6381368, 6750305, 7886945, 9653192]"
6116588,"Bookmark Days (Girlfriend Fiction, #9)",True,"[2893839, 3398635, 5589214, 6661409]",False,[]
6122545,"Red-Hot Summer (Red-Hot Summer, #1-4)",False,[],False,[]
6124802,Fairest of All: A Tale of the Wicked Queen,False,[],False,[]
6134826,"Blue Moon (The Immortals, #2)",True,"[13836, 24094]",True,"[13833, 6581511, 7198988, 9395215]"
6138539,"Scarlett Fever (Scarlett, #2)",True,[2328841],False,[]
6147366,Dark Calling,False,[],False,[]
6147544,"The Tycoon's Rebel Bride (The Anetakis Tycoons, #2)",False,[],True,"[17900135, 6296170]"
6148028,"Catching Fire (The Hunger Games, #2)",True,[2767052],True,[7260188]
6163432,"Swimming Against the Tide (Electra Brown, #3)",True,"[3082776, 5332825]",True,[6944271]
6167746,"Marked / Betrayed / Chosen / Untamed (House of Night, #1-4)",False,[],False,[]
6171732,"Heavenly (Heavenly, #1)",False,[],True,[8171984]
6171892,Genesis,False,[],False,[]
6178065,"Tenth Grade Bleeds (The Chronicles of Vladimir Tod, #3)",True,"[530848, 2272813]",True,[7818881]
6186357,"The Maze Runner (Maze Runner, #1)",True,"[13089710, 23267628]",True,"[7631105, 12878132, 7864437]"
6213592,"A Lover's Beauty (The Ramseys, #6)",True,"[15726653, 16168369]",True,"[8704507, 7463026, 8578899]"
6217361,"The Hourglass Door (Hourglass Door, #1)",False,[],True,"[6641635, 9675020]"
6223474,"Deadly Little Lies (Touch, #2)",True,"[2820533, 8428050]",True,"[11514121, 7735325, 13479179, 8789318, 10345708]"
6234910,"The Iron Thorn (Iron Codex, #1)",False,[],True,"[11387447, 13450454]"
6249550,"Wish You Were Dead (Thrillogy, #1)",False,[],False,[]
6255554,The Death Web (S.T.O.R.M. #5),False,[],False,[]
6261081,"Ruined (Ruined, #1)",False,[],True,"[26074185, 13409499, 31371485]"
6261122,Killer Pizza (Killer Pizza #1),False,[],False,[]
6261522,"The Body Finder (The Body Finder, #1)",False,[],True,"[11838803, 10468701]"
6262365,"Tempted (House of Night, #6)",False,[],True,"[6917952, 8652190, 7933617, 7933615, 16096873, 16136599]"
6267237,"The Van Alen Legacy (Blue Bloods, #4)",True,"[106085, 872333, 2753843]",True,"[7031834, 7747263, 7817785, 9578590, 10814946]"
6288121,"Von Gobstopper's Arcade (The Strangest Adventures, #3)",False,[],False,[]
6289599,"Half World (Half World, #1)",False,[],False,[]
6289938,"Fade Out (The Morganville Vampires, #7)",True,"[261122, 544257, 2295829, 3558003, 5212771, 11215073, 15712186]",True,"[7091713, 7600922, 10549501, 9526658, 13414055, 15739817, 15746882]"
6296170,"The Tycoon's Secret Affair (The Anetakis Tycoons, #3)",True,"[6147544, 17900135]",False,[]
6297248,The New Kid,False,[],False,[]
6297388,"Hunter's Moon (Avalon High: Coronation, #3)",False,[],False,[]
6304335,"Beautiful Creatures (Caster Chronicles, #1)",False,[],True,"[7842288, 11568316, 10757833, 7930335]"
6314327,"Friend Me (Mates, Dates, #1-3)",False,[],False,[]
6315602,"My Soul to Take (Soul Screamers, #1)",True,[6583427],True,"[6763961, 7476122, 8487363, 15729751, 8803932, 11418574, 13508069]"
6316125,"The Shifter (Healing Wars, #1)",False,[],False,[]
6316171,Hate List,False,[],False,[]
6317932,Viola in Reel Life (Viola #1),False,[],True,[7735331]
6318035,"Goth Girl Rising (The Astonishing Adventures of Fanboy and Goth Girl, #2)",True,[257445],False,[]
6318426,"Front and Center (Dairy Queen, #3)",True,"[16178, 649514]",True,[17165898]
6319176,"Devil's Kiss (Devil's Kiss, #1)",False,[],False,[]
6329443,"The Heavenstone Secrets (Heavenstone, #1)",False,[],True,[6719411]
6333646,"James Potter and the Curse of the Gatekeeper (James Potter, #2)",False,[],True,[18186704]
6338619,After,False,[],False,[]
6339664,"Hush, Hush (Hush, Hush, #1)",False,[],True,"[7791997, 10637766, 12751687]"
6343806,"Blood Witch / Dark Magick (Sweep, #3-4)",False,[],False,[]
6344423,"Intertwined (Intertwined, #1)",False,[],True,"[7696564, 10479340]"
6349976,"Pretty Little Liars Box Set (Pretty Little Liars, #1-4)",False,[],False,[]
6350991,Fireheart (The Gina Champion Mysteries #2),False,[],True,[2553035]
6357708,"Sisters Red (Fairytale Retellings, #1)",False,[],True,"[9415956, 11985913, 16039122]"
6364663,"Blood Ninja (Blood Ninja, #1)",False,[],True,[7775764]
6368610,"Radiant Shadows (Wicked Lovely, #4)",True,"[2321296, 8042847, 10000600]",True,[6368611]
6368611,"Darkest Mercy (Wicked Lovely, #5)",True,"[2321296, 6368610, 8042847, 10000600]",False,[]
6369113,Lips Touch: Three Times,False,[],False,[]
6374752,"Gool (The Salt Trilogy, #2)",True,[2969219],True,[10595980]
6375717,"(Re)cycler (Cycler, #2)",False,[],False,[]
6376575,"Another Faust (The Marlowe School, #1)",False,[],True,"[6762468, 12154327]"
6376772,Reign or Shine (Demon Princess #1),False,[],True,"[7041456, 12954632]"
6377397,"Word of Honour (The Laws of Magic, #3)",False,[],True,"[6856825, 8696678]"
6377584,"Invisible I (The Amanda Project, #1)",False,[],True,[7092393]
6378239,"Jumping Off Swings (Jumping Off Swings, #1)",False,[],True,[17262306]
6379601,"Crisis Point (Hero.Com, #3)",True,[4412358],False,[]
6380822,"The Dark Divine (The Dark Divine, #1)",False,[],True,"[7831742, 12998722, 10345642]"
6381368,"Dark Moon (Changeling, #2)",True,[6105715],True,"[6750305, 7886945, 9653192]"
6382952,The Eternal Kiss: 13 Vampire Tales of Blood and Desire,False,[],False,[]
6386363,"The Luxe Box Set (Luxe, #1-3)",False,[],False,[]
6390465,"Everwild (Skinjacker, #2)",True,[688191],True,[7669259]
6393119,"Once a Witch (Witch, #1)",False,[],False,[]
6393972,"This World We Live In (Last Survivors, #3)",True,"[213753, 2169506]",False,[]
6396975,"The Naughty List (The Naughty List, #1)",False,[],True,[11029147]
6404356,"Other (Other, #1)",False,[],True,[6965955]
6408862,Stolen: A Letter to My Captor,False,[],False,[]
6413775,"Confessions of a First Daughter (First Daughter, #1)",False,[],False,[]
6413788,Last Night I Sang to the Monster,False,[],False,[]
6416903,"Legacy of Lies & Don't Tell (Dark Secrets, #1-2)",False,[],False,[]
6421588,"Hourglass (Evernight, #3)",True,"[2722413, 3054684]",True,"[6619499, 10120780]"
6425484,"Devious (It Girl, #9)",True,"[561403, 2251262, 3392571, 5644886]",False,[]
6431790,"Fang (Maximum Ride, #6)",True,"[13139, 13152, 33676, 1829709, 3393124]",True,"[7201913, 11946245, 22208238]"
6434104,"Arizona (Beautiful Dead, #2)",True,[6070065],True,[7877758]
6435627,"I Will Always Love You (Gossip Girl, #12)",True,"[22186, 22188, 22192, 22193, 37451, 47924, 726458]",False,[]
6441509,"Shadow Souls (The Vampire Diaries: The Return, #2)",True,[3934321],True,[6934395]
6442668,Ordinary Champions (Masks #3),True,"[3707034, 6096818]",True,"[8705946, 13436819, 15840970]"
6442769,Paper Towns,False,[],False,[]
6443321,"These Boots Are Made for Stalking (The Clique, #12)",True,"[554194, 833745]",True,[7884756]
6448470,"Firelight (Firelight, #1)",False,[],True,[12522507]
6449920,Dragonfly,False,[],False,[]
6453405,"Oh. My. Gods. (Oh. My. Gods., #1)",False,[],True,"[13557105, 18012218]"
6457229,"The Monstrumologist (The Monstrumologist, #1)",False,[],True,"[7775755, 9955669, 13260751]"
6460331,"Runaway (Airhead, #3)",True,"[2213324, 5135798]",False,[]
6466251,"The Farfield Curse (Bran Hambric, #1)",False,[],False,[]
6472451,Ash,False,[],False,[]
6482837,Before I Fall,False,[],False,[]
6482981,Sea (Sea #1),False,[],False,[]
6482983,"Outrageously Alice (Alice, #9)",True,"[66929, 914120]",True,"[563485, 66905, 421536, 66899, 66898, 2543866, 5711724, 12243374]"
6484692,"Blue Bloods 3-Book Boxed Set (Blue Bloods, #1-3)",False,[],False,[]
6487308,"Fallen (Fallen, #1)",False,[],True,"[7740152, 9369720, 12588363, 12716010]"
6487723,Spud: Learning to Fly,False,[],False,[]
6487937,"Undead Much (Megan Berry, #2)",True,[3965854],False,[]
6503718,"The Light (Morpheus Road, #1)",False,[],True,"[8707554, 12837183]"
6506483,"Princess for Hire (Princess for Hire, #1)",False,[],True,[8527942]
6512140,Going Bovine,False,[],False,[]
6516627,Whisper,False,[],False,[]
6519787,The Abused Werewolf Rescue Group,False,[],False,[]
6527740,"Last Sacrifice (Vampire Academy, #6)",True,"[2282133, 18247324]",False,[]
6530472,"High Stakes & Hunted (Vampire Beach, #5-6)",False,[],False,[]
6553352,Voices of Dragons,False,[],False,[]
6555179,"What Matters Most (Diary of a Teenage Girl: Maya, #3)",False,[],False,[]
6555412,"It's Not About Him (Second Glances, #2)",True,[3048530],False,[]
6556855,Chasing Brooklyn,False,[],False,[]
6557805,"My So Called Death (Dead High, #1)",False,[],False,[]
6559815,"Arrival (The Phoenix Files, #1)",False,[],True,"[7622434, 9244992, 11483315, 11559968, 13611123]"
6566616,Crocodile Tears,False,[],False,[]
6567017,"Will Grayson, Will Grayson",False,[],False,[]
6571723,"The Morganville Vampires, Volume 1 (The Morganville Vampires, #1-2)",False,[],False,[]
6574102,"Heist Society (Heist Society, #1)",False,[],False,[]
6580510,Brightly Woven,False,[],False,[]
6581511,"Shadowland (The Immortals, #3)",True,"[13833, 13836, 24094, 6134826]",True,"[7198988, 9395215]"
6583427,"My Soul to Lose (Soul Screamers, #0.5)",False,[],True,"[6315602, 6763961, 7476122, 8487363, 15729751, 8803932, 11418574, 13508069]"
6584188,"It's Not Summer Without You (Summer, #2)",True,"[5821978, 7187640, 13562232]",True,[8680278]
6586336,"Dark Angel, The Chosen, and Soulmate (Night World, #4-6)",False,[],False,[]
6586512,Sing Me to Sleep,False,[],False,[]
6588585,"Flirting with Disaster (Stupid Cupid, #2)",False,[],False,[]
6589111,The Unwritten Rule,False,[],False,[]
6593439,"Leyla's Locket (Sera Chronicles, #1)",False,[],False,[]
6594657,"The Demon's Covenant (The Demon's Lexicon, #2)",True,[1829655],True,[9666870]
6599113,"The Pace (The Pace, #1)",False,[],True,[8507864]
6600137,"Captivate (Need, #2)",False,[],True,[9915707]
6600652,"Take a Chance on Me (Gossip Girl: The Carlyles, #3)",True,[1677986],False,[]
6605187,"Tidings of Great Boys (All About Us, #5)",False,[],False,[]
6605565,"Caught Up in the Drama (Good Girlz, #7)",True,"[712218, 793778, 2327727, 2427846, 3332202]",False,[]
6605625,"The Enemy (The Enemy, #1)",False,[],True,"[8038788, 21888731, 18453187, 17402901, 20550277]"
6609571,Violet Eyes:  A Retelling of The Princess and the Pea,False,[],False,[]
6609712,"A Little Help from My Friends (Miracle Girls, #3)",True,"[3218903, 6055677]",True,[7145577]
6609714,"The Lonely Hearts Club (The Lonely Hearts Club, #1)",False,[],True,"[23160681, 23160684, 18801694]"
6609758,"Numbers (Numbers, #1)",False,[],True,[7248435]
6609769,"Possessed (Rayne, #1)",False,[],True,"[8521630, 33809136]"
6609864,"Sweet Little Lies (L.A. Candy, #2)",True,[4758093],True,[7707538]
6611024,"Firespell (Dark Elite, #1)",False,[],True,[11455148]
6618187,"The Shadow Project (Shadow Project, #1)",False,[],False,[]
6618272,The Siren,False,[],False,[]
6619499,"Afterlife (Evernight, #4)",True,"[2722413, 3054684, 6421588]",True,[10120780]
6620466,"Wish (Wish, #1)",False,[],True,"[17696143, 8369680, 27856404, 20553852]"
6623475,"The Thirteenth Skull (Alfred Kropp, #3)",False,[],False,[]
6624871,Some Girls Are,False,[],False,[]
6633007,"Solitary (Escape from Furnace, #2)",True,[12310826],True,"[9975400, 9759297, 16112704]"
6633641,"Wiccan Cool (Rhiannon Godfrey, #3)",True,[4138306],False,[]
6638377,Nightlight: A Parody,False,[],False,[]
6641635,"The Golden Spiral (Hourglass Door, #2)",True,[6217361],True,[9675020]
6648020,"Shade (Shade, #1)",False,[],True,"[8542996, 16122992, 10552965, 15763985]"
6661409,"The Sweet Life (Girlfriend Fiction, #7)",True,"[2893839, 3398635]",True,"[5589214, 6116588]"
6665671,Please Ignore Vera Dietz,False,[],False,[]
6666385,"The Clone Codes (The Clone Codes, #1)",False,[],False,[]
6668914,"Watch for Me by Moonlight (The Midnight Twins, #3)",True,[2460633],False,[]
6682769,"Guardian of the Gate (Prophecy of the Sisters, #2)",False,[],True,[6798947]
6686092,"Lies (Gone, #3)",True,"[2536134, 5047880]",True,"[6686101, 8811134, 8811139]"
6686101,"Plague (Gone, #4)",True,"[2536134, 5047880, 6686092]",True,"[8811134, 8811139]"
6693329,"After Ever After (Drums, Girls & Dangerous Pie, #2)",True,[318404],False,[]
6693332,"The Necromancer  (The Secrets of the Immortal Nicholas Flamel, #4)",True,"[2402971, 4588949, 17402605]",True,"[8882815, 8458018, 12730051, 8519822]"
6693415,"Scandal (Private, #11)",True,"[381489, 630104, 1783281, 1783289, 2206960, 2943733, 3997399]",True,[9918277]
6696340,"Worldshaker (Worldshaker, #1)",False,[],False,[]
6696602,"Infinity (Chronicles of Nick, #1)",False,[],True,"[8677937, 10542244, 16704220, 20868595, 22559712, 22559726]"
6707693,"My Love Lies Bleeding (Drake Chronicles, #1)",True,"[13517537, 13559525]",True,"[7234801, 7801124, 13604849, 13170035, 18873615]"
6719411,"Secret Whispers (Heavenstone, #2)",True,[6329443],False,[]
6740756,"Tempestuous (Wondrous Strange, #3)",True,[3064985],False,[]
6742311,"Insurrection (Nevermore, #1)",True,[7129598],True,"[9239571, 9755769]"
6750305,"Blood Wolf (Changeling, #3)",True,"[6105715, 6381368]",True,"[7886945, 9653192]"
6750586,As You Wish (Genies #1),False,[],False,[]
6750738,"Kiss of Life (Generation Dead, #2)",False,[],True,[7031827]
6752378,"City of Fallen Angels (The Mortal Instruments, #4)",True,"[256683, 1582996]",True,"[8755776, 8755785]"
6760761,The False Princess,False,[],False,[]
6760764,"Final Touch (The Rayne Tour, #3)",True,[5986567],False,[]
6762468,"Another Pan (The Marlowe School, #2)",True,[6376575],True,[12154327]
6763961,"My Soul to Save (Soul Screamers, #2)",True,"[6315602, 6583427]",True,"[7476122, 8487363, 15729751, 8803932, 11418574, 13508069]"
6768411,"Mistwood (Mistwood, #1)",False,[],False,[]
6773432,"TimeRiders (TimeRiders, #1)",False,[],True,"[8129464, 8827905, 10726285, 12337271, 20734103]"
6775500,"Secret Army (Henderson's Boys, #3)",True,[4223020],True,"[11598566, 14061320]"
6780439,"Dark Visions (Dark Visions, #1-3)",False,[],False,[]
6793727,"Katy's New World (Katy Lambright Series, #1)",False,[],False,[]
6794855,Betrayal  (Immortal #2),False,[],True,[12924419]
6798947,"Circle of Fire (Prophecy of the Sisters, #3)",True,[6682769],False,[]
6801582,"Spells (Wings, #2)",True,[5056084],True,"[6918909, 12846479]"
6839020,"Fever Crumb (Fever Crumb, #1)",False,[],True,[8608257]
6850264,"When I Was Joe (When I Was Joe, #1)",False,[],True,[7713246]
6856825,"Time of Trial (The Laws of Magic, #4)",True,[6377397],True,[8696678]
6864623,"The Revenge of Praying Mantis (Hattori Hachi, #1)",False,[],True,[7807928]
6882274,"The Mockingbirds (The Mockingbirds, #1)",False,[],True,[11011545]
6891728,"Rising Shadow (The Soterians, #1)",False,[],True,[7884981]
6905534,"Raised by Wolves (Raised by Wolves, #1)",False,[],True,"[9369687, 12680993]"
6905569,The Forbidden Sea,False,[],False,[]
6917952,"Burned (House of Night, #7)",True,[6262365],True,"[8652190, 7933617, 7933615, 16096873, 16136599]"
6918909,"Illusions (Wings, #3)",True,"[5056084, 6801582]",True,[12846479]
6920820,"Shadow Hills (Shadow Hills, #1)",False,[],False,[]
6927672,"My So-Called Afterlife (Afterlife, #1)",False,[],True,[13184820]
6930002,"The Iron Witch (The Iron Witch, #1)",False,[],True,"[9816077, 10131347]"
6931344,"The Near Witch (The Near Witch, #1)",True,[13643876],False,[]
6931356,The DUFF: Designated Ugly Fat Friend,False,[],False,[]
6931675,"The Crossing (Blood of the Lamb, #1)",False,[],True,[8495101]
6933135,"Witch Eyes (Witch Eyes, #1)",False,[],True,[12923534]
6934395,"Midnight (The Vampire Diaries: The Return, #3)",True,"[3934321, 6441509]",False,[]
6936382,"Anna and the French Kiss (Anna and the French Kiss, #1)",False,[],True,"[9961796, 9627755]"
6937878,"Love Bites (Vampire Kisses, #7)",True,"[263147, 263171, 263172, 2051840, 5111039]",True,[7312324]
6944271,"Taking the Plunge (Electra Brown, #4)",True,"[3082776, 5332825, 6163432]",False,[]
6947949,"Angel Star (Angel Star, #1)",False,[],True,[8259397]
6950688,"Only the Good Spy Young (Gallagher Girls, #4)",True,"[568645, 852470, 5267365, 16301336]",True,"[10560331, 13580951, 18759207]"
6963749,"Clarity (Clarity, #1)",False,[],True,[9396162]
6965955,"Bloodborn (Other, #2)",True,[6404356],False,[]
6970490,"Siren (Siren, #1)",False,[],True,"[9536655, 20849558, 12925333]"
6983512,"Princess (The Circle, #3)",True,[18465419],False,[]
7007561,"Gregor the Overlander Box Set (Underland Chronicles, #1-5)",False,[],False,[]
7007675,"Love and Peaches (Peaches, #3)",True,[4285906],False,[]
7008041,"The Ghost and the Goth (The Ghost and the Goth, #1)",False,[],True,"[9504214, 12871657]"
7016844,"Asking for Trouble (London Confidential, #1)",False,[],False,[]
7022166,"The Poison Diaries (The Poison Diaries, #1)",False,[],False,[]
7027735,"Dark Life (Dark Life, #1)",False,[],True,[8811401]
7031827,"Passing Strange (Generation Dead, #3)",True,[6750738],False,[]
7031834,"Keys to the Repository (Blue Bloods, #4.5)",True,"[106085, 872333, 2753843, 6267237]",True,"[7747263, 7817785, 9578590, 10814946]"
7031835,"Black Hole Sun (Hell's Cross, #1)",False,[],True,"[11777039, 15727440]"
7041456,Reign Check (Demon Princess #2),True,[6376772],True,[12954632]
7058185,"The Oracle of Dating (The Oracle of Dating, #1)",False,[],True,[8049545]
7059135,"Inside Out (Insider, #1)",False,[],True,[8901953]
7074259,Fixing Delilah,False,[],False,[]
7075298,Cloaked,False,[],False,[]
7083046,"Trackers (Trackers, #1)",False,[],False,[]
7090447,"The Red Pyramid (Kane Chronicles, #1)",False,[],True,[12893742]
7091370,"The Carrie Diaries (The Carrie Diaries, #1)",False,[],True,[9266769]
7091426,"Echoes (Fingerprints, #1-3)",False,[],False,[]
7091713,"Kiss of Death (The Morganville Vampires, #8)",True,"[261122, 544257, 2295829, 3558003, 5212771, 6289938, 11215073, 15712186]",True,"[7600922, 10549501, 9526658, 13414055, 15739817, 15746882]"
7091747,"Love Sucks! (Bite Me, #2)",False,[],False,[]
7092393,"Revealed (The Amanda Project, #2)",True,[6377584],False,[]
7095831,"Ship Breaker (Ship Breaker, #1)",False,[],True,"[12814594, 34212799]"
7107790,The World Above:  A Retelling of Jack and the Beanstalk and Robin Hood,False,[],False,[]
7111552,"One Night That Changes Everything (One Night That Changes Everything, #1)",True,[9978127],False,[]
7123181,"Now You See Me (Gifted, #5)",True,"[25493859, 27414108]",False,[]
7124101,"The Fallen and Leviathan (The Fallen, #1-2)",False,[],False,[]
7124475,"Endless Summer (The Boys Next Door, #1-2)",False,[],False,[]
7125335,"Demons and Druids (Daniel X, #3)",True,[5894600],True,[13380664]
7129588,Forget You,False,[],False,[]
7129598,"Nevermore (Nevermore, #1)",False,[],True,"[6742311, 9239571, 9755769]"
7130788,"The Eternal Ones (Eternal Ones, #1)",False,[],False,[]
7132233,"Under My Skin (Skinned, #1)",False,[],False,[]
7137327,"Enclave (Razorland, #1)",True,[16066962],True,"[15362992, 10193062, 18710799, 25740472]"
7137775,"Rules of Attraction (Perfect Chemistry, #2)",True,[4268157],True,[8662836]
7145577,"Love Will Keep Us Together (Miracle Girls, #4)",True,"[3218903, 6055677, 6609712]",False,[]
7146050,"Lovesick (Ghostgirl, #3)",True,"[2508164, 5633958]",False,[]
7148783,"Movers & Fakers (Alphas, #2)",False,[],False,[]
7153515,"Deadly Rumours (Horror High, #6)",True,"[523067, 7466728, 8195852]",True,[523079]
7154141,"Colters' Wife (Colters' Legacy, #1.5)",False,[],True,"[7789774, 8358316, 13060819, 18244846]"
7157310,"Rot & Ruin (Rot & Ruin, #1)",False,[],True,"[9917998, 13647095, 13147460, 16145729, 13424356, 24885532]"
7171637,"Clockwork Angel (The Infernal Devices, #1)",False,[],True,"[10025305, 18335634]"
7171876,"Fallout (Crank, #3)",True,[270804],False,[]
7171882,"Crusade (Crusade, #1)",False,[],True,"[9031163, 12044946]"
7187640,"The Summer of Skinny Dipping (Summer, #1)",True,[5821978],True,"[13562232, 6584188, 8680278]"
7194006,"Rise of the Poison Moon (Jennifer Scales, #5)",True,"[615939, 615943, 615947, 3551707]",False,[]
7194943,"Vanished: When Lightning Strikes / Code Name Cassandra (Vanished, #1-2)",False,[],False,[]
7198988,"Dark Flame (The Immortals, #4)",True,"[13833, 13836, 24094, 6134826, 6581511]",True,[9395215]
7201913,"Angel (Maximum Ride, #7)",True,"[13139, 13152, 33676, 1829709, 3393124, 6431790]",True,"[11946245, 22208238]"
7202356,Shadows of the Redwood (Scions of Shadow Trilogy #1),False,[],False,[]
7224154,"The Last Vampire and Black Blood (The Last Vampire, #1-2)",False,[],False,[]
7234801,"Blood Feud (Drake Chronicles, #2)",True,"[6707693, 13517537, 13559525]",True,"[7801124, 13604849, 13170035, 18873615]"
7237535,"Aries Rising  (Star Crossed, #1)",False,[],False,[]
7238737,"Being Jamie Baker (Jamie Baker, #1)",False,[],True,"[16162774, 18590095]"
7239607,"The Wedding of Antanasia Jessica Packwood and Lucius Valeriu Vladescu (Jessica, #1.5)",True,[3389671],False,[]
7241493,"The Summer of Shambles (Ondine, #1)",False,[],False,[]
7241984,"Legacies (Shadow Grail, #1)",False,[],True,[15709133]
7242757,"Crave (Crave, #1)",False,[],True,[9861743]
7245329,"The Candidates (Delcroix Academy, #1)",False,[],True,[9504212]
7247856,"Hunger (Riders of the Apocalypse, #1)",False,[],True,"[7670661, 12176820, 10380505]"
7248435,"The Chaos (Numbers, #2)",True,[6609758],False,[]
7260188,"Mockingjay (The Hunger Games, #3)",True,"[2767052, 6148028]",False,[]
7263429,Wolfsbane (Nightshade #2; Nightshade World #5),True,"[7402393, 9537565]",True,"[13031056, 8130839]"
7271563,"Northanger Alibi (The Jane Austen Diaries, #2)",True,[12092005],True,"[13453481, 16164977, 17405448]"
7312324,"Cryptic Cravings (Vampire Kisses, #8)",True,"[263147, 263171, 263172, 2051840, 5111039, 6937878]",False,[]
7320458,"The Legacy (The Declaration, #3)",True,"[3039305, 17261125]",False,[]
7343947,Kisses from Hell,False,[],False,[]
7362638,"Amplified (Amplified, #1)",False,[],True,[32872456]
7402393,Nightshade (Nightshade #1; Nightshade World #4),True,[9537565],True,"[7263429, 13031056, 8130839]"
7414922,"Skins: the Novel (Skins, #1)",False,[],False,[]
7417780,The Piper's Son,False,[],False,[]
7422105,"Beat the Band (Swim the Fly, #2)",True,[4609668],True,[13414871]
7430195,"Dead Is Just A Rumor (Dead Is, #4)",True,"[2273246, 3392285, 5562484]",True,"[12513514, 17165986]"
7431311,"After Hours (The Vampire Diaries: Extras, #1.5)",True,"[11277448, 12818713]",False,[]
7441970,"Buffy the Vampire Slayer, Vol. 2 (BTVS Collection #2)",False,[],False,[]
7454142,"February (Conspiracy 365, #2)",False,[],True,"[12771076, 13647105]"
7456030,"The Dark Deeps (The Hunchback Assignments, #2)",False,[],True,[13268443]
7456034,Extraordinary (Impossible #2),False,[],True,[17465446]
7463026,"Lover's Allure (The Ramseys, #8)",True,"[6213592, 8704507, 15726653, 16168369]",True,[8578899]
7466728,"Toxic Beauty (Horror High, #1)",False,[],True,"[523067, 8195852, 7153515, 523079]"
7476122,"My Soul to Keep (Soul Screamers, #3)",True,"[6315602, 6583427, 6763961]",True,"[8487363, 15729751, 8803932, 11418574, 13508069]"
7488244,"Unearthly (Unearthly, #1)",False,[],True,"[11563110, 15851966, 13049981]"
7488686,"Banished (Banished, #1)",False,[],True,[10079311]
7507908,The Replacement,False,[],False,[]
7507944,"Akata Witch (Akata Witch, #1)",False,[],True,[18746776]
7514925,Tiger Lily,False,[],False,[]
7528551,"I Like Him, He Likes Her (Alice, #13-15)",False,[],False,[]
7531478,Scars,False,[],False,[]
7531734,"She's So Dead to Us (He's So/She's So, #1)",False,[],False,[]
7540092,"Monsters of Men (Chaos Walking, #3)",True,"[2118745, 6043849, 9412471]",False,[]
7543798,"Echoes of Love (21st Century Austen, #5)",True,"[147866, 1379792, 5786888]",False,[]
7577116,"Shadows (Dark Touch, #1)",False,[],False,[]
7579164,"The Outsider (The OC, #1)",False,[],True,"[446293, 52489, 1090202]"
7600922,"Ghost Town (The Morganville Vampires, #9)",True,"[261122, 544257, 2295829, 3558003, 5212771, 6289938, 7091713, 11215073, 15712186]",True,"[10549501, 9526658, 13414055, 15739817, 15746882]"
7600924,Forbidden,False,[],False,[]
7622434,"Contact (The Phoenix Files, #2)",True,[6559815],True,"[9244992, 11483315, 11559968, 13611123]"
7631105,"The Scorch Trials (Maze Runner, #2)",True,"[6186357, 13089710, 23267628]",True,"[12878132, 7864437]"
7635409,"Fangs for Freaks (Half-Blood Vampires, #2)",False,[],True,[18194555]
7647725,"Zan-Gah and the Beautiful Country (Zan-Gah, #2)",True,[6044486],True,[12118744]
7648728,Book Girl and the Suicidal Mime,False,[],False,[]
7656222,"Lost Voices (Lost Voices, #1)",False,[],True,"[12628635, 12450811]"
7656231,"A Need So Beautiful (A Need So Beautiful, #1)",False,[],True,[12924307]
7664334,Amy & Roger's Epic Detour,False,[],False,[]
7664713,"Vesper (Deviants, #1)",False,[],False,[]
7669259,"Everfound (Skinjacker, #3)",True,"[688191, 6390465]",False,[]
7670661,"Rage (Riders of the Apocalypse, #2)",True,[7247856],True,"[12176820, 10380505]"
7670714,"The Pearl Wars (Skyship Academy, #1)",False,[],True,"[12926636, 17261811]"
7671562,"Ashes, Ashes (Ashes, Ashes, #1)",False,[],False,[]
7696564,"Unraveled (Intertwined, #2)",True,[6344423],True,[10479340]
7704978,"Mean Spirits / Young Blood (The Mediator, #3-4)",False,[],False,[]
7704979,"Love You to Death / High Stakes (The Mediator, #1-2)",False,[],False,[]
7707538,"Sugar and Spice (L.A. Candy, #3)",True,"[4758093, 6609864]",False,[]
7713246,"Almost True (When I Was Joe, #2)",True,[6850264],False,[]
7719245,"Paranormalcy (Paranormalcy, #1)",False,[],True,"[8581936, 9064899]"
7726036,"Ascendant (Killer Unicorns, #2)",True,[11052164],False,[]
7726143,"Origins (The Vampire Diaries: Stefan's Diaries, #1)",False,[],True,[11595501]
7726427,"Salvaged (Salvaged, #1)",False,[],True,[11034895]
7731996,"Dust (Dust, #1)",False,[],True,"[17455516, 18259724, 20621397]"
7732360,"Away (The Line, #2)",False,[],True,[13610675]
7735325,"Deadly Little Games (Touch, #3)",True,"[2820533, 6223474, 8428050, 11514121]",True,"[13479179, 8789318, 10345708]"
7735329,"Trickster's Girl (Raven Duet, #1)",False,[],True,[12559613]
7735331,"Viola in the Spotlight (Viola, #2)",True,[6317932],False,[]
7735333,"Matched (Matched, #1)",False,[],True,[15812814]
7736665,"Arson (Arson, #1)",False,[],False,[]
7737852,"Past Midnight (Past Midnight, #1)",False,[],True,"[9188333, 8621466, 11542006, 9132487]"
7740030,The Secret Society of the Pink Crystal Ball,False,[],False,[]
7740152,"Torment (Fallen, #2)",True,[6487308],True,"[9369720, 12588363, 12716010]"
7741325,"Dash & Lily's Book of Dares (Dash & Lily, #1)",False,[],False,[]
7742850,"The Boredom of Haruhi Suzumiya (Haruhi Suzumiya, #3)",False,[],False,[]
7744611,"Code (Virals, #3)",True,[8709640],True,"[19034958, 21973270]"
7747064,"The Iron Daughter (The Iron Fey, #2)",True,[8070049],True,"[8685612, 13544184, 9659607, 13487061, 15724014]"
7747263,"Misguided Angel (Blue Bloods, #5)",True,"[106085, 872333, 2753843, 6267237, 7031834]",True,"[7817785, 9578590, 10814946]"
7747374,"I Am Number Four (Lorien Legacies, #1)",False,[],True,"[8659601, 12971616, 15861491, 19346451, 27161189]"
7757634,"The Vision (The Mark, #2)",False,[],False,[]
7765763,"Enlightened (Little Boy Lost, #1)",False,[],True,"[11128881, 11796317, 13265927]"
7766020,How To Rock Braces and Glasses,False,[],False,[]
7767952,"Real Mermaids Don’t Wear Toe Rings (Real Mermaids, #1)",False,[],True,"[11421556, 17683795]"
7775611,"Thirst No. 3: The Eternal Dawn (Thirst, #3)",False,[],True,[14290023]
7775695,"The  Edge (Star Trek: Starfleet Academy, #2)",True,[7841501],True,[8794160]
7775755,"The Curse of the Wendigo (The Monstrumologist, #2)",True,[6457229],True,"[9955669, 13260751]"
7775764,"The Revenge of Lord Oda (Blood Ninja, #2)",True,[6364663],False,[]
7778981,"Halo (Halo, #1)",False,[],True,"[9666812, 13056511]"
7781705,"Dark Reflections (Dark Reflections, #1-3)",False,[],False,[]
7789774,"Colters' Lady (Colters' Legacy, #2)",True,[7154141],True,"[8358316, 13060819, 18244846]"
7789830,"Try Me (Demon Underground, #2)",True,[5058029],True,[15765505]
7791997,"Crescendo (Hush, Hush, #2)",True,[6339664],True,"[10637766, 12751687]"
7794569,"Portal (Portal Chronicles, #1)",False,[],True,"[13564744, 8614631, 8586874, 9528679, 17311710]"
7796794,"Returner's Wealth (Wyrmeweald, #1)",False,[],True,[17185533]
7797874,"Return to Paradise (Leaving Paradise, #2)",True,[544424],False,[]
7801124,"Out for Blood (Drake Chronicles, #3)",True,"[6707693, 7234801, 13517537, 13559525]",True,"[13604849, 13170035, 18873615]"
7806594,"Love at First Click (First Kisses, #6)",True,[1287871],False,[]
7807928,"Stalking the Enemy (Hattori Hachi, #2)",True,[6864623],False,[]
7811491,The Blending Time,False,[],False,[]
7812107,Slice of Cherry,False,[],False,[]
7817785,"Bloody Valentine (Blue Bloods, #5.5)",True,"[106085, 872333, 2753843, 6267237, 7031834, 7747263]",True,"[9578590, 10814946]"
7818881,"Twelfth Grade Kills (The Chronicles of Vladimir Tod, #5)",True,"[530848, 2272813, 6178065]",False,[]
7821932,"The Gift (Witch & Wizard, #2)",False,[],True,[10778413]
7823502,"The Allegra Biscotti Collection  (The Allegra Biscotti Collection, #1)",False,[],False,[]
7823592,"Reckless (Mirrorworld, #1)",False,[],False,[]
7823600,"Personal Demons (Personal Demons, #1)",False,[],True,[9642278]
7824322,Between Shades of Gray,False,[],False,[]
7825677,"Love and Other Things I'm Bad At (Courtney Von Dragen Smith, #3)",False,[],False,[]
7826116,"Behemoth (Leviathan, #2)",False,[],True,[9918083]
7826117,Jane,False,[],False,[]
7826504,"Gallagher Girls Boxed Set (Gallagher Girls, #1-3)",False,[],False,[]
7831742,"The Lost Saint (The Dark Divine, #2)",True,[6380822],True,"[12998722, 10345642]"
7841501,"The Delta Anomaly (Star Trek: Starfleet Academy, #1)",False,[],True,"[7775695, 8794160]"
7842288,"Beautiful Darkness (Caster Chronicles, #2)",True,[6304335],True,"[11568316, 10757833, 7930335]"
7844725,"Elixir (Elixir, #1)",False,[],True,"[9729681, 14802438]"
7848083,"Vanished: Safe House / Sanctuary (Vanished, #3-4)",False,[],False,[]
7849034,"Goddess (Starcrossed, #3)",True,"[9462795, 12995284, 17611262]",False,[]
7849341,"Tiger's Voyage (The Tiger Saga, #3)",True,"[9284655, 9662386, 20932616]",True,"[12677913, 12474623]"
7863274,Graffiti Moon,False,[],False,[]
7864437,"The Death Cure (Maze Runner, #3)",True,"[6186357, 7631105, 12878132, 13089710, 23267628]",False,[]
7875327,"Dead Beautiful (Dead Beautiful, #1)",False,[],True,[10551253]
7877549,"StarCrossed (Thief Errant, #1)",False,[],True,[10345489]
7877758,"Phoenix (Beautiful Dead, #4)",True,"[6070065, 6434104]",False,[]
7884756,"A Tale of Two Pretties (The Clique, #14)",True,"[554194, 833745, 6443321]",False,[]
7884981,"Merger (The Soterians, #2)",True,[6891728],False,[]
7885914,"Moonstone (Unbidden Magic, #1)",False,[],True,[13081309]
7886302,"Radiance (Riley Bloom, #1)",False,[],True,"[9277335, 12003673]"
7886945,"Demon Games (Changeling, #4)",True,"[6105715, 6381368, 6750305]",True,[9653192]
7890058,Low Red Moon,False,[],False,[]
7896141,"Book of Love (Knight Angels, #1)",False,[],True,[8016634]
7896345,"The Gathering (Darkness Rising, #1)",False,[],True,"[13570670, 11765920, 11864728]"
7896527,"Throne of Glass (Throne of Glass, #1)",True,"[13415554, 13419891, 13546173, 13565676, 18333581]",True,"[20613470, 18006496, 31450852, 33590260]"
7906105,"Girl, Stolen (Girl, Stolen #1)",False,[],True,[26158729]
7926791,"Haunted (Dreaming Anastasia, #2)",False,[],False,[]
7930335,"Beautiful Redemption (Caster Chronicles, #4)",True,"[6304335, 7842288, 10757833, 11568316]",False,[]
7933615,"Hidden (House of Night, #10)",True,"[6262365, 6917952, 7933617, 8652190]",True,"[16096873, 16136599]"
7933617,"Destined (House of Night, #9)",True,"[6262365, 6917952, 8652190]",True,"[7933615, 16096873, 16136599]"
7937462,"The Short Second Life of Bree Tanner (Twilight, #3.5)",True,"[41865, 49041, 428263, 4502877]",True,"[1162543, 3609763]"
7938275,"The Hunger Games Trilogy Boxset (The Hunger Games, #1-3)",False,[],False,[]
7940923,"Night School (Blood Coven Vampire, #5)",True,"[38564, 39346, 601369]",True,[10508192]
7940997,"The Emerald Talisman (Talisman, #1)",False,[],True,"[16247654, 8585694, 10233236]"
7944608,"The Morganville Vampires, Volume 2 (The Morganville Vampires, #3-4)",False,[],False,[]
7948945,"Falling Under (Falling Under, #1)",False,[],True,"[15756622, 10640020]"
7967907,The Pack (The Pack #1),False,[],True,[15710310]
7968653,Wolf Pact,False,[],False,[]
7972373,"Revenge of the Geek (Geek High, #4)",True,[2082405],False,[]
7981459,"Something Deadly This Way Comes (Madison Avery, #3)",True,"[5083281, 6100204]",False,[]
7991200,"Angel (Angel, #1)",False,[],True,"[9553503, 10314229]"
7992995,"Eona: The Last Dragoneye (Eon, #2)",True,[2986865],False,[]
8008895,"Paradise Lost (Paradise, #2)",True,[4717],False,[]
8013391,"Real Live Boyfriends: Yes. Boyfriends, Plural. If My Life Weren't Complicated, I Wouldn't Be Ruby Oliver (Ruby Oliver, #4)",True,[516182],False,[]
8013813,"Million Dollar Mates (Million Dollar Mates, #1)",False,[],False,[]
8016634,"Book of Revenge (Knight Angels, #2)",True,[7896141],False,[]
8038788,The Dead (The Enemy #2),True,[6605625],True,"[21888731, 18453187, 17402901, 20550277]"
8041873,"Hold Me Closer, Necromancer (Necromancer, #1)",True,[10151346],False,[]
8042847,"Stopping Time (Wicked Lovely, #2.5)",True,[2321296],True,"[10000600, 6368610, 6368611]"
8046350,"My Blood Approves (My Blood Approves, #1)",False,[],True,"[8349348, 9723754]"
8046680,The Girl Who Was on Fire: Your Favorite Authors on Suzanne Collins' Hunger Games Trilogy,False,[],False,[]
8049545,"The Oracle Rebounds (The Oracle of Dating, #2)",True,[7058185],False,[]
8061032,"This is Shyness (This is Shyness, #1)",False,[],True,[13042766]
8064533,"Girl, 16: Five Star Fiasco (Jess Jordan, #4)",True,"[920432, 1594681]",True,"[11946900, 15931730]"
8069816,"Bitter Frost (Frost, #1)",False,[],True,"[13555538, 15700479, 18040360, 9639859, 17225892, 11489012, 18748877, 18469570, 11311068, 13270871, 15801791]"
8070049,"Winter's Passage (Iron Fey, #1.5)",False,[],True,"[7747064, 8685612, 13544184, 9659607, 13487061, 15724014]"
8070241,"The Lost Boy (The Noricin Chronicles, #1)",False,[],True,[10747722]
8100422,"Timeless (Timeless, #1)",False,[],True,[10349697]
8101452,Babe in Boyland,False,[],False,[]
8109130,"Darkness Becomes Her (Gods & Monsters, #1)",False,[],True,"[8109141, 16650652]"
8109141,"A Beautiful Evil (Gods & Monsters, #2)",True,[8109130],True,[16650652]
8113512,Poison,False,[],False,[]
8115908,"It's Not Like I Planned It This Way (Alice, #16-18)",False,[],False,[]
8122052,"Glimpse (Zellie Wells, #1)",False,[],True,[8880275]
8129464,"Day of the Predator (TimeRiders, #2)",True,[6773432],True,"[8827905, 10726285, 12337271, 20734103]"
8130839,Bloodrose (Nightshade #3; Nightshade World #6),True,"[7263429, 7402393, 9537565, 13031056]",False,[]
8139160,"Balefire (Balefire, #1-4)",False,[],False,[]
8146007,"A Measure of Disorder (Mother-Earth, #1)",False,[],True,[8396288]
8161632,"Shadowspell (Faeriewalker, #2)",True,[9873443],False,[]
8171792,"Magic Under Stone (Magic Under, #2)",False,[],False,[]
8171984,"Absolution (Heavenly, #3)",True,[6171732],False,[]
8177852,"Airel: The Awakening (The Airel Saga: Book 1, Part 1)",True,"[13069755, 15726670]",False,[]
8195852,"Grave Intentions (Horror High, #3)",True,"[523067, 7466728]",True,"[7153515, 523079]"
8235178,"Across the Universe (Across the Universe, #1)",False,[],True,"[10345927, 16181322, 10345937]"
8235919,"Forgive My Fins (Fins, #1)",False,[],True,"[11056634, 18469077]"
8239438,Boys Don't Cry,False,[],False,[]
8242902,"Failing Test (The Shadow Series, #1)",False,[],False,[]
8249764,"Minder (Ganzfield, #1)",False,[],True,"[8249765, 8883123, 8883130, 8883134]"
8249765,"Adversary (Ganzfield, #2)",True,[8249764],True,"[8883123, 8883130, 8883134]"
8259397,"Lemniscate (Angel Star, #2)",True,[6947949],False,[]
8269450,"Darkest Powers Trilogy (Darkest Powers, #1-3)",False,[],False,[]
8288246,"Red Glove (Curse Workers, #2)",False,[],True,[8884616]
8306725,"Battle Magic (Circle Reforged, #3)",True,[153783],False,[]
8306741,"Thick as Thieves (The Queen's Thief, #5)",True,"[40159, 448873]",False,[]
8306761,"For Darkness Shows the Stars (For Darkness Shows the Stars, #1)",True,[14779549],True,[17936738]
8314214,"Finding Sky (Benedicts, #1)",False,[],True,"[10410278, 28007282, 18857916, 28078289]"
8329929,"Chasers (Alone, #1)",False,[],False,[]
8337087,"Possession (Possession, #1)",True,[13141299],True,"[13573678, 11700071, 16074322]"
8349348,"Flutter (My Blood Approves, #3)",True,[8046350],True,[9723754]
8354134,The Running Dream,False,[],False,[]
8358316,"Colters' Daughter (Colters' Legacy, #3)",True,"[7154141, 7789774]",True,"[13060819, 18244846]"
8369680,"Wishful Thinking (Wish, #2)",True,"[6620466, 17696143]",True,"[27856404, 20553852]"
8369681,Prom and Prejudice,False,[],False,[]
8373527,"Mercy (Mercy, #1)",False,[],True,"[8903595, 10211811, 11964923]"
8378239,"Modern Faerie Tales (Modern Faerie Tales, #1-3)",False,[],False,[]
8384118,"The Synthesis (Powerless, #1)",False,[],True,"[9200919, 9792262]"
8396288,"A Cure for Chaos (Mother-Earth, #2)",True,[8146007],False,[]
8396340,Tortall and Other Lands: A Collection of Tales,False,[],False,[]
8407173,Jasper Jones,False,[],False,[]
8409017,Merrow,False,[],False,[]
8428012,Chain Letter: Two Books in One,False,[],False,[]
8428050,"A Touch Mortal (A Touch Trilogy, #1)",True,[2820533],True,"[6223474, 11514121, 7735325, 13479179, 8789318, 10345708]"
8428056,"Once in a Full Moon (Full Moon, #1)",False,[],True,"[10551290, 13633301]"
8428064,"Demonglass (Hex Hall, #2)",True,[5287473],True,[11454587]
8428069,"The Lying Game (The Lying Game, #1)",True,[16072107],True,"[9266793, 9266794, 15716154, 16065672, 15817952]"
8428195,Entwined,False,[],False,[]
8430868,"The Beginning (Glee, #1)",False,[],False,[]
8435445,Scorpia Rising,False,[],False,[]
8448478,"The Charmed Return (Faerie Path, #6)",True,"[501909, 501910, 1839075]",False,[]
8452340,"Shadowfell (Shadowfell, #1)",False,[],False,[]
8458018,"The Warlock (The Secrets of the Immortal Nicholas Flamel, #5)",True,"[2402971, 4588949, 6693332, 8882815, 17402605]",True,"[12730051, 8519822]"
8462184,"The Morganville Vampires, Volume 3 (The Morganville Vampires, #5-6)",False,[],False,[]
8466360,"Blood of Gold (Seeker, #1)",True,[12374158],True,"[12603698, 27235785, 8872641, 13265450, 24690795, 28585057]"
8466814,"Eternal Flame (The Immortals, # 0.5)",False,[],False,[]
8475505,"Rebel Belle (Rebel Belle, #1)",False,[],True,"[22465605, 25518205]"
8478549,"Dark Heart Forever (Dark Heart, #1)",False,[],False,[]
8485839,"Glass Girl (Glass Girl, #1)",False,[],False,[]
8487363,"My Soul to Steal (Soul Screamers, #4)",True,"[6315602, 6583427, 6763961, 7476122]",True,"[15729751, 8803932, 11418574, 13508069]"
8487365,"Fallen Angel (Fallen Angel, #1)",False,[],True,"[29457008, 9462774]"
8490112,"Daughter of Smoke & Bone (Daughter of Smoke & Bone, #1)",False,[],True,"[18360128, 13618440]"
8492825,"Where She Went (If I Stay, #2)",False,[],False,[]
8492856,What Happened to Goodbye,False,[],False,[]
8493681,"Sweep: Volume 2  (Sweep, #4-6)",False,[],False,[]
8494485,"Bronxwood (Tyrell, #2)",False,[],False,[]
8495101,"Into the Wilderness (Blood of the Lamb, #2)",True,[6931675],False,[]
8501291,"Wings of the Wicked (Angelfire, #2)",True,[11866271],True,"[12476511, 8501304]"
8501304,"Shadows in the Silence (Angelfire, #3)",True,"[8501291, 11866271, 12476511]",False,[]
8507450,"The Whisper (The Roar, #2)",True,[4837032],False,[]
8507864,"The Iron Quill (The Pace, #3)",True,[6599113],False,[]
8514163,"Human.4 (Point 4, #1)",False,[],True,[11356936]
8517207,"Bumped (Bumped, #1)",False,[],True,[12924279]
8519822,"The Enchantress (The Secrets of the Immortal Nicholas Flamel, #6)",True,"[2402971, 4588949, 6693332, 8458018, 8882815, 12730051, 17402605]",False,[]
8521630,"Consumed (Rayne, #2)",True,[6609769],True,[33809136]
8526585,"My Name Is Mina (Skellig, #0.5)",False,[],False,[]
8527904,Stay,False,[],False,[]
8527908,"Haven (Winterhaven, #1)",False,[],True,"[12387704, 15734731]"
8527942,"The Royal Treatment (Princess for Hire, #2)",True,[6506483],False,[]
8528645,"Cabel's Story (Dream Catcher, #1.1)",True,[1661957],True,[3657138]
8529230,"Intrinsical (The Yara Silva Trilogy, #1)",False,[],True,"[10635806, 9982010]"
8531229,"The Thirteenth Chime (Sense of Truth, #1)",False,[],True,[11836711]
8534899,"Forsaken (The Demon Trappers, #1)",True,"[9872927, 17185716]",True,"[10308452, 13487029]"
8534978,"Return the Heart (Heart, #1)",False,[],False,[]
8535273,"The Dark and Hollow Places (The Forest of Hands and Teeth, #3)",True,"[3432478, 18896633]",False,[]
8542996,"Shift (Shade, #2)",True,[6648020],True,"[16122992, 10552965, 15763985]"
8548772,"Small Blue Thing (Small Blue Thing, #1)",False,[],True,"[10326828, 11043460]"
8557812,"Daughters of Dracula (The Stoker Sisters, #1)",False,[],True,[8766162]
8563789,Where Things Come Back,False,[],False,[]
8564935,"Switched (Trylle, #1)",False,[],True,[11947829]
8567502,"Nocturne (Claire de Lune, #2)",True,[8796742],False,[]
8567889,"Swan Fake (Cinderella Cleaners, #6)",False,[],False,[]
8571801,"Solid (Solid, #1)",False,[],True,"[9003770, 15847212]"
8573632,"The Way We Fall (Fallen World, #1)",False,[],True,"[13449858, 17373172, 23582485]"
8573642,"Incarnate (Newsoul, #1)",True,[18129411],True,"[13043180, 13085374]"
8576171,Faery Tales & Nightmares,False,[],False,[]
8578899,"A Ramsey Wedding (The Ramseys, #9)",True,"[6213592, 7463026, 8704507, 15726653, 16168369]",False,[]
8579486,Six Impossible Things,True,[24248906],False,[]
8579933,Entangled,False,[],False,[]
8581147,"Swear (Swoon, #2)",True,[3831768],False,[]
8581936,"Supernaturally (Paranormalcy, #2)",True,[7719245],True,[9064899]
8582141,"Fierce September (Juno, #2)",False,[],True,"[12448700, 3868263]"
8585694,"The Sapphire Talisman (Talisman, #2)",True,"[7940997, 16247654]",True,[10233236]
8586722,"Sweet Addiction (Sweet, #6)",True,"[4800764, 11808950]",False,[]
8586874,"Quantum (Portal Chronicles, #3)",True,"[7794569, 8614631, 13564744]",True,"[9528679, 17311710]"
8592303,"Pulse (Pulse, #1)",False,[],True,"[14760527, 22403051, 9509236, 13044990, 13181735, 16076614]"
8597919,"Mystify (Mystyx, #2)",False,[],True,[8597922]
8597922,"Mayhem (Mystyx, #3)",True,[8597919],False,[]
8600703,"Perilous (Perilous, #1)",False,[],False,[]
8601666,"Blessed (Tantalize, #3)",True,"[353016, 4936618]",True,[12146537]
8603765,Imaginary Girls,False,[],False,[]
8607205,"Phantom (The Vampire Diaries: The Hunters, #1)",False,[],True,"[8960470, 8960483]"
8608257,"Scrivener's Moon (Fever Crumb, #3)",True,[6839020],False,[]
8608400,"Head Games (Pretty Tough, #3)",True,[923856],True,"[9068793, 13012607]"
8609161,"Those That Wake (Those That Wake, #1)",False,[],False,[]
8614631,"Equilibrium (Portal Chronicles, #2)",True,"[7794569, 13564744]",True,"[8586874, 9528679, 17311710]"
8621466,"One Hundred Candles (Past Midnight, #2)",True,"[7737852, 9188333]",True,"[11542006, 9132487]"
8627917,"Wicked Woods (Wicked Woods, #1)",False,[],True,"[9650796, 9777463, 9655284, 15716680]"
8628347,"Date with a Vampire (Harold the Kung Fu Kid, #1)",False,[],False,[]
8635145,"Embrace (The Violet Eden Chapters, #1)",False,[],True,"[9671126, 10567183, 12369942, 16030817]"
8652190,"Awakened (House of Night, #8)",True,"[6262365, 6917952]",True,"[7933617, 7933615, 16096873, 16136599]"
8659601,"The Power of Six (Lorien Legacies, #2)",True,[7747374],True,"[12971616, 15861491, 19346451, 27161189]"
8661987,"A Corner of White (The Colours of Madeleine, #1)",False,[],True,[18371573]
8662135,"So Silver Bright (Théâtre Illuminata, #3)",False,[],False,[]
8662836,"Chain Reaction (Perfect Chemistry, #3)",True,"[4268157, 7137775]",False,[]
8664283,"She Smells the Dead (Spirit Guide, #1)",False,[],True,[12293617]
8664957,"Smoke (Burned, #2)",True,[270807],False,[]
8673931,Possess,False,[],False,[]
8674329,"Gracie Faltrain Takes Control (Gracie Faltrain, #2)",True,[3165049],False,[]
8677937,"Invincible (Chronicles of Nick, #2)",True,[6696602],True,"[10542244, 16704220, 20868595, 22559712, 22559726]"
8680278,"We'll Always Have Summer (Summer, #3)",True,"[5821978, 6584188, 7187640, 13562232]",False,[]
8685612,"The Iron Queen (The Iron Fey, #3)",True,"[7747064, 8070049]",True,"[13544184, 9659607, 13487061, 15724014]"
8686026,"Unnatural (Archangel Academy, #1)",False,[],True,"[9801002, 12821542]"
8696678,"Moment of Truth (The Laws of Magic, #5)",True,"[6377397, 6856825]",False,[]
8704507,"A Lover's Soul (The Ramseys, #7)",True,"[6213592, 15726653, 16168369]",True,"[7463026, 8578899]"
8705946,Curse of Arachnaman (Masks #4),True,"[3707034, 6096818, 6442668]",True,"[13436819, 15840970]"
8707554,"The Black (Morpheus Road, #2)",True,[6503718],True,[12837183]
8708189,"The Ivy (The Ivy, #1)",False,[],True,"[11725043, 13553276]"
8709523,"The Golden Lily (Bloodlines, #2)",True,"[8709527, 12365189]",True,"[8709526, 9833184, 8709524, 8709528]"
8709524,"Silver Shadows (Bloodlines, #5)",True,"[8709523, 8709526, 8709527, 9833184, 12365189]",True,[8709528]
8709526,"The Indigo Spell (Bloodlines, #3)",True,"[8709523, 8709527, 12365189]",True,"[9833184, 8709524, 8709528]"
8709527,"Bloodlines (Bloodlines, #1)",True,[12365189],True,"[8709523, 8709526, 9833184, 8709524, 8709528]"
8709528,"The Ruby Circle (Bloodlines, #6)",True,"[8709523, 8709524, 8709526, 8709527, 9833184, 12365189]",False,[]
8709640,"Seizure (Virals, #2)",False,[],True,"[7744611, 19034958, 21973270]"
8715032,"Blood Magic (The Blood Journals, #1)",False,[],True,[15773251]
8718952,"Vampire Academy Box Set (Vampire Academy, #1-4)",False,[],False,[]
8720917,You Against Me,False,[],False,[]
8732857,"Dark Memories (The Phantom Diaries, #2)",False,[],False,[]
8735255,"The Faeman Quest (The Faerie Wars Chronicles, #5)",True,"[112969, 1134023]",False,[]
8755776,"City of Lost Souls (The Mortal Instruments, #5)",True,"[256683, 1582996, 6752378]",True,[8755785]
8755785,"City of Heavenly Fire (The Mortal Instruments, #6)",True,"[256683, 1582996, 6752378, 8755776]",False,[]
8766162,"Angels and Hunters (The Stoker Sisters, #2)",True,[8557812],False,[]
8781550,"Please Don't Be True (Alice, #19-21)",False,[],False,[]
8789318,"Deadly Little Voices (Touch, #4)",True,"[2820533, 6223474, 7735325, 8428050, 11514121, 13479179]",True,[10345708]
8794160,"The Gemini Agent (Star Trek: Starfleet Academy, #3)",True,"[7775695, 7841501]",False,[]
8796742,"Claire de Lune (Claire de Lune, #1)",False,[],True,[8567502]
8803932,"If I Die (Soul Screamers, #5)",True,"[6315602, 6583427, 6763961, 7476122, 8487363, 15729751]",True,"[11418574, 13508069]"
8811134,"Fear (Gone, #5)",True,"[2536134, 5047880, 6686092, 6686101]",True,[8811139]
8811139,"Light (Gone, #6)",True,"[2536134, 5047880, 6686092, 6686101, 8811134]",False,[]
8811401,"Rip Tide (Dark Life, #2)",True,[7027735],False,[]
8827905,"The Doomsday Code (TimeRiders, #3)",True,"[6773432, 8129464]",True,"[10726285, 12337271, 20734103]"
8835379,"Ruby Red (Precious Stone Trilogy, #1)",False,[],True,[14759651]
8842224,The Rising (The New Kid #2),False,[],False,[]
8843723,"Unbroken Connection (Taken by Storm, #2)",False,[],True,[9756277]
8843789,"Ultraviolet (Ultraviolet, #1)",False,[],True,[13149420]
8872641,"Blood of Silver (Seeker, #2)",True,"[8466360, 12374158, 12603698, 27235785]",True,"[13265450, 24690795, 28585057]"
8880275,"Glimmer (Zellie Wells, #2)",True,[8122052],False,[]
8882815,The Death of Joan of Arc (The Secrets of the Immortal Nicholas Flamel #4.5),True,"[2402971, 4588949, 6693332, 17402605]",True,"[8458018, 12730051, 8519822]"
8883123,"Accused (Ganzfield, #4)",True,"[8249764, 8249765]",True,"[8883130, 8883134]"
8883130,"Operative (Ganzfield, #5)",True,"[8249764, 8249765, 8883123]",True,[8883134]
8883134,"Soulmate (Ganzfield, #6)",True,"[8249764, 8249765, 8883123, 8883130]",False,[]
8883358,The Living Dead Boy,False,[],False,[]
8884616,"Black Heart (Curse Workers, #3)",True,[8288246],False,[]
8886737,"The Secret of the Keepers: Kailmeyra's Strength (Kailmeyra, #2)",False,[],False,[]
8887358,"Kiss of Death (Scarlett Wakefield, #4)",True,[2005138],False,[]
8901953,"Outside In (Insider, #2)",True,[7059135],False,[]
8903595,"Exile (Mercy, #2)",True,[8373527],True,"[10211811, 11964923]"
8922087,The Day Before,False,[],False,[]
8928054,Shine,False,[],False,[]
8951449,"Hollowland (The Hollows, #1)",False,[],True,"[12668517, 10579347]"
8960470,"Moonsong (The Vampire Diaries: The Hunters, #2)",True,[8607205],True,[8960483]
8960483,"Destiny Rising (The Vampire Diaries: The Hunters, #3)",True,"[8607205, 8960470]",False,[]
8969919,"Breaking Lauren (Lauren, #1)",False,[],False,[]
8972331,"The Secret of the Scarlet Stone (Gabby Girls Adventure, #1)",False,[],True,[13425122]
8989655,Truth and Dare: 20 Tales of Heartbreak and Happiness,False,[],False,[]
9002823,"Withering Tights (Misadventures of Tallulah Casey, #1)",False,[],True,"[9978196, 16248220]"
9003770,"Settling (Solid, #2)",True,[8571801],True,[15847212]
9031163,"Damned (Crusade, #2)",True,[7171882],True,[12044946]
9064899,"Endlessly (Paranormalcy, #3)",True,"[7719245, 8581936]",False,[]
9068793,"Stealing Bases (Pretty Tough, #4)",True,"[923856, 8608400]",True,[13012607]
9073839,"Get a Life (Clearwater Crossing, #1)",False,[],False,[]
9091814,Sixteenth Summer (Sixteenth Summer #1),False,[],True,[18248933]
9132487,"Beyond the Grave (Past Midnight, #3)",True,"[7737852, 8621466, 9188333, 11542006]",False,[]
9151683,"Magician's Muse (The Seer, #6)",True,"[420416, 452141, 651901, 814487, 1396684]",False,[]
9165406,Okay for Now,False,[],False,[]
9166877,"The Girl in the Steel Corset (Steampunk Chronicles, #1)",True,[11130686],True,"[13060608, 17787966, 15822336, 18074035, 18513756]"
9175379,"The Land of the Dead (The Oz Chronicles, #4)",True,"[201819, 1250012, 2612525]",False,[]
9182417,"The Liar Society (The Liar Society, #1)",False,[],True,"[11524267, 17208619]"
9182478,"Hourglass (Hourglass, #1)",False,[],True,"[12680986, 14289306]"
9188333,"Raising the Dead (Past Midnight, #1.5)",True,[7737852],True,"[8621466, 11542006, 9132487]"
9200919,"The Shadowing (Powerless, #2)",True,[8384118],True,[9792262]
9206583,"Long Lankin (Long Lankin, #1)",False,[],False,[]
9208646,Artichoke Hearts,False,[],False,[]
9222713,"People's Republic (Aramov, #1)",False,[],True,"[12431689, 12431923, 19295525]"
9226841,"Lily (The Quest for Reason, #1)",False,[],True,[13450130]
9238506,"Demon Kissed (Demon Kissed, #1)",False,[],True,[13497677]
9239571,"Enshadowed (Nevermore, #2)",True,"[6742311, 7129598]",True,[9755769]
9244992,"Mutation (The Phoenix Files, #3)",True,"[6559815, 7622434]",True,"[11483315, 11559968, 13611123]"
9248345,"Starling (Starling, #1)",False,[],True,"[17332590, 18657327]"
9256414,"Hereafter (Hereafter, #1)",False,[],True,"[12270931, 11413298]"
9266753,Voice of the Undead (Alex Van Helsing #2),False,[],False,[]
9266769,"Summer and the City (The Carrie Diaries, #2)",True,[7091370],False,[]
9266774,"Piece of Mind (Emily the Strange Novels, #4)",True,[5355769],False,[]
9266776,Epic Fail,False,[],False,[]
9266793,"Never Have I Ever (The Lying Game, #2)",True,"[8428069, 16072107]",True,"[9266794, 15716154, 16065672, 15817952]"
9266794,"Two Truths and a Lie (The Lying Game, #3)",True,"[8428069, 9266793, 16072107]",True,"[15716154, 16065672, 15817952]"
9266799,"Pink Smog (Weetzie Bat, #0)",False,[],True,[44353]
9266804,"The Secret Sisterhood of Heartbreakers (The Secret Sisterhood of Heartbreakers, #1)",False,[],True,[17195827]
9266810,Ten Things We Did,False,[],False,[]
9277335,"Shimmer (Riley Bloom, #2)",True,[7886302],True,[12003673]
9277339,"Innocent Darkness (The Aether Chronicles, #1)",False,[],True,[12040782]
9284655,"Tiger's Curse (The Tiger Saga, #1)",True,[20932616],True,"[9662386, 7849341, 12677913, 12474623]"
9297774,"Eve (Eve, #1)",False,[],True,"[19279000, 12924253]"
9303291,"Genesis (The Rosie Black Chronicles, #1)",False,[],True,[12408471]
9305414,"Cinderella: Ninja Warrior (Twisted Tales, #1)",False,[],True,[9407790]
9317110,"Whatever Became of the Squishies? (The Squishies Series, #1)",False,[],False,[]
9339970,"Bargains and Betrayals (13 to Life, #3)",True,[9873445],True,[11455106]
9349915,Red Riding Hood,False,[],False,[]
9366996,"Shattered Souls (Souls, #1)",False,[],True,[13507921]
9369687,"Trial by Fire (Raised by Wolves, #2)",True,[6905534],True,[12680993]
9369720,"Passion (Fallen, #3)",True,"[6487308, 7740152]",True,"[12588363, 12716010]"
9369726,"Torn (Torn Trilogy, #1)",False,[],True,[10846138]
9370766,"Memento Nora (Memento Nora, #1)",False,[],True,[12597209]
9378297,"Anna Dressed in Blood (Anna, #1)",False,[],True,[12507214]
9395215,"Everlasting (The Immortals, #6)",True,"[13833, 13836, 24094, 6134826, 6581511, 7198988]",False,[]
9396162,"Perception (Clarity, #2)",True,[6963749],False,[]
9397967,"Abandon (Abandon, #1)",False,[],True,"[10799881, 13061500]"
9398067,Hush Money (Talent Chronicles #1),True,[10835364],False,[]
9403947,Something like Normal,False,[],False,[]
9407534,"Flying Blind (The Dragon Diaries, #1)",False,[],True,[10395576]
9407790,"Sleeping Beauty: Vampire Slayer (Twisted Tales, #2)",True,[9305414],False,[]
9409458,"Forever (The Wolves of Mercy Falls, #3)",False,[],True,[18406862]
9409469,"The Gray Wolf Throne (Seven Realms, #3)",False,[],False,[]
9409614,"The Enchanter Heir (The Heir Chronicles, #4)",True,"[213647, 500743, 2866413, 18395233]",True,[18469705]
9412471,"The New World (Chaos Walking, #0.5)",False,[],True,"[2118745, 6043849, 7540092]"
9413044,"Everneath (Everneath, #1)",False,[],True,"[15726305, 13115995, 13626692]"
9415946,Huntress,False,[],False,[]
9415951,Forgotten,False,[],False,[]
9415956,"Sweetly (Fairytale Retellings, #2)",True,[6357708],True,"[11985913, 16039122]"
9415957,I'll Be There,False,[],False,[]
9415962,"The Ghoul Next Door (Monster High, #2)",False,[],True,"[11256624, 12814556]"
9415964,"The Magnolia League (Magnolia League, #1)",False,[],True,[9999813]
9415966,"Spoiled (Spoiled, #1)",False,[],True,[12814536]
9424367,"Prized (Birthmarked, #2)",True,[13013051],True,"[15817997, 13010211]"
9433912,"Burn Bright (Night Creatures, #1)",False,[],True,"[9643469, 10522443]"
9439989,"Touch of Frost (Mythos Academy, #1)",True,[11763146],True,"[11022222, 13130275, 17987415, 15714133, 17448097]"
9456611,Ocean of Blood,False,[],False,[]
9461872,"Sisterhood Everlasting (Sisterhood, #5)",True,"[5452, 5453, 5454]",False,[]
9462774,"Eternity (Fallen Angel, #2)",True,"[8487365, 29457008]",False,[]
9462775,"The Last Little Blue Envelope (Little Blue Envelope, #2)",False,[],False,[]
9462795,"Starcrossed (Starcrossed, #1)",True,[17611262],True,"[12995284, 7849034]"
9462812,"Die for Me (Revenants, #1)",False,[],True,"[12908877, 12700337]"
9463563,"Second Kiss (Second Kiss, #1)",False,[],True,[18192612]
9464733,Beauty Queens,False,[],False,[]
9465677,"Silver Smoke (Seven Halos, #1)",False,[],True,[10628415]
9466548,"Perfectly Invisible (Universally Misunderstood, #2)",False,[],False,[]
9470371,Love Story,False,[],False,[]
9470985,"Shattered: A Daughter's Regret (Secrets, #2)",True,"[397442, 1632738]",True,[11164647]
9471697,Dark Parties,False,[],False,[]
9475805,"Scary Mary (Scary Mary, #1)",False,[],False,[]
9491739,Clean,False,[],False,[]
9504203,"The Rise of the Dorkasaurus (Nerd Girls, #1)",False,[],False,[]
9504212,"The Marked (Delcroix Academy, #2)",True,[7245329],False,[]
9504214,"Queen of the Dead (The Ghost and the Goth, #2)",True,[7008041],True,[12871657]
9509236,"Blue Blood (Pulse, #4)",True,"[8592303, 14760527, 22403051]",True,"[13044990, 13181735, 16076614]"
9515613,"Witch's Brew (The Spellspinners of Melas County, #1)",False,[],True,"[16032159, 19826826]"
9520360,"The Son of Neptune (The Heroes of Olympus, #2)",False,[],True,"[12127750, 12127810, 18705209]"
9526658,"Black Dawn (The Morganville Vampires, #12)",True,"[261122, 544257, 2295829, 3558003, 5212771, 6289938, 7091713, 7600922, 10549501, 11215073, 15712186]",True,"[13414055, 15739817, 15746882]"
9528679,"Momentum (Portal Chronicles, #4)",True,"[7794569, 8586874, 8614631, 13564744]",True,[17311710]
9529232,"Fangtabulous (Vamped, #4)",False,[],False,[]
9535352,Texas Gothic (Goodnight Family #1),False,[],True,[15714677]
9536651,"Wildcat Fireflies (Fenestra, #2)",False,[],True,[10606242]
9536655,"Undercurrent (Siren, #2)",True,[6970490],True,"[20849558, 12925333]"
9537565,Shadow Days (Nightshade #0.5; Nightshade World #3.5),False,[],True,"[7402393, 7263429, 13031056, 8130839]"
9541845,But I Love Him,False,[],False,[]
9542582,"Slide (Slide, #1)",False,[],False,[]
9548029,"Behind the Gates (Tomorrow Girls, #1)",False,[],True,"[9800343, 10397956]"
9548964,"Fracture (Fracture, #1)",True,[13379936],True,[17978132]
9550620,"Sweep: Volume 3  (Sweep, #7-9)",False,[],False,[]
9553503,"Angel Fire (Angel, #2)",True,[7991200],True,[10314229]
9554790,"The Other Life (The Other Life, #1)",False,[],True,[13492914]
9570156,Act of Faith,False,[],False,[]
9578590,"Lost in Time (Blue Bloods, #6)",True,"[106085, 872333, 2753843, 6267237, 7031834, 7747263, 7817785]",True,[10814946]
9583203,"The A Circuit (The A Circuit, #1)",False,[],False,[]
9583227,"Tempest Rising (Tempest, #1)",True,[12872699],True,"[11455096, 12387628, 13364300, 12852064]"
9593911,"Pandemonium (Delirium, #2)",True,"[11614718, 12663646]",True,"[16089223, 9593913]"
9593913,"Requiem (Delirium, #3)",True,"[9593911, 11614718, 12663646, 16089223]",False,[]
9627755,"Isla and the Happily Ever After (Anna and the French Kiss, #3)",True,"[6936382, 9961796]",False,[]
9631277,"Divine Ashes (Imprinted Souls, #3)",False,[],False,[]
9635114,"Shadow Man (Prince Andy and the Misfits, #1)",False,[],False,[]
9635325,"Eden (The Eden Trilogy, #1)",False,[],True,"[17379615, 16080599, 17379619]"
9637979,"Scourge: A Grim Doyle Adventure (Grim Doyle Adventures, #1)",False,[],False,[]
9639859,"Silver Frost (Frost, #3)",True,"[8069816, 13555538, 15700479, 18040360]",True,"[17225892, 11489012, 18748877, 18469570, 11311068, 13270871, 15801791]"
9642278,"Original Sin (Personal Demons, #2)",True,[7823600],False,[]
9643469,"Angel Arias (Night Creatures, #2)",True,[9433912],True,[10522443]
9644151,"Ashfall (Ashfall, #1)",True,[18633571],True,"[9867814, 15741928]"
9650796,"Shimmer (Wicked Woods, #2)",True,[8627917],True,"[9777463, 9655284, 15716680]"
9653192,"Zombie Dawn (Changeling, #5)",True,"[6105715, 6381368, 6750305, 7886945]",False,[]
9655284,"Silence (Wicked Woods, #4)",True,"[8627917, 9650796, 9777463]",True,[15716680]
9659607,"The Iron Knight (The Iron Fey, #4)",True,"[7747064, 8070049, 8685612, 13544184]",True,"[13487061, 15724014]"
9662110,"Shades of Atlantis (Shades, #1)",False,[],True,[18131975]
9662386,"Tiger's Quest (The Tiger Saga, #2)",True,"[9284655, 20932616]",True,"[7849341, 12677913, 12474623]"
9666812,"Hades (Halo, #2)",True,[7778981],True,[13056511]
9666870,"The Demon's Surrender (The Demon's Lexicon, #3)",True,"[1829655, 6594657]",False,[]
9671126,"Enticed (The Violet Eden Chapters, #2)",True,[8635145],True,"[10567183, 12369942, 16030817]"
9675020,"The Forgotten Locket (Hourglass Door, #3)",True,"[6217361, 6641635]",False,[]
9677397,"Under the Light (Light, #2)",True,"[289601, 25953603]",True,[22398595]
9680114,"Pure (Pure, #1)",False,[],True,"[9752754, 9752790]"
9680718,"Half-Blood (Covenant, #1)",True,[10860399],True,"[9761771, 9761778, 9897164]"
9681214,"The Goddess Test (Goddess Test, #1)",False,[],True,"[12999306, 12637490, 13515095]"
9693759,"Beautiful Beings (Beautiful Beings, #1)",False,[],True,[9772642]
9704083,"Wide Awake (Academy of the Fallen, #1)",False,[],True,[12153203]
9708131,"Dark Beginnings (Phantom Diaries Beginnings, #1) (The Phantom Diaries, #0.1)",False,[],False,[]
9711714,Everybody Sees the Ants,False,[],False,[]
9716923,"The Game of Triumphs (The Game of Triumphs, #1)",False,[],False,[]
9716929,"Siren's Storm (Siren's Storm, #1)",False,[],True,[12856838]
9723754,"Letters to Elise: A Peter Townsend Novella (My Blood Approves, #4.5)",True,"[8046350, 8349348]",False,[]
9729681,"Devoted (Elixir, #2)",True,[7844725],True,[14802438]
9741685,"Shadows on the Moon (The Moonlit Lands, #1)",False,[],True,[29235197]
9743432,Breaking Point (The Order of the Elements #1),False,[],False,[]
9748823,"Getting Played (Kenisha Lewis, #3)",True,[1536445],False,[]
9751511,"Captured (The Divided Realms, #1)",False,[],True,[9751518]
9751518,"The Darkening (The Divided Realms, #2)",True,[9751511],False,[]
9752754,Fuse (Pure #2),True,[9680114],True,[9752790]
9752790,"Burn (Pure, #3)",True,"[9680114, 9752754]",False,[]
9755769,"Oblivion (Nevermore, #3)",True,"[6742311, 7129598, 9239571]",False,[]
9756195,"Shadowcry (Wintercraft, #1)",False,[],False,[]
9756277,"Cayman Summer (Taken by Storm, #3)",True,[8843723],False,[]
9757266,Sometimes It Happens,False,[],False,[]
9758765,"Wildefire (Wildefire, #1)",False,[],True,"[12986169, 12080917]"
9759297,"Execution (Escape from Furnace, #5)",True,"[6633007, 9975400, 12310826]",True,[16112704]
9761771,"Pure (Covenant, #2)",True,"[9680718, 10860399]",True,"[9761778, 9897164]"
9761778,"Deity (Covenant, #3)",True,"[9680718, 9761771, 10860399]",True,[9897164]
9772642,"Heaven and Hell (Beautiful Beings, #2)",True,[9693759],False,[]
9777463,"Silver (Wicked Woods, #3)",True,"[8627917, 9650796]",True,"[9655284, 15716680]"
9780099,"Zombies Don't Cry (Living Dead Love Story, #1)",False,[],True,[16056655]
9791902,"Unforgotten (Unremembered, #2)",True,[18806133],True,[9791910]
9791910,"Unchanged (Unremembered, #3)",True,"[9791902, 18806133]",False,[]
9792262,The Stasis (Powerless #3),True,"[8384118, 9200919]",False,[]
9798177,"Middle School: The Worst Years of My Life (Midde School, #1)",False,[],False,[]
9800343,Run for Cover (Tomorrow Girls #2),True,[9548029],True,[10397956]
9801002,Unwelcome (Archangel Academy #2),True,[8686026],True,[12821542]
9816077,"The Wood Queen (The Iron Witch, #2)",True,[6930002],True,[10131347]
9833184,"The Fiery Heart (Bloodlines, #4)",True,"[8709523, 8709526, 8709527, 12365189]",True,"[8709524, 8709528]"
9836659,"Old Wounds (Old Wounds, #1)",False,[],True,[11244896]
9838800,"Shelter (Mickey Bolitar, #1)",False,[],True,"[13593563, 22040226]"
9843424,"Parallel (Travelers, #1)",False,[],False,[]
9846385,"From Willa, With Love (Wedding Planner's Daughter #6)",False,[],False,[]
9856144,"Amber Frost (The Lost Magic, #1)",False,[],True,"[12963406, 17285320]"
9858517,"All These Things I've Done (Birthright, #1)",False,[],True,"[15726997, 13163011, 17261147]"
9858714,"The Mind Readers (Mind Readers, #1)",False,[],True,"[13436713, 19274338]"
9859436,"Something Strange and Deadly (Something Strange and Deadly, #1)",True,[16065768],False,[]
9860213,"Royally Crushed (Royally Jacked, #1-3)",False,[],False,[]
9861743,"Sacrifice (Crave, #2)",True,[7242757],False,[]
9867814,"Ashen Winter (Ashfall, #2)",True,"[9644151, 18633571]",True,[15741928]
9872927,"Retro Demonology (The Demon Trappers, #0.5)",True,[17185716],True,"[8534899, 10308452, 13487029]"
9873443,"Remedial Magic (Faeriewalker, #0.5)",False,[],True,[8161632]
9873445,"Beasts and BFFs (13 to Life, #0.5)",False,[],True,"[9339970, 11455106]"
9893331,"Twisted (Pretty Little Liars, #9)",True,"[1651302, 3047848, 3047849, 3047850, 3047851, 12152785, 14813667]",True,"[9893355, 9893358]"
9893355,"Stunning (Pretty Little Liars, #11)",True,"[1651302, 3047848, 3047849, 3047850, 3047851, 9893331, 12152785, 14813667]",True,[9893358]
9893358,"Burned (Pretty Little Liars, #12)",True,"[1651302, 3047848, 3047849, 3047850, 3047851, 9893331, 9893355, 12152785, 14813667]",False,[]
9897164,"Apollyon (Covenant, #4)",True,"[9680718, 9761771, 9761778, 10860399]",False,[]
9898496,"Propheticus (Propheticus, #1)",False,[],False,[]
9905387,"Desire (Desire, #1)",False,[],True,[10946420]
9915707,"Endure (Need, #4)",True,[6600137],False,[]
9917938,"Blood Red Road (Dust Lands, #1)",False,[],True,"[13042154, 15835877]"
9917957,"Drink, Slay, Love",False,[],False,[]
9917998,"Dust & Decay (Rot & Ruin, #2)",True,[7157310],True,"[13647095, 13147460, 16145729, 13424356, 24885532]"
9918083,"Goliath (Leviathan, #3)",True,[7826116],False,[]
9918128,"The Hidden (The Hollow, #3)",True,[2998814],False,[]
9918277,"Vengeance (Private, #14)",True,"[381489, 630104, 1783281, 1783289, 2206960, 2943733, 3997399, 6693415]",False,[]
9939122,Priscilla the Great (Priscilla the Great #1),False,[],False,[]
9942081,"Mortal Kiss (Mortal Kiss, #1)",False,[],False,[]
9942091,"Agent 21 (Agent 21, #1)",False,[],True,"[15797038, 17903264, 22822954, 26001164]"
9943228,"Precious Blood (The Blessed, #1)",False,[],True,"[17860324, 17558088]"
9954020,"Secret Lives (Darke Academy, #1)",False,[],True,"[10536802, 15716157]"
9955669,"The Isle of Blood (The Monstrumologist, #3)",True,"[6457229, 7775755]",True,[13260751]
9961796,"Lola and the Boy Next Door (Anna and the French Kiss, #2)",True,[6936382],True,[9627755]
9972323,A Royal Match,False,[],False,[]
9972838,"Every You, Every Me",False,[],False,[]
9972882,"Juliet Immortal (Juliet Immortal, #1)",False,[],False,[]
9975400,"Fugitives (Escape from Furnace, #4)",True,"[6633007, 12310826]",True,"[9759297, 16112704]"
9975679,"Ashes (Ashes Trilogy, #1)",False,[],True,"[18052849, 11320138, 18952667, 17162435]"
9978127,"Before That Night (One Night That Changes Everything, #0.5)",False,[],True,[7111552]
9978196,"A Midsummer Tights Dream (The Misadventures of Tallulah Casey, #2)",True,[9002823],True,[16248220]
9982010,"Inevitable (The Yara Silva Trilogy, #3)",True,"[8529230, 10635806]",False,[]
9999813,"The White Glove War (Magnolia League, #2)",True,[9415964],False,[]
10000600,"Old Habits (Wicked Lovely, #2.6)",True,"[2321296, 8042847]",True,"[6368610, 6368611]"
10025305,"Clockwork Prince (The Infernal Devices, #2)",True,[7171637],True,[18335634]
10041955,"Discovery (Angels of the Night, #1)",False,[],False,[]
10048219,"Tyger Tyger (Goblin Wars, #1)",False,[],True,"[10066415, 15814441]"
10048874,"Dearly, Departed (Gone With the Respiration, #1)",False,[],True,[13355017]
10051706,"Au Revoir, Crazy European Chick (Perry & Gobi, #1)",False,[],True,[13416086]
10066376,"Hunted (The Shadowing, #1)",False,[],True,[10803794]
10066415,"In the Forests of the Night (Goblin Wars, #2)",True,[10048219],True,[15814441]
10072160,"Legacy (Legacy, #1)",False,[],True,"[17732260, 23222016, 25620450]"
10079311,"Unforsaken (Banished, #2)",True,[7488686],False,[]
10114573,"Telling Secrets (At the Party, #1)",False,[],False,[]
10118172,"Spellbound (Spellbound, #1)",False,[],True,"[12129021, 13494086]"
10119711,"The Wishing Pearl (Diamond Estates, #1)",False,[],False,[]
10120780,"Balthazar (Evernight, #5)",True,"[2722413, 3054684, 6421588, 6619499]",False,[]
10121801,"Shiver Trilogy Boxset (The Wolves of Mercy Falls, #1-3)",False,[],False,[]
10123237,The Inventor's Secret (The Inventor's Secret #1),False,[],True,"[23846024, 29236555]"
10126142,The Mark,False,[],False,[]
10129062,"Prophecy (The Dragon King Chronicles, #1)",False,[],True,[22494087]
10131347,"The Stone Demon (The Iron Witch, #3)",True,"[6930002, 9816077]",False,[]
10151346,"Necromancer (Necromancer, #0.5)",False,[],True,[8041873]
10151689,"Stolen Night (Vampire Queen, #2)",False,[],True,[20868374]
10151730,"Fair Coin (Coin, #1)",False,[],True,[10345255]
10154487,"The Counseling (Ghost Huntress, #4)",False,[],True,"[16091287, 17194005]"
10159598,"Foreshadow (The Shadow Imperium, #1)",False,[],True,[13339339]
10165727,"Froi of the Exiles (Lumatere Chronicles, #2)",True,[4932435],True,[10165761]
10165761,"Quintana of Charyn (Lumatere Chronicles, #3)",True,"[4932435, 10165727]",False,[]
10174795,"Glow (Sky Chasers, #1)",False,[],True,[12882328]
10188580,"Hunting Lila (Lila, #1)",True,[17344841],True,[12410324]
10191884,Just Your Average Princess,False,[],False,[]
10193062,"Outpost (Razorland, #2)",True,"[7137327, 15362992, 16066962]",True,"[18710799, 25740472]"
10194157,"Shadow and Bone (The Grisha, #1)",True,"[13643163, 24641800]",True,"[17997353, 14061955, 17790188, 20818790, 14061957]"
10194494,"False Memory (False Memory, #1)",False,[],True,"[13454648, 18632859]"
10194514,"Pushing the Limits (Pushing the Limits, #1)",False,[],True,"[16069024, 21859363, 13561164, 17233800, 18808865, 18333898, 25263399]"
10211811,"Muse (Mercy, #3)",True,"[8373527, 8903595]",True,[11964923]
10213367,"Something Like Summer (Something Like, #1)",False,[],True,[23154286]
10215349,"The Immortal Rules (Blood of Eden, #1)",True,[15803278],True,[17883441]
10215963,Stopping Time and Old Habits (Wicked Lovely #2.5-.6),False,[],False,[]
10222362,"MILA 2.0 (MILA 2.0, #1)",True,[16118288],True,"[10222365, 10222388]"
10222365,"Renegade (MILA 2.0, #2)",True,"[10222362, 16118288]",True,[10222388]
10222388,"Redemption (MILA 2.0, #3)",True,"[10222362, 10222365, 16118288]",False,[]
10233236,"The Onyx Talisman (Talisman, #3)",True,"[7940997, 8585694, 16247654]",False,[]
10261812,The Space Between,False,[],False,[]
10268370,"Zombicorns (Zombicorns, #1)",False,[],True,[15838434]
10271616,"A Long, Long Sleep (UniCorp #1)",False,[],False,[]
10295809,"Thyla (Thyla, #1)",False,[],True,[13410071]
10302287,"Cutters Don't Cry (SoCal, #1)",False,[],False,[]
10308452,"Forbidden (The Demon Trappers, #2)",True,"[8534899, 9872927, 17185716]",True,[13487029]
10314229,"Angel Fever (Angel, #3)",True,"[7991200, 9553503]",False,[]
10315753,"The Ascension: A Super Human Clash (The New Heroes/Quantum Prophecy, #5)",False,[],True,[18753250]
10326828,"Perfectly Reflected (Small Blue Thing, #2)",True,[8548772],True,[11043460]
10327273,"Persistence of Memory / Token of Darkness (Den of Shadows, #5-6)",False,[],False,[]
10331607,"Turned (The Vampire Journals, #1)",False,[],False,[]
10339088,Summer Sunsets (October Breezes #2),False,[],False,[]
10345255,"Quantum Coin (Coin, #2)",True,[10151730],False,[]
10345489,"Liar's Moon (Thief Errant, #2)",True,[7877549],False,[]
10345642,"The Savage Grace (The Dark Divine, #3)",True,"[6380822, 7831742, 12998722]",False,[]
10345708,"Deadly Little Lessons (Touch, #5)",True,"[2820533, 6223474, 7735325, 8428050, 8789318, 11514121, 13479179]",False,[]
10345927,"A Million Suns (Across the Universe, #2)",True,[8235178],True,"[16181322, 10345937]"
10345937,"Shades of Earth (Across the Universe, #3)",True,"[8235178, 10345927, 16181322]",False,[]
10346457,"Sweep: Volume 4 (Sweep, #10-12)",False,[],False,[]
10349697,"Timekeeper (Timeless, #2)",True,[8100422],False,[]
10352973,"Skylark (Skylark, #1)",False,[],True,"[11558256, 11558268]"
10356760,The Shadow Society  (The Shadow Society #1),False,[],False,[]
10358724,"Jessie Hearts NYC (Hearts Series, #1)",False,[],True,[13031804]
10369932,The Eleventh Plague,False,[],False,[]
10370867,"Initiation (The Warrior, #1)",False,[],True,[15764571]
10380227,"Unlovable (Port Fare, #1)",False,[],True,[12395883]
10380505,"Breath (Riders of the Apocalypse, #4)",True,"[7247856, 7670661, 12176820]",False,[]
10381803,"And by the Way… (Butterfly, #1)",False,[],True,"[12607835, 11069761, 15713051, 17313481]"
10382215,"Beta (Annex, #1)",False,[],True,[17693718]
10395576,"Winging It (The Dragon Diaries, #2)",True,[9407534],False,[]
10397655,Between,False,[],False,[]
10397956,"With the Enemy (Tomorrow Girls, #3)",True,"[9548029, 9800343]",False,[]
10400575,"Witch Song (Witch Song, #1)",False,[],True,[13496452]
10401039,"Into the Parallel (Parallelogram, #1)",False,[],True,"[13385431, 16117446, 18589903]"
10401084,"Storm (Elemental, #1)",True,[13418864],True,"[17332556, 13503581, 12977172, 15819003, 13494365, 17149088, 17149158]"
10410278,"Stealing Phoenix (Benedicts, #2)",True,[8314214],True,"[28007282, 18857916, 28078289]"
10412352,"Tricked (The Witches of Santa Anna, #2)",False,[],True,"[10446897, 11784607]"
10417745,"Dangerous (Darkest Powers, #0.5)",False,[],True,"[2800905, 10863354, 5391115, 10863283]"
10421550,"Firespell and Hexbound (The Dark Elite, #1-2)",False,[],False,[]
10429005,The Beginning of After,False,[],False,[]
10429015,"Cold Kiss (Cold Kiss, #1)",False,[],False,[]
10429025,"A Beautiful Dark (A Beautiful Dark, #1)",False,[],False,[]
10429033,"Deadly Cool (Deadly Cool, #1)",False,[],False,[]
10429045,"Shatter Me (Shatter Me, #1)",False,[],True,"[13623150, 13104080, 17331518, 18481271, 13188676, 34992929]"
10429067,"Sweet Venom (Medusa Girls, #1)",False,[],True,[13479267]
10429092,"The Girl of Fire and Thorns (Fire and Thorns, #1)",True,"[14739821, 16148645]",True,"[10816908, 11431896]"
10433900,"Variant (Variant, #1)",False,[],True,"[16152965, 12942010, 28881271]"
10445208,"Touch of Power (Healer, #1)",False,[],False,[]
10446897,"Rumored (The Witches of Santa Anna, #3)",True,[10412352],True,[11784607]
10459088,Enthralled: Paranormal Diversions,False,[],False,[]
10459250,"Dark Eden (Dark Eden, #1)",False,[],True,[13503112]
10468701,"Dead Silence (The Body Finder, #4)",True,"[6261522, 11838803]",False,[]
10473144,"Don't Expect Magic (Magic, #1)",False,[],True,[15927599]
10473853,"Angelina's Secret (Angelina's Secret, #1)",False,[],False,[]
10476716,"Healed by Fire (Artemis Lupine, #3)",False,[],False,[]
10479340,"Twisted (Intertwined, #3)",True,"[6344423, 7696564]",False,[]
10484883,"Underdogs (Wolfe Brothers, #1-3)",False,[],False,[]
10490175,"Dry Souls (Dry Souls, #1)",False,[],False,[]
10507293,"The Selection (The Selection, #1)",True,[22054340],True,"[16248068, 18170039, 22917292, 18635016, 22918050, 26074181]"
10508192,"Soul Bound (Blood Coven Vampire, #7)",True,"[38564, 39346, 601369, 7940923]",False,[]
10522443,"Shine Light (Night Creatures, #3)",True,"[9433912, 9643469]",False,[]
10530700,"Released (Agents of Evil, #1)",False,[],False,[]
10532196,"Cloudburst (Storms, #2)",False,[],False,[]
10535171,"The Redemption of Ajax (The Mephisto Covenant, #1)",False,[],True,[18046744]
10535458,"Glitch (Glitch, #1)",False,[],True,[14759331]
10536802,"Divided Souls (Darke Academy, #3)",True,[9954020],True,[15716157]
10542244,"Infamous (Chronicles of Nick, #3)",True,"[6696602, 8677937]",True,"[16704220, 20868595, 22559712, 22559726]"
10547471,Capture (The Lunica City Duet #1),False,[],False,[]
10549501,"Last Breath (The Morganville Vampires, #11)",True,"[261122, 544257, 2295829, 3558003, 5212771, 6289938, 7091713, 7600922, 11215073, 15712186]",True,"[9526658, 13414055, 15739817, 15746882]"
10551037,"Isle of Night (The Watchers, #1)",False,[],True,"[10592898, 15821972, 18686977, 28575508]"
10551253,"Life Eternal (Dead Beautiful, #2)",True,[7875327],False,[]
10551290,"Magic of the Moonlight (Full Moon, #2)",True,[8428056],True,[13633301]
10552965,"Shine (Shade, #3)",True,"[6648020, 8542996, 16122992]",True,[15763985]
10560331,"Out of Sight, Out of Time (Gallagher Girls, #5)",True,"[568645, 852470, 5267365, 6950688, 16301336]",True,"[13580951, 18759207]"
10564983,If I Lie,False,[],False,[]
10567183,"Emblaze (The Violet Eden Chapters, #3)",True,"[8635145, 9671126]",True,"[12369942, 16030817]"
10576365,"The Darkest Minds (The Darkest Minds, #1)",False,[],True,"[18052136, 28064676, 16150830, 23016659, 16150831, 25453426]"
10579099,"Slayers (Slayers, #1)",False,[],True,[17261185]
10579347,"Hollowmen (The Hollows, #2)",True,"[8951449, 12668517]",False,[]
10586539,Wake (Watersong #1),False,[],True,"[14759334, 16045037]"
10592898,"Vampire's Kiss (The Watchers, #2)",True,[10551037],True,"[15821972, 18686977, 28575508]"
10594356,Going Vintage,False,[],False,[]
10595980,"The Limping Man (The Salt Trilogy,#3)",True,"[2969219, 6374752]",False,[]
10606242,"Speed of Light (Fenestra, #3)",True,[9536651],False,[]
10618137,"Blood (Mercian Trilogy, #1)",False,[],False,[]
10620752,"Bitter Demons (Peachville High Demons, #3)",False,[],True,"[13318633, 13576202]"
10626594,The Scorpio Races,False,[],False,[]
10628415,"Tin Soldier (Seven Halos, #2)",True,[9465677],False,[]
10631724,"Sweep: Volume 5 (Sweep, #13-15)",False,[],False,[]
10635806,"Indelible (The Yara Silva Trilogy, #2)",True,[8529230],True,[9982010]
10637174,"Soul Quest (Soul Quest, #1)",True,[12894777],False,[]
10637510,"First Kill (The Slayer Chronicles, #1)",False,[],True,"[34723130, 13563138, 17987499]"
10637697,Past Perfect,False,[],False,[]
10637728,Struck: Stupid Cupid; Flirting with Disaster; Pucker Up,False,[],False,[]
10637748,"The Pledge (The Pledge, #1)",False,[],True,"[12631512, 12631527]"
10637766,"Silence (Hush, Hush, #3)",True,"[6339664, 7791997]",True,[12751687]
10637834,"Death Watch (The Undertaken, #1)",False,[],True,[13544534]
10640020,"Dreaming Awake (Falling Under, #2)",True,"[7948945, 15756622]",False,[]
10652356,Deadlands,True,"[13600140, 18585216]",False,[]
10657638,"Blood Solstice (The Tale of Lunarmorte, #3)",False,[],False,[]
10661081,Vampire Academy: The Ultimate Guide,False,[],False,[]
10662420,"Fire with Fire (Burn for Burn, #2)",True,[13406425],False,[]
10666756,Bittersweet (Bittersweet #1),False,[],False,[]
10677277,"Article 5 (Article 5, #1)",False,[],True,"[13188615, 17910064]"
10679230,"Bloodspell (The Cruentus Curse, #1)",False,[],True,[11222874]
10710208,"Sisters of Isis: Volume 1 (Sisters of Isis, #1-2)",False,[],False,[]
10710392,Chopsticks,False,[],False,[]
10710406,"Reckoning (Strange Angels, #5)",False,[],False,[]
10710505,The Probability of Miracles,False,[],False,[]
10714886,"Mark of the Seer (Seer Society, #1)",False,[],False,[]
10722553,"Frost (Stork, #2)",False,[],False,[]
10726280,"Winter Falls (Twin Willows, #1)",False,[],False,[]
10726285,"The Eternal War (TimeRiders, #4)",True,"[6773432, 8129464, 8827905]",True,"[12337271, 20734103]"
10728512,The Tempo (Elemental Symphony #1),False,[],False,[]
10739664,"The Neptune Project (The Neptune Project, #1)",False,[],True,[23173254]
10744752,"Adaptation (Adaptation, #1)",False,[],True,[15986094]
10747722,The Room of Death (The Noricin Chronicles #3),True,[8070241],False,[]
10755107,"The Night Watchman Express (The Crown Phoenix, #1)",False,[],False,[]
10755377,"The Childe (The Childe, #1)",False,[],True,[12987118]
10756656,"Under the Never Sky (Under the Never Sky, #1)",True,[15754052],True,"[15857227, 17616704, 14288998]"
10757771,Shut Out,False,[],False,[]
10757785,"The Daughters Join the Party (The Daughters, #4)",False,[],False,[]
10757806,How to Save a Life,False,[],False,[]
10757833,"Beautiful Chaos (Caster Chronicles, #3)",True,"[6304335, 7842288, 11568316]",True,[7930335]
10758767,Now Playing: Stoner & Spaz II,False,[],False,[]
10778413,"The Fire (Witch & Wizard, #3)",True,[7821932],False,[]
10783492,Sleight (AVRA-K #1),False,[],False,[]
10784510,"Darkness in the Blood  (The Angel's Edge, #2)",True,[18761296],True,[18761323]
10793020,"Winter's Shadow (Winter Saga, #1)",True,[18586953],True,"[11761455, 27803959, 12971630, 35424749, 13224793]"
10795368,"The Queen Bee of Bridgeton (Dancing Dream, #1)",False,[],False,[]
10796690,Soul Beach,False,[],False,[]
10797823,"The Ylem (The Ylem Trilogy, #1)",False,[],False,[]
10798416,The Statistical Probability of Love at First Sight,False,[],False,[]
10798418,Why We Broke Up,False,[],False,[]
10799881,"Underworld (Abandon, #2)",True,[9397967],True,[13061500]
10801027,"Cross My Heart (Cross My Heart, #1)",False,[],True,[17971349]
10802178,The Wake Trilogy (Wake #1-3),False,[],False,[]
10803794,"Skinned (The Shadowing, #2)",True,[10066376],False,[]
10814946,"Gates of Paradise (Blue Bloods, #7)",True,"[106085, 872333, 2753843, 6267237, 7031834, 7747263, 7817785, 9578590]",False,[]
10815209,"Concealed (Concealed, #1)",False,[],False,[]
10815267,"Undead (Undead, #1)",False,[],True,[17196481]
10816908,"The Crown of Embers (Fire and Thorns, #2)",True,"[10429092, 14739821, 16148645]",True,[11431896]
10822395,"Touched (Sense Thieves, #1)",False,[],False,[]
10831726,"Sacrifice (The Descendants, # 2)",False,[],False,[]
10835364,"Impulse Control (Talent Chronicles, #0.5)",False,[],True,[9398067]
10836471,Midwinterblood,False,[],False,[]
10836748,"Afterlife (A Discovery of Vampires, #1)",False,[],False,[]
10837174,"Stray (Touchstone, #1)",False,[],True,[13111788]
10838787,"Pawn (The Blackcoat Rebellion, #1)",False,[],False,[]
10839740,Vision,False,[],False,[]
10841167,"Dark Inside (Dark Inside, #1)",False,[],True,"[13185168, 29752764]"
10844549,"The Red Wolf (The Wolf Fey, #2)",False,[],False,[]
10845991,"Oddily (Oddily, #1)",False,[],False,[]
10846138,"Tangled (Torn Trilogy, #2)",True,[9369726],False,[]
10860399,"Daimon (Covenant, #0.5)",False,[],True,"[9680718, 9761771, 9761778, 9897164]"
10861195,"Level 2 (The Memory Chronicles, #1)",False,[],True,[16081764]
10863283,"Disenchanted (Darkest Powers, #2.5)",True,"[2800905, 5391115, 10417745, 10863354]",False,[]
10863354,"Divided (Darkest Powers, #1.5)",True,"[2800905, 10417745]",True,"[5391115, 10863283]"
10863979,Outside (Outside #1),False,[],True,"[16368826, 18632674]"
10864804,"Between the Land and the Sea (Marina's Tales, #1)",False,[],True,[10990945]
10866233,The List,False,[],False,[]
10866624,"Unspoken (The Lynburn Legacy, #1)",True,[15992339],True,"[18588890, 15801763, 18309803]"
10870794,"Moonbeams  (Beams and Light, #1)",False,[],False,[]
10890702,Palace of the Damned,False,[],False,[]
10890808,"Unleashed (Wolf Springs Chronicles, #1)",False,[],True,[15716180]
10893510,"Grey Eyes (The Forever Trilogy, #1)",False,[],True,"[16109165, 24037735]"
10894503,"A Beautiful Friendship (Honorverse: Stephanie Harrington, #1)",False,[],False,[]
10913887,"The Hunt (The Hunt, #1)",False,[],True,"[14740456, 17286729]"
10915176,"The Reluctant Assassin (W.A.R.P., #1)",False,[],True,[18453186]
10915691,"Betrayal (The Descendants, #1)",False,[],False,[]
10917458,"Savor (Warm Delicacy, #1)",False,[],False,[]
10928022,"Airborne (Airborne Saga, #1)",False,[],True,[11299720]
10929432,"The Archived (The Archived, #1)",False,[],True,"[13638131, 23475666, 20799109]"
10946420,"Shattered (Desire, #2)",True,[9905387],False,[]
10947600,Saving June,False,[],False,[]
10959277,The Future of Us,False,[],False,[]
10982463,"The Mumbo Jumbo Circus (Mumbo Jumbo Circus, #1)",False,[],False,[]
10990945,"The Moon and the Tide (Marina's Tales, #2)",True,[10864804],False,[]
10999517,"Lure (Siren's Call, #1)",False,[],False,[]
11004020,Diary of a Part-Time Ghost (Ghosts & Shadows #1),False,[],True,[13601203]
11011545,"The Rivals (The Mockingbirds, #2)",True,[6882274],False,[]
11022222,"Dark Frost (Mythos Academy, #3)",True,"[9439989, 11763146]",True,"[13130275, 17987415, 15714133, 17448097]"
11029147,"A Good Boy Is Hard to Find (The Naughty List, #3)",True,[6396975],False,[]
11034895,"Rise (Salvaged, #2)",True,[7726427],False,[]
11043460,"Scattering Like Light (Small Blue Thing, #3)",True,"[8548772, 10326828]",False,[]
11043618,"What's Left of Me (The Hybrid Chronicles, #1)",False,[],True,[16109664]
11044210,"Enticed by His Forgotten Lover (Pregnancy & Passion, #1)",False,[],False,[]
11044367,"Taken (Taken, #1)",True,[18053185],True,"[18089999, 15711420]"
11048116,Fateful (Fateful #1),False,[],False,[]
11052164,"Errant (Killer Unicorns, #0.5)",False,[],True,[7726036]
11052827,The Bridge,False,[],False,[]
11056634,"Fins Are Forever (Fins, #2)",True,[8235919],True,[18469077]
11069761,"And for Your Information… (Butterfly, #2)",True,"[10381803, 12607835]",True,"[15713051, 17313481]"
11071466,Second Chance Summer,False,[],False,[]
11074322,"Can You Keep a Secret? (Delicious, #1)",False,[],True,[11382778]
11077783,SHIFT (Shift #1),False,[],True,"[13420494, 20256238]"
11085864,"Meant to Be (The Saving Angels, #1)",False,[],False,[]
11096647,"Flat-Out Love (Flat-Out Love, #1)",False,[],True,"[17611379, 22402154]"
11111890,"Silver Moon (Silver Moon, #1)",False,[],False,[]
11112619,"Fever (The Chemical Garden, #2)",True,[12959528],True,[12383869]
11115434,"Insignia (Insignia, #1)",False,[],True,"[17466707, 16101515, 18054017]"
11115457,"Time Between Us (Time Between Us, #1)",False,[],True,[17393023]
11128881,"Abandoned (Little Boy Lost, #2)",True,[7765763],True,"[11796317, 13265927]"
11130686,"The Strange Case of Finley Jayne (Steampunk Chronicles, #0.5)",False,[],True,"[9166877, 13060608, 17787966, 15822336, 18074035, 18513756]"
11133791,Tilt,False,[],False,[]
11137919,"The Elf Girl (Journey into the Realm, #1)",False,[],False,[]
11147397,"Undead (Ever After Trilogy, #1)",False,[],True,[21018154]
11147422,Invisibility,False,[],False,[]
11164626,"Crave (The Clann, #1)",False,[],True,[13548152]
11164647,"Damaged: A Violated Trust (Secrets, #3)",True,"[397442, 1632738, 9470985]",False,[]
11178367,"Dark Territory (The Tracks, #1)",False,[],True,"[11976729, 16241634]"
11182074,"Pretty Crooked (Pretty Crooked, #1)",False,[],True,[13146824]
11185432,"Elemental (Auri, #1)",False,[],True,[20654544]
11207142,Maid for Me,False,[],False,[]
11215073,"All Hallows (The Morganville Vampires, #6.6)",True,"[261122, 544257, 2295829, 3558003, 5212771, 15712186]",True,"[6289938, 7091713, 7600922, 10549501, 9526658, 13414055, 15739817, 15746882]"
11222139,"Echoes at Dawn (KGI, #5)",False,[],True,"[14741092, 18809304, 20453985]"
11222874,"Bloodcraft (The Cruentus Curse, #2)",True,[10679230],False,[]
11235712,"Cinder (The Lunar Chronicles, #1)",True,"[13254289, 19208103]",True,"[16075962, 13206760, 13206828, 20813789, 22489107, 13206900, 25689074]"
11237412,"Six's Legacy (Lorien Legacies: The Lost Files, #1)",False,[],True,"[13622863, 15752308, 15762770, 16065602, 18053086, 18053087, 18738863, 22500624, 25742694, 26242358]"
11244896,"Little Battles (Old Wounds, #2)",True,[9836659],False,[]
11250671,Above,False,[],False,[]
11250674,"Wander Dust (The Seraphina Parrish Trilogy, #1)",False,[],True,"[13378513, 13378519]"
11253012,Forbidden Temptation of a Vampire: Sidhi Summer Camp Series,False,[],False,[]
11256624,"Where There's a Wolf, There's a Way (Monster High, #3)",True,[9415962],True,[12814556]
11262424,"Between the Lines (Between the Lines, #1)",False,[],True,"[12283261, 12067972, 23278280, 13248357, 17158158]"
11274771,Bone Dressing (Book 1),False,[],False,[]
11277242,"Thicker Than Water (Night World, Extras #10.1)",False,[],False,[]
11277448,"Matt and Elena: First Date (The Vampire Diaries: Extras, #0.1)",False,[],True,"[12818713, 7431311]"
11282402,"Mistakes (Mistakes Trilogy, #1)",False,[],False,[]
11284750,"Fated (Fated, #1)",False,[],True,"[25151797, 31342605, 16092898]"
11284898,The Storyteller,False,[],False,[]
11291920,Planesrunner (Everness #1),False,[],True,"[14289220, 17884078]"
11293803,"An Untold Tale: Elena's Christmas (The Vampire Diaries: The Return Extras, #0.5)",False,[],False,[]
11299720,"Grounded (The Airborne Saga, #2)",True,[10928022],False,[]
11300302,"Alice in Zombieland (White Rabbit Chronicles, #1)",False,[],True,"[23287087, 15755296, 20579287, 24893241, 27800153]"
11309018,"The Lost Stories (Ranger's Apprentice, #11)",False,[],True,[16149577]
11311068,"Frost Fire (Frost, #6)",True,"[8069816, 9639859, 11489012, 13555538, 15700479, 17225892, 18040360, 18469570, 18748877]",True,"[13270871, 15801791]"
11313672,"The Seven Year King (The Faerie Ring, #3)",False,[],False,[]
11318315,"The Caster Chronicles 1-3 Collection (Caster Chronicles, #1-3)",False,[],False,[]
11319430,"Betrayed (The Guardian Legacy, #1)",False,[],True,[14448616]
11320138,"Shadows (Ashes Trilogy, #2)",True,"[9975679, 18052849]",True,"[18952667, 17162435]"
11325338,"My Awesome/Awful Popularity Plan (Justin Goldblatt, #1)",False,[],False,[]
11325353,"Awkward (Smith High, #1)",False,[],True,"[16281004, 17318450, 18596463]"
11328077,"Silvermay (Silvermay, #1)",False,[],True,"[13249204, 13643128]"
11341104,"Happy Birthday to Me (Birthday Trilogy, #1)",False,[],False,[]
11354468,The Understorey (The Leaving #1),False,[],False,[]
11354719,"Hotblood (House of Slide, #1)",False,[],False,[]
11356936,"1.4 (Point 4, #2)",True,[8514163],False,[]
11366397,"The Program (The Program, #1)",True,[22449285],True,"[17948607, 23666204, 27420597]"
11378402,"The Alchemy of Forever (Incarnation, #1)",False,[],True,[13260515]
11382304,"Blood Past (Warriors of Ankh, #2)",True,[11918173],True,[11382317]
11382317,"Shades of Blood (Warriors of Ankh, #3)",True,"[11382304, 11918173]",False,[]
11382346,"That Boy (That Boy, #1)",False,[],False,[]
11382778,"Cherished (Delicious, #1)",True,[11074322],False,[]
11384332,"Huber Hill and the Dead Man's Treasure (Huber Hill, #1)",False,[],False,[]
11385485,"Watched (Watched, #1)",False,[],True,[15847262]
11387392,The Catastrophic History of You and Me,False,[],False,[]
11387433,"The Jade Notebook (Notebook, #3)",False,[],False,[]
11387447,"The Nightmare Garden (Iron Codex, #2)",True,[6234910],True,[13450454]
11387515,Wonder (Wonder #1),False,[],False,[]
11388177,"Daughter of the Centaurs (Centauriad, #1)",False,[],False,[]
11388429,When the Sea Is Rising Red (Hobverse #1),False,[],True,[22077289]
11392407,Midnight Revelations (Werelove #2),False,[],False,[]
11396770,"Lightbringer (Lightbringer, #1)",False,[],False,[]
11399605,"Blood Song (Lharmell, #1)",False,[],False,[]
11408650,"The Unbecoming of Mara Dyer (Mara Dyer, #1)",False,[],True,"[13643567, 15768409]"
11409671,"The Pearl Savage (Savage, #1)",False,[],False,[]
11410104,The Summer I Turned Pretty Trilogy: The Summer I Turned Pretty; It's Not Summer Without You; We'll Always Have Summer,False,[],False,[]
11410430,Defiance (Defiance #1),False,[],True,"[17331289, 19099494]"
11413298,Elegy (Hereafter #3),True,"[9256414, 12270931]",False,[]
11418182,"The Butterfly Clues (Lost Girls, #1)",False,[],False,[]
11418574,"Before I Wake (Soul Screamers, #6)",True,"[6315602, 6583427, 6763961, 7476122, 8487363, 8803932, 15729751]",True,[13508069]
11421250,"Fairy Circle (Fairy Circle, #1)",False,[],False,[]
11421556,"Real Mermaids Don't Hold Their Breath (Real Mermaids, #2)",True,[7767952],True,[17683795]
11422644,"Ruling Passion (Drake Chronicles, #1-3)",False,[],False,[]
11425558,"Land of No Angels (Dark Ascension, #1)",False,[],False,[]
11431896,"The Bitter Kingdom (Fire and Thorns, #3)",True,"[10429092, 10816908, 14739821, 16148645]",False,[]
11444393,"Gateway (The Gateway Trilogy, #1)",False,[],True,"[18241346, 23380120, 15728835, 18133153]"
11454587,"Spell Bound (Hex Hall, #3)",True,"[5287473, 8428064]",False,[]
11455096,"Tempest (Tempest, #1)",True,"[9583227, 12872699]",True,"[12387628, 13364300, 12852064]"
11455106,"Destiny and Deception (13 to Life, #4)",True,"[9339970, 9873445]",False,[]
11455132,"Almost Everything (Vampire Princess of St. Paul, #3)",False,[],False,[]
11455148,"Charmfall (Dark Elite, #3)",True,[6611024],False,[]
11468074,"Renegade (The Elysium Chronicles, #1)",False,[],True,[17332261]
11470240,"Catacombs (The Immortal Archives, #3)",False,[],False,[]
11474158,"Mystic Embrace (Embrace, #3)",True,"[12931061, 17668651]",True,[13354919]
11479285,"Breathe (Sea Breeze, #1)",False,[],True,[13146214]
11483315,"Underground (The Phoenix Files, #4)",True,"[6559815, 7622434, 9244992]",True,"[11559968, 13611123]"
11488396,Bloody Little Secrets (Bloody Little Secrets #1),False,[],False,[]
11489012,"The Fairy Letters (Frost, #3.5)",True,"[8069816, 9639859, 13555538, 15700479, 17225892, 18040360]",True,"[18748877, 18469570, 11311068, 13270871, 15801791]"
11500217,"Angelfall (Penryn & the End of Days, #1)",False,[],True,[18500665]
11508183,"The Skinjacker Trilogy: Everlost / Everwild / Everfound (Skinjacker, #1-3)",False,[],False,[]
11512707,Dear Diary,True,"[1007958, 1007960, 13415148, 18584779]",False,[]
11513553,"Sometimes by Moonlight (Never Cry Werewolf, #2)",True,[5778773],False,[]
11514121,"A Touch Morbid (A Touch Trilogy, #2)",True,"[2820533, 6223474, 8428050]",True,"[7735325, 13479179, 8789318, 10345708]"
11514838,"Fury (The Fury Trilogy, #1)",False,[],True,"[16075923, 11685192, 17334566]"
11515721,Love Is In The Title (Love #1),False,[],True,"[18626330, 12291793, 17700264, 17700269, 17700271]"
11516221,"The Scorpion Rules (Prisoners of Peace, #1)",False,[],True,[28954125]
11524267,"The Lies That Bind (The Liar Society, #2)",True,[9182417],True,[17208619]
11542006,"Haunting the Night (Past Midnight, #2.5)",True,"[7737852, 8621466, 9188333]",True,[9132487]
11544466,"Breathe (Breathe, #1)",False,[],True,[13447149]
11544476,"When We Wake (When We Wake, #1)",False,[],True,[17409299]
11545848,"The Jerk Magnet (Life at Kingston High, #1)",False,[],False,[]
11550178,"Bridger (Bridger, #1)",False,[],True,[13350871]
11551045,"Lenobia's Vow (House of Night Novellas, #2)",False,[],True,"[12059592, 16136628]"
11556960,"Crewel (Crewel World, #1)",False,[],True,"[16140922, 18295817]"
11558256,"Shadowlark (Skylark, #2)",True,[10352973],True,[11558268]
11558268,"Lark Ascending (Skylark, #3)",True,"[10352973, 11558256]",False,[]
11559968,"Fallout (The Phoenix Files, #5)",True,"[6559815, 7622434, 9244992, 11483315]",True,[13611123]
11561469,"Reason to Breathe (Breathing, #1)",False,[],True,[13454149]
11563110,"Hallowed (Unearthly, #2)",True,[7488244],True,"[15851966, 13049981]"
11568316,"Dream Dark (Caster Chronicles, #2.5)",True,"[6304335, 7842288]",True,"[10757833, 7930335]"
11569419,"Soul Screamers Volume One (Soul Screamers, #0.5, 1, 2)",False,[],False,[]
11593221,"dancergirl (WiHi, #1)",False,[],True,[12754271]
11595072,"Arcadia Awakens (Arcadia, #1)",False,[],True,[15788401]
11595276,The Miseducation of Cameron Post,False,[],False,[]
11595501,"The Asylum (The Vampire Diaries: Stefan's Diaries, #5)",True,[7726143],False,[]
11598566,"The Prisoner (Henderson's Boys, #5)",True,"[4223020, 6775500]",True,[14061320]
11603886,Forbidden,False,[],False,[]
11611073,Grounding Quinn,False,[],False,[]
11614718,"Delirium (Delirium, #1)",False,[],True,"[12663646, 9593911, 16089223, 9593913]"
11635274,Moonlight Mayhem Spellbound Prodigies #3,False,[],False,[]
11640957,"The Rules (Project Paper Doll, #1)",False,[],True,"[18296013, 22437523]"
11647944,Destiny's Fire,False,[],False,[]
11685192,"Envy (The Fury Trilogy, #2)",True,"[11514838, 16075923]",True,[17334566]
11691084,"Darwin's Children (Darwin's Children, #1)",False,[],True,[13081880]
11694570,"Broken Dream (Dark Angel, #3)",False,[],True,[12875329]
11698943,The Fine Art of Truth or Dare,False,[],False,[]
11700071,"Surrender (Possession, #2)",True,"[8337087, 13141299, 13573678]",True,[16074322]
11717567,"Dark Matter Heart (Cor Griffin Bloodsuckers, #1)",False,[],False,[]
11721314,Meant to Be,False,[],False,[]
11724895,Once: Before Midnight/Golden/Wild Orchid,False,[],False,[]
11725043,"Rivals (The Ivy, #3)",True,[8708189],True,[13553276]
11733187,"The Dark Unwinding (The Dark Unwinding, #1)",False,[],False,[]
11735983,"Insurgent (Divergent, #2)",True,"[13335037, 13615258, 18080920, 18668485]",True,"[17860199, 18710190]"
11736535,"The Fire Wars (Fire Wars, #1)",False,[],True,"[12959823, 15716670]"
11737264,"Ship Out of Luck (Antsy Bonano, #3)",True,[199699],False,[]
11737311,The Treachery of Beautiful Things,False,[],False,[]
11740889,"Watched (Mikayla Blake, Demon Hunter, #1)",False,[],False,[]
11741510,Silverweed: A Supernatural Fairy Tale (Volume 1),False,[],False,[]
11742691,The Hunger Games: Official Illustrated Movie Companion,False,[],False,[]
11751719,"The Beginning (LS, #1)",False,[],False,[]
11758870,"Haven (War of the Princes, #1)",False,[],True,"[17313797, 28227567]"
11758920,Oubliette (Cloud Prophet Trilogy #2),False,[],False,[]
11761452,"Burn Mark (Burn Mark, #1)",False,[],True,[16045121]
11761455,"A Witch in Winter (Winter Trilogy, #1)",True,"[10793020, 18586953]",True,"[27803959, 12971630, 35424749, 13224793]"
11763146,"First Frost (Mythos Academy, #0.5)",False,[],True,"[9439989, 11022222, 13130275, 17987415, 15714133, 17448097]"
11765920,"The Calling (Darkness Rising, #2)",True,"[7896345, 13570670]",True,[11864728]
11767287,The Hunted (The Hunted #1),True,[964543],True,"[12401507, 15725160]"
11776598,"Adventures in Funeral Crashing (Funeral Crashing, #1)",False,[],True,"[16137007, 18110531, 25432577]"
11777039,"Invisible Sun (Hell's Cross, #2)",True,[7031835],True,[15727440]
11778281,"Destined (Destined, #1)",False,[],True,[23130360]
11784607,"Paranoia (The Witches of Santa Anna, #11)",True,"[10412352, 10446897]",False,[]
11788440,"Katana (Katana, #1)",False,[],True,[13633699]
11794477,Altered,False,[],False,[]
11796317,"Vanished (Little Boy Lost, #3)",True,"[7765763, 11128881]",True,[13265927]
11797478,"The Rising (Department 19, #2)",False,[],True,"[18590476, 22673888]"
11801954,"After the Snow (After the Snow, #1)",True,[16083398],False,[]
11808950,"Sweet Evil (Sweet, #1)",False,[],True,"[4800764, 8586722]"
11809389,"A Girl Named Willow Krimble (Willow Krimble, #1)",False,[],False,[]
11836538,"Croak (Croak, #1)",False,[],True,"[13316241, 14290102]"
11836711,"Anasazi (Sense of Truth, #2)",True,[8531229],False,[]
11838803,"The Last Echo (The Body Finder, #3)",True,[6261522],True,[10468701]
11849067,"Madly (Madly, #1)",False,[],True,[12039404]
11850814,ProtoStar (The Star-Crossed Saga),False,[],False,[]
11859244,"Bewitching (Kendra Chronicles, #2)",True,[544891],True,[19278261]
11861062,"Starters (Starters, #1)",True,[13412372],True,[13412377]
11861715,"Icons (Icons, #1)",False,[],True,[11861743]
11861743,"Idols (Icons, #2)",True,[11861715],False,[]
11861815,"Winger (Winger, #1)",False,[],True,[20662291]
11864728,"The Rising (Darkness Rising, #3)",True,"[7896345, 11765920, 13570670]",False,[]
11866271,"She Speaks to Angels (AngelFire Chronicles, #1)",False,[],True,"[8501291, 12476511, 8501304]"
11870085,The Fault in Our Stars,False,[],False,[]
11872688,"Vampire Academy (Vampire Academy, #1-5)",False,[],False,[]
11873368,The World of the Hunger Games,False,[],False,[]
11881513,"Program 13 (The Emile Reed Chronicles, #1)",True,[15710695],False,[]
11903141,"Caged by Damnation (Caged, #2)",False,[],True,[12192315]
11909756,The Colors of Malent (The Colors of Malent #1),False,[],False,[]
11913681,"The Boyfriend Thief (Stolen Kiss, #1)",False,[],False,[]
11918173,"Blood Will Tell (Warriors of Ankh, #1)",False,[],True,"[11382304, 11382317]"
11920108,Glory,False,[],False,[]
11946245,"Nevermore (Maximum Ride, #8)",True,"[13139, 13152, 33676, 1829709, 3393124, 6431790, 7201913]",True,[22208238]
11946900,"Chocolate SOS (Jess Jordan, #5)",True,"[920432, 1594681, 8064533]",True,[15931730]
11947829,"Ascend (Trylle, #3)",True,[8564935],False,[]
11948797,"Brightest Kind of Darkness (Brightest Kind of Darkness, #1)",False,[],True,[13446541]
11952268,"Doomed (Ancient Legends, #2)",False,[],False,[]
11953583,"Uncertainty (Gravity, #2)",False,[],False,[]
11953675,"Haven (The Willows, #1)",False,[],False,[]
11958033,Ten,False,[],False,[]
11963684,"Blood Heavy (Blood Heavy, #1)",False,[],False,[]
11964923,"Fury (Mercy, #4)",True,"[8373527, 8903595, 10211811]",False,[]
11965510,"By Midnight (Ravenwood, #1)",False,[],False,[]
11968582,"Ta Ta for Now! (Stories About Melissa, #1)",False,[],True,"[13413517, 14121047]"
11973377,"Transparent (Transparent, #1)",False,[],True,[18243852]
11976729,"Ghost Crown (The Tracks, #2)",True,[11178367],True,[16241634]
11983940,"Scarlet (Scarlet, #1)",False,[],False,[]
11984884,"The Marked Son (Keepers of Life, #1)",False,[],False,[]
11985913,"Fathomless (Fairytale Retellings, #3)",True,"[6357708, 9415956]",True,[16039122]
11986000,Sudden Independents (Independents #1),False,[],False,[]
11988046,"Pivot Point (Pivot Point, #1)",False,[],True,[15792316]
11989527,Black Waters (The Songstress Trilogy #1),False,[],False,[]
11992012,"The Prophecy of Shadows (Elementals, #1)",False,[],True,"[35068585, 26876374, 28176867, 28188348, 30046401]"
11995849,"Compulsion (Moon Coven, #1)",False,[],False,[]
12002496,"A Phantom Enchantment (Unbound, #3)",True,[12267739],False,[]
12003673,"Whisper (Riley Bloom, #4)",True,"[7886302, 9277335]",False,[]
12020677,"The Pantheon (Olympia Heights, #1)",False,[],True,"[15705733, 17670457]"
12024430,Teeth,False,[],False,[]
12029592,"Carter's Unfocused, One-Track Mind (Carter Finally Gets It, #3)",False,[],False,[]
12030849,"New England Witch Chronicles (New England Witch Chronicles, #1)",False,[],True,"[13495947, 17851860]"
12037109,"A Whisper To A Scream (The Sociopath Diaries, #1)",False,[],True,[13454960]
12039404,"Madly & Wolfhardt (Madly, #2)",True,[11849067],False,[]
12040782,"Charmed Vengeance (The Aether Chronicles, #2)",True,[9277339],False,[]
12044946,"Vanquished (Crusade, #3)",True,"[7171882, 9031163]",False,[]
12047201,"Tangled Tides (The Sea Monster Memoirs, #1)",False,[],True,[13412960]
12048297,"Deadlock (Darcie Lock, #3)",True,"[2411725, 5955183]",False,[]
12049227,In Honor,False,[],False,[]
12059592,"Neferet's Curse (House of Night Novellas, #3)",True,[11551045],True,[16136628]
12067972,"Where You Are (Between the Lines, #2)",True,"[11262424, 12283261]",True,"[23278280, 13248357, 17158158]"
12075543,"PineLight (PineLight, #1)",False,[],False,[]
12075886,Keep Holding On,False,[],False,[]
12080400,"Bad Hair Day (Kate Grable, #2)",True,[12087573],False,[]
12080917,"Afterglow (Wildefire, #3)",True,"[9758765, 12986169]",False,[]
12081764,"Becoming (Daughters Of Saraqael, #1)",False,[],True,"[12081791, 12081827]"
12081791,"Central (Daughters Of Saraqael, #2)",True,[12081764],True,[12081827]
12081827,"Foretold (Daughters Of Saraqael, #3)",True,"[12081764, 12081791]",False,[]
12083877,Fire in the Blood (Last Moon Rising #1),False,[],True,[16097299]
12084278,"City of a Thousand Dolls (Bhinian Empire, #1)",False,[],False,[]
12087573,"Bad Taste in Boys (Kate Grable, #1)",False,[],True,[12080400]
12092005,"Pride & Popularity (The Jane Austen Diaries, #1)",False,[],True,"[7271563, 13453481, 16164977, 17405448]"
12109772,Paper Valentine,False,[],False,[]
12118744,"Dael and the Painted People (Zan-Gah, #3)",True,"[6044486, 7647725]",False,[]
12127750,"The Mark of Athena (The Heroes of Olympus, #3)",True,[9520360],True,"[12127810, 18705209]"
12127810,"The House of Hades (The Heroes of Olympus, #4)",True,"[9520360, 12127750]",True,[18705209]
12129021,"Witchy, Witchy (Spellbound Trilogy, #1)",True,[10118172],True,[13494086]
12136182,Mammon,False,[],False,[]
12138494,"Arclight (Arclight, #1)",False,[],True,[17798031]
12144652,"Cicada (Cicada, #1)",False,[],False,[]
12146537,"Diabolical (Tantalize, #4)",True,"[353016, 4936618, 8601666]",False,[]
12152785,"Pretty Little Secrets: A Pretty Little Liars Collection (Pretty Little Liars, #4.5)",True,"[1651302, 14813667]",True,"[3047850, 3047849, 3047848, 3047851, 9893331, 9893355, 9893358]"
12153203,"Nephilim (Academy of the Fallen, #2)",True,[9704083],False,[]
12154327,"Another Jekyll, Another Hyde (Another, #3)",True,"[6376575, 6762468]",False,[]
12157365,"Unraveling (Unraveling, #1)",False,[],True,"[16089245, 16114840]"
12157403,"The Temptation (Kindred, #1)",False,[],False,[]
12157407,"In the After (In the After, #1)",False,[],True,[18140842]
12157780,When You Were Here,False,[],False,[]
12176820,"Loss (Riders of the Apocalypse, #3)",True,"[7247856, 7670661]",True,[10380505]
12176957,"Pilgrims Don't Wear Pink (Pilgrims, #1)",False,[],False,[]
12177772,"Remembrance (Transcend Time, #1)",False,[],True,"[12780764, 12933542]"
12180204,"First Comes Love (First Comes Love, #1)",False,[],True,"[16148583, 17883553]"
12180248,Enchanted (Woodcutter Sisters #1; Books of Arilland #1),False,[],True,"[17155787, 17155793]"
12192315,"Caged in Spirit (Caged, #3)",True,[11903141],False,[]
12197515,"Black Wood (A Witch Rising, #1)",False,[],False,[]
12205360,"In Dreams (The Dream, #1)",False,[],True,"[21872573, 22012362, 22294867]"
12236872,"The Spook's Blood (The Last Apprentice / Wardstone Chronicles, #10)",True,"[298567, 2899121, 6097180]",False,[]
12243374,"Alice on Board (Alice, #24)",True,"[66898, 66899, 66905, 66929, 421536, 563485, 914120, 2543866, 5711724, 6482983]",False,[]
12246388,"Lucy (Daughters of the Sea, #3)",True,[15767909],True,"[22616196, 23348153]"
12246929,The Vicious Deep (The Vicious Deep #1),False,[],True,"[13092528, 17933160]"
12249184,"Elemental: The First (Primord, #1)",False,[],False,[]
12260608,"Insomnia (The Night Walkers, #1)",False,[],True,"[18579803, 22385288]"
12262665,"Mortal Chaos (Mortal Chaos, #1)",False,[],True,[14287992]
12267739,"A Breath of Eyre (Unbound, #1)",False,[],True,[12002496]
12270931,"Arise (Hereafter, #2)",True,[9256414],True,[11413298]
12275873,"After Eden (After Eden, #1)",False,[],True,[15919583]
12283261,"Between the Lines (Between the Lines, #1)",True,[11262424],True,"[12067972, 23278280, 13248357, 17158158]"
12286734,"Sweet Sofie (The Moreno Brothers, #3)",True,[15732569],False,[]
12291793,"Love Is In The Hallways (Love, #2)",True,"[11515721, 18626330]",True,"[17700264, 17700269, 17700271]"
12293617,"The Pirate Curse (Spirit Guide, #5)",True,[8664283],False,[]
12294652,My Life Next Door,False,[],False,[]
12295462,Wilfair,False,[],False,[]
12310826,"The Night Children (Escape from Furnace, #0.5)",False,[],True,"[6633007, 9975400, 9759297, 16112704]"
12337271,"Gates of Rome (TimeRiders, #5)",True,"[6773432, 8129464, 8827905, 10726285]",True,[20734103]
12349907,"No Such Thing as Forever (Girl Heart Boy, #1)",False,[],True,"[16112304, 17279666]"
12354839,"Code of Silence (Code of Silence, #1)",False,[],False,[]
12355133,"The Killables (The Killables, #1)",False,[],True,[18999077]
12363624,"Fall For Me (Fall For Me, #1)",False,[],True,"[18518642, 20652982]"
12363795,"Living Violet (The Cambion Chronicles, #1)",False,[],True,[12893536]
12364060,"Kitty Hawk (I, Q, #3)",True,[3599149],False,[]
12365189,"Adrian's Lost Chapter (Bloodlines, #0.5)",False,[],True,"[8709527, 8709523, 8709526, 9833184, 8709524, 8709528]"
12369175,"The Spirit Keeper (The Spirit Keeper, #1)",False,[],False,[]
12369550,"Elusion (Elusion, #1)",False,[],True,[22539894]
12369942,"Endless (The Violet Eden Chapters, #4)",True,"[8635145, 9671126, 10567183]",True,[16030817]
12371862,"Unbreakable (The Legion, #1)",False,[],True,[12371865]
12371865,"Unmarked (The Legion, #2)",True,[12371862],False,[]
12372058,"Rex Rising (Elei's Chronicles, #1)",False,[],True,[16158686]
12374158,"Dark Beauty (Seeker, #0.5)",False,[],True,"[8466360, 12603698, 27235785, 8872641, 13265450, 24690795, 28585057]"
12383869,"Sever (The Chemical Garden, #3)",True,"[11112619, 12959528]",False,[]
12384984,See You at Harry's,False,[],False,[]
12387628,"Tempest Unleashed (Tempest, #2)",True,"[9583227, 11455096, 12872699]",True,"[13364300, 12852064]"
12387704,"Mirage (Winterhaven, #2)",True,[8527908],True,[15734731]
12390039,"Magic in Manhattan: Volume One (Magic in Manhattan, #1-2)",False,[],False,[]
12390551,"The Sisterhood of the Travelling Pants/The Second Summer of the Sisterhood (Sisterhood, #1-2)",False,[],False,[]
12393223,"Middle Ground (Awaken, #2)",False,[],False,[]
12393909,"Revealing Eden (Save the Pearls, #1)",False,[],False,[]
12394032,"Undeadly (The Reaper Diaries, #1)",False,[],True,[18466571]
12395883,"Unbelievable (Port Fare, #2)",True,[10380227],False,[]
12396846,"Valor (Greystone, #1)",False,[],True,[17983831]
12400152,Hurricane (Hurricane #1),False,[],False,[]
12401507,Run (The Hunted #1),True,"[964543, 11767287]",True,[15725160]
12407853,"Smokeless Fire (Fire Spirits, #1)",False,[],False,[]
12408471,"Equinox (The Rosie Black Chronicles, #2)",True,[9303291],False,[]
12410324,"Losing Lila (Lila, #2)",True,"[10188580, 17344841]",False,[]
12411635,"The Nightmare Affair (The Arkwell Academy, #1)",False,[],True,"[17910091, 23168765]"
12411687,"Indelible (The Twixt, #1)",False,[],True,[18371666]
12414417,"The Spider Goddess (Pandora English, #2)",False,[],True,[16057864]
12416944,The Key of Kilenya (Kilenya #1),False,[],False,[]
12419427,"Whispering Evil (Midnight Guardian, #2)",False,[],True,[13488742]
12422629,"The Coming of the Whirlpool (Ship Kings, #1)",False,[],True,[15832663]
12425532,"Of Poseidon (The Syrena Legacy, #1)",True,"[13574751, 17791629]",True,"[15513156, 21408380, 18525702]"
12427087,Sundial,False,[],False,[]
12431689,"Guardian Angel (Aramov, #2)",True,[9222713],True,"[12431923, 19295525]"
12431923,"Black Friday (Aramov, #3)",True,"[9222713, 12431689]",True,[19295525]
12432220,The False Prince (The Ascendance Trilogy #1),False,[],True,"[15703770, 17667561]"
12432229,"Struck (Struck, #1)",True,[13486348],True,"[17522283, 22483750, 27254713]"
12434581,"Defiance Rising (Rising Trilogy, #1)",False,[],False,[]
12439057,"Echo (Soul Seekers, #2)",True,[12829446],True,"[12439061, 12439063]"
12439061,"Mystic (Soul Seekers, #3)",True,"[12439057, 12829446]",True,[12439063]
12439063,"Horizon (The Soul Seekers, #4)",True,"[12439057, 12439061, 12829446]",False,[]
12448700,"Heart of Danger (Juno, #3)",True,[8582141],True,[3868263]
12450811,"The Twice Lost (Lost Voices, #3)",True,"[7656222, 12628635]",False,[]
12464361,"Elemental (Soul Guardians, #2)",True,[19351259],True,"[13484803, 13505953, 19352028]"
12473983,"Eternity (Guardian Trilogy, #2)",False,[],False,[]
12474623,"Tiger's Dream (The Tiger Saga, #5)",True,"[7849341, 9284655, 9662386, 12677913, 20932616]",False,[]
12475742,"The Discovery (Pyxis, #1)",False,[],True,[13378019]
12475931,"The Obsidian Blade (The Klaatu Diskos, #1)",False,[],True,[15841900]
12476511,"Falling Angels (AngelFire Chronicles, #2)",True,"[8501291, 11866271]",True,[8501304]
12476820,"Partials (Partials Sequence, #1)",True,[13645264],True,"[13170596, 17607716]"
12478507,"FrostFire (Ruan, #2)",True,[2274683],False,[]
12478533,Bittersweet,False,[],False,[]
12483970,"Dark Metropolis (Dark Metropolis, #1)",False,[],True,[15724122]
12486526,"The Sphinx Project (The Chimaera Chronicles, #1)",False,[],False,[]
12497203,"Exiled (Immortal Essence, #1)",False,[],False,[]
12502043,"Unveiled (Fireblood, #1.5)",True,[15841140],False,[]
12505535,"Swipe (Swipe, #1)",False,[],True,[13650355]
12507214,"Girl of Nightmares (Anna, #2)",True,[9378297],False,[]
12513514,"Dead Is a Killer Tune (Dead Is, #7)",True,"[2273246, 3392285, 5562484, 7430195]",True,[17165986]
12516692,"Mortal Obligation (Dark Betrayal Trilogy, #1)",False,[],True,[13233726]
12522507,"Hidden (Firelight, #3)",True,[6448470],False,[]
12537426,"The Broken Destiny (Broken, #1)",False,[],True,"[25925784, 16211604, 30090076]"
12540915,"The Ultimate Game (Echo's Revenge,#1)",False,[],False,[]
12542392,Any Red-Blooded Girl (The Flora Fontain Files #1),False,[],False,[]
12543750,"Shadow of the Mark (Carrier, #2)",False,[],False,[]
12548990,"Inside (Insider, #1-2)",False,[],False,[]
12551077,Stealing Parker,False,[],False,[]
12551082,Things I Can't Forget,False,[],False,[]
12558285,"Splintered (Splintered, #1)",False,[],True,"[17449197, 25105196]"
12559613,"Traitor's Son (Raven Duet, #2)",True,[7735329],False,[]
12561585,"The Sweet Dead Life (Sweet Dead Life, #1)",False,[],True,[18339894]
12561863,"A Girl Named Digit (Digit, #1)",False,[],False,[]
12562112,"Fading Into Magic (Fading Into Magic, #1)",False,[],False,[]
12566316,Ink,False,[],False,[]
12568505,"Black City (Black City, #1)",False,[],True,[12568641]
12568641,"Wings (Black City, #3)",True,[12568505],False,[]
12577549,"Double Clutch (Brenna Blixen, #1)",False,[],False,[]
12578077,"Obsidian (Lux, #1)",True,[13183957],True,"[25209521, 13047090]"
12578294,"Mind Games (Mind Games, #1)",True,[18269365],True,[12578370]
12578305,The Chaos of Stars,False,[],False,[]
12578313,Golden,False,[],False,[]
12578370,"Perfect Lies (Mind Games, #2)",True,"[12578294, 18269365]",False,[]
12579884,"Sworn (Vampire Legends, #1)",False,[],False,[]
12588363,"Fallen in Love (Fallen, #3.5)",True,"[6487308, 7740152, 9369720]",True,[12716010]
12597209,"The Forgetting Curve (Memento Nora, #2)",True,[9370766],False,[]
12603698,"Dark Seeker (Seeker, #1)",True,"[8466360, 12374158]",True,"[27235785, 8872641, 13265450, 24690795, 28585057]"
12603783,"Amongst the Ruins (The Chronicles of 2020, #1)",False,[],False,[]
12606631,"Broken City (Broken City, #1)",False,[],False,[]
12607835,"Becoming a Butterfly (The Butterfly Chronicles, #1)",True,[10381803],True,"[11069761, 15713051, 17313481]"
12607983,"Gold, Babies and the Brothers Muldoon (Skulduggery Pleasant #2.5)",False,[],False,[]
12614410,"The Lost Prince (The Iron Fey: Call of the Forgotten, #1)",False,[],True,"[15811405, 18054085]"
12619367,Delicate,False,[],False,[]
12620719,"When Silver Moons Rise (Lost Immortals, #2)",False,[],False,[]
12620969,"The Loners (Quarantine, #1)",False,[],True,"[16280108, 18627443, 29058345]"
12628635,"Waking Storms (Lost Voices, #2)",True,[7656222],True,[12450811]
12630053,"Behind the Hood (Behind the Lives, #1)",False,[],False,[]
12631512,"The Essence (The Pledge, #2)",True,[10637748],True,[12631527]
12631527,"The Offering (The Pledge, #3)",True,"[10637748, 12631512]",False,[]
12637490,"Goddess Interrupted (Goddess Test, #2)",True,"[9681214, 12999306]",True,[13515095]
12641062,"Skid Out (Heavy Influence, #0.5)",False,[],True,[13537140]
12643556,The Demon Catchers of Milan,False,[],False,[]
12646013,"Inheritance (The Dark Gifts, #2)",True,[30258320],False,[]
12663646,"Hana (Delirium, #1.5)",True,[11614718],True,"[9593911, 16089223, 9593913]"
12665819,Another Little Piece,False,[],False,[]
12668517,Skeleton Lake (Hollows #1),True,[8951449],True,[10579347]
12676614,"Chameleon (Ripple, #2)",False,[],True,[13327018]
12677691,"Intangible (Intangible, #1)",True,[12971005],False,[]
12677913,"Tiger's Destiny (The Tiger Saga, #4)",True,"[7849341, 9284655, 9662386, 20932616]",True,[12474623]
12680203,"Earth Angel (Falling Angels Saga, #2)",False,[],True,"[16155061, 20822775]"
12680907,"Bitterblue (Graceling Realm, #3)",True,[3236307],False,[]
12680986,"Timepiece (Hourglass, #2)",True,[9182478],True,[14289306]
12680993,"Taken by Storm (Raised by Wolves, #3)",True,"[6905534, 9369687]",False,[]
12680998,"Kill Me Softly (Beau Rivage, #1)",False,[],True,"[16086828, 22318573]"
12681233,Revived,False,[],False,[]
12700337,"If I Should Die (Revenants, #3)",True,"[9462812, 12908877]",False,[]
12700353,Me and Earl and the Dying Girl,False,[],False,[]
12701339,Talisman of El (T.O.E. Trilogy #1),False,[],True,[13495579]
12707703,"Fairy Metal Thunder (Songs of Magic, #1)",False,[],True,"[13422630, 13549180]"
12707929,"The Industry (The Industry, #1)",False,[],False,[]
12708927,"Vampire Academy (Vampire Academy, #1-6)",False,[],False,[]
12710955,"Cold Blood (Dirty Blood, #2)",False,[],False,[]
12711662,"All That Glows (All That Glows, #1)",False,[],False,[]
12716010,"Rapture (Fallen, #4)",True,"[6487308, 7740152, 9369720, 12588363]",False,[]
12727768,"Open Minds (Mindjack Series, #1)",False,[],True,"[14897141, 12971486]"
12730051,Billy the Kid and the Vampyres of Vegas (The Secrets of the Immortal Nicholas Flamel #5.5),True,"[2402971, 4588949, 6693332, 8458018, 8882815, 17402605]",True,[8519822]
12732267,"Crossroads (Crossroads Academy, #1)",False,[],True,[15748960]
12741696,Gaia's Secret,False,[],False,[]
12743472,"Slated (Slated, #1)",False,[],True,"[13490543, 17901410]"
12751687,"Finale (Hush, Hush, #4)",True,"[6339664, 7791997, 10637766]",False,[]
12752963,"Falling in Between (Falling, #1)",False,[],True,"[17448960, 13419794]"
12753231,"Monument 14 (Monument 14, #1)",False,[],True,"[17933739, 16075615, 18215086]"
12754000,"The Clairvoyance Clock (Alex in Wunderstrande, Book One)",False,[],False,[]
12754271,"Circle of Silence (WiHi, #2)",True,[11593221],False,[]
12754689,"Rapture (Rapture Trilogy, #1)",False,[],True,"[17283696, 12992412]"
12762502,Death of a Black Rose (The Rose Trilogy #3),False,[],False,[]
12769525,"Devil's Wake (Devil's Wake, #1)",False,[],False,[]
12771076,"Revenge (Conspiracy 365, #13)",True,[7454142],True,[13647105]
12777016,"Song to Wake to (Levels, # 1)",False,[],False,[]
12780764,"Vengeance (Transcend Time, #1.5)",True,[12177772],True,[12933542]
12788061,"Dance of Shadows (Dance of Shadows, #1)",False,[],True,[24595372]
12792658,"UnSouled (Unwind, #3)",True,"[764347, 15734070]",True,[17950614]
12792988,"Chosen Ones (The Lost Souls, #1)",False,[],True,[15811135]
12798818,"Maybe With a Chance of Certainty (Tales from Foster High, #1)",False,[],True,"[13083650, 14225289, 16056005, 16145072, 25544331]"
12801856,"Bound (Arelia LaRue, #1)",False,[],True,[15740572]
12810834,172 Hours on the Moon,False,[],False,[]
12813630,The Coldest Girl in Coldtown,False,[],False,[]
12813860,A Midsummer's Nightmare,False,[],False,[]
12814519,"Belles (Belles, #1)",False,[],True,[23197837]
12814536,"Messy (Spoiled, #2)",True,[9415966],False,[]
12814540,"The Last Princess (Last Princess, #1)",False,[],True,[17899357]
12814556,"Back and Deader Than Ever (Monster High, #4)",True,"[9415962, 11256624]",False,[]
12814594,"The Drowned Cities (Ship Breaker, #2)",True,[7095831],True,[34212799]
12816988,"Haunted Destiny (Midnight Dragonfly, #1.5)",False,[],True,[12825990]
12818713,"Matt and Elena: Tenth Date On Wickery Pond (The Vampire Diaries: Extras, #0.2)",True,[11277448],True,[7431311]
12819342,What Happens Next,False,[],False,[]
12821542,"Unafraid (Archangel Academy, #3)",True,"[8686026, 9801002]",False,[]
12825990,"Broken Illusions (Midnight Dragonfly, #2)",True,[12816988],False,[]
12828201,"Winter's Awakening: The Metahumans Emerge (Winter's Saga, #1)",False,[],False,[]
12829446,"Fated (Soul Seekers, #1)",False,[],True,"[12439057, 12439061, 12439063]"
12830940,"The Burn (The Burn, #1)",False,[],True,"[16122329, 19116893]"
12834722,"Reaper's Novice (Soul Collector, #1)",False,[],False,[]
12837183,"The Blood (Morpheus Road, #3)",True,"[6503718, 8707554]",False,[]
12837682,"Sweetness (Bold As Love, #1)",False,[],True,[13263220]
12842134,"Just One Year (Just One Day, #2)",True,[17623975],True,[22021611]
12844575,"Gravity (The Taking, #1)",False,[],True,"[17838475, 16032322]"
12844897,"Touch (Denazen, #1)",False,[],True,"[13353503, 13097681]"
12846479,"Destined (Wings, #4)",True,"[5056084, 6801582, 6918909]",False,[]
12847364,"Fever (Parallon Trilogy, #1)",False,[],False,[]
12849226,"The Vindico (The Vindico, #1)",False,[],False,[]
12852064,"Timestorm (Tempest, #3)",True,"[9583227, 11455096, 12387628, 12872699, 13364300]",False,[]
12854661,"Break Away (Away, #1)",False,[],False,[]
12856838,"Fury's Fire (Siren's Storm, #2)",True,[9716929],False,[]
12862611,"As Dead As It Gets (Bad Girls Don't Die, #3)",True,[3678651],False,[]
12868718,Summer of the Wolves (Sisters in All Seasons #1),False,[],True,"[15784713, 16182696]"
12871657,"Body & Soul (The Ghost and the Goth, #3)",True,"[7008041, 9504214]",False,[]
12872294,"Here (On the Otherside, #1)",False,[],True,[13570258]
12872699,"Tomorrow is Today (Tempest, #0.5)",False,[],True,"[9583227, 11455096, 12387628, 13364300, 12852064]"
12873027,"Princess of the Silver Woods ( The Princesses of Westfalin Trilogy , #3)",True,[3697927],False,[]
12875329,"Origins of Dark Angel (Starfire Angels: Dark Angel Chronicles, #3.5)",True,[11694570],False,[]
12878132,"Thomas’s First Memory of the Flare (Maze Runner, #2.5)",True,"[6186357, 7631105, 13089710, 23267628]",True,[7864437]
12882328,"Spark (Sky Chasers, #2)",True,[10174795],False,[]
12882543,"Forgotten (Fade, #3)",False,[],True,[16049332]
12888207,The Rock Star's Daughter (Treadwell Academy #1),False,[],True,"[13550544, 15822035]"
12893536,"Burning Emerald (The Cambion Chronicles, #2)",True,[12363795],False,[]
12893742,"The Serpent's Shadow (Kane Chronicles, #3)",True,[7090447],False,[]
12894777,"Soulless: The Story of Shayan (Soul Quest, #0.5)",False,[],True,[10637174]
12895386,"The Gaia Wars (Gaia Wars, #1)",False,[],True,[13027495]
12895713,Wake,False,[],False,[]
12900174,"The Vincent Boys (The Vincent Boys, #1)",False,[],True,[13369678]
12901365,"The Deepest Cut (MacKinnon Curse, #1)",False,[],True,"[13026464, 13500402]"
12908877,"Until I Die (Revenants, #2)",True,[9462812],True,[12700337]
12912519,"Deep Betrayal (Lies Beneath, #2)",False,[],True,[17693477]
12914207,"Diamond in the Rough (Hidden Gem, #2)",False,[],True,"[13341379, 15747459, 16111888]"
12915697,"Abstrus (Planet Abstrus, #1)",False,[],False,[]
12917338,"Homeland (Little Brother, #2)",False,[],False,[]
12919804,"Suck It Up and Die (Suck It Up, #2)",False,[],False,[]
12923534,"Phantom Eyes (Witch Eyes, #3)",True,[6933135],False,[]
12924253,"Once (Eve, #2)",True,"[9297774, 19279000]",False,[]
12924275,"Masque of the Red Death (Masque of the Red Death, #1)",False,[],True,[13599291]
12924279,"Thumped (Bumped, #2)",True,[8517207],False,[]
12924307,"A Want So Wicked (A Need So Beautiful, #2)",True,[7656231],False,[]
12924333,"So Close to You (So Close to You, #1)",False,[],True,"[15810298, 17278933]"
12924379,Brothers to the Death,False,[],False,[]
12924419,"Destiny (Immortal, #4)",True,[6794855],False,[]
12925333,"Dark Water (Siren, #3)",True,"[6970490, 9536655, 20849558]",False,[]
12925928,Thicker Than Water (The Briar Creek Vampires #2),False,[],True,"[13436177, 13625926, 17189743]"
12926636,Crimson Rising (Skyship Academy #2),True,[7670714],True,[17261811]
12930909,"Between the Devil and the Deep Blue Sea (Between, #1)",False,[],False,[]
12931061,"Embrace (The Embrace Series, #1)",False,[],True,"[17668651, 11474158, 13354919]"
12933542,"Timeless (Transcend Time, #2)",True,"[12177772, 12780764]",False,[]
12937309,"One Black Rose (One Black Rose, #1)",False,[],True,"[13156364, 13504898]"
12937815,"Awakenings (Kiera's Quest, #1)",False,[],True,"[15796325, 21899019]"
12942010,"Feedback (Variant, #2)",True,"[10433900, 16152965]",True,[28881271]
12954620,"Falling Kingdoms (Falling Kingdoms, #1)",True,[31434056],True,"[16000044, 17342700, 23367261]"
12954632,Reign Fall (Demon Princess #3),True,"[6376772, 7041456]",False,[]
12954821,Mers,False,[],False,[]
12954989,"Unbound (The Guardian Legacies, #1)",False,[],True,[13572568]
12955662,"Ignite (Cryptid Chronicles, #0.5)",False,[],False,[]
12958620,"All's Fair in Vanity's War (Deadly Fairy Tales, #2)",False,[],False,[]
12959528,The Seeds of Wither (The Chemical Garden #1.5),False,[],True,"[11112619, 12383869]"
12959823,"Fire Stones (Fire Wars, #2)",True,[11736535],True,[15716670]
12962066,"The Breakaway (The Breakaway, #1)",False,[],True,[15783450]
12962345,"Earth Girl (Earth Girl, #1)",False,[],True,"[16069783, 16152916]"
12963277,"Falling to Ash (Moth, #1)",False,[],False,[]
12963406,Silver Dew (The Lost Magic #2),True,[9856144],True,[17285320]
12963563,"A Class Apart (Class Heroes, #1)",False,[],False,[]
12964268,"Masquerade (Heven and Hell, #1)",True,[12964286],True,[15845580]
12964286,"Before (Heven and Hell, #0.5)",False,[],True,"[12964268, 15845580]"
12964326,"Telesa: The Covenant Keeper (Telesa, #1)",False,[],False,[]
12971005,"Intuition (Intangible, #0.5)",False,[],True,[12677691]
12971486,"Free Souls (Mindjack Trilogy, #3)",True,"[12727768, 14897141]",False,[]
12971616,"The Rise of Nine (Lorien Legacies, #3)",True,"[7747374, 8659601]",True,"[15861491, 19346451, 27161189]"
12971630,"A Witch in Love (Winter Trilogy, #2)",True,"[10793020, 11761455, 18586953, 27803959]",True,"[35424749, 13224793]"
12971662,Monstrous Beauty,False,[],False,[]
12971664,"No Safety in Numbers (No Safety in Numbers, #1)",False,[],False,[]
12973051,"BeSwitched (BeSwitched, #1)",False,[],True,[13186385]
12974699,"Demon Evolution (The Evolution Trilogy, #2)",False,[],True,[12974708]
12974708,"Archangel Evolution (The Evolution Trilogy, #3)",True,[12974699],False,[]
12977172,"Spark (Elemental, #2)",True,"[10401084, 13418864, 13503581, 17332556]",True,"[15819003, 13494365, 17149088, 17149158]"
12980968,Jasmine Skies,False,[],False,[]
12981956,"Have a Nice Day (Anna Bloom, #2)",False,[],False,[]
12982393,Dare Me,False,[],False,[]
12985143,"Hemlock (Hemlock, #1)",False,[],True,"[13063813, 18297655]"
12986169,"Embers and Echoes (Wildefire, #2)",True,[9758765],True,[12080917]
12986492,Death and the Girl Next Door (Darklight #1),False,[],True,[13418955]
12987118,"Dark Days (The Childe, #2)",True,[10755377],False,[]
12987192,"The Forsaken (The Forsaken, #1)",False,[],True,"[19456618, 15784722, 17561818]"
12987553,Left to Love (Next Door Boys #2),False,[],False,[]
12987847,"Capital Girls (Capital Girls, #1)",False,[],False,[]
12988074,"The Unnaturalists (The Unnaturalists, #1)",False,[],True,[17900119]
12988089,"Rise of the Elgen (Michael Vey, #2)",False,[],True,"[16074409, 20759481, 27158739, 33921998]"
12989112,Such a Rush,False,[],False,[]
12992412,"Apocalypse (Rapture Trilogy, #3)",True,"[12754689, 17283696]",False,[]
12994082,"Finally and Forever (Katie Weldon, #4)",False,[],False,[]
12995284,"Dreamless (Starcrossed, #2)",True,"[9462795, 17611262]",True,[7849034]
12998722,"The Lost Letters of Brother Gabriel (The Dark Divine, #2.5)",True,"[6380822, 7831742]",True,[10345642]
12999306,"The Goddess Hunt (Goddess Test, #1.5)",True,[9681214],True,"[12637490, 13515095]"
13008385,Life After the Undead,False,[],False,[]
13010211,"Promised (Birthmarked, #3)",True,"[9424367, 13013051, 15817997]",False,[]
13011828,"Clockwise (Clockwise, #1)",False,[],True,"[13537571, 14062346, 25614040]"
13012607,"Fifteen Love (Pretty Tough, #6)",True,"[923856, 8608400, 9068793]",False,[]
13013051,"Tortured (Birthmarked, #1.5)",False,[],True,"[9424367, 15817997, 13010211]"
13014354,"The Dig (Zoe and Zeus Trilogy, #1)",False,[],False,[]
13018503,"The Rules for Disappearing (The Rules for Disappearing, #1)",False,[],True,[17375787]
13018514,"The Hallowed Ones (The Hallowed Ones, #1)",False,[],True,[16118166]
13021366,"The Lost Sun (The United States of Asgard, #1)",False,[],True,"[18301603, 24602702]"
13023389,"Channeler's Choice (Channeler, #2)",False,[],True,[13573767]
13024137,Ties to the Blood Moon,False,[],False,[]
13024589,"Darkness Falls (Darkness Falls, #1)",False,[],True,[13549677]
13026464,"The Haunted (MacKinnon Curse, #2)",True,[12901365],True,[13500402]
13027304,The Hunger Games Tribute Guide,False,[],False,[]
13027495,"Battle for Cascadia (Gaia Wars, #2)",True,[12895386],False,[]
13027627,"Afterlife (Fall of Angels, #3.5)",False,[],False,[]
13027757,"Choice (Reaper, #1.5)",True,[15988916],True,[23605226]
13030422,Colors Like Memories,False,[],False,[]
13031056,Treachery (Nightshade #2.5; Nightshade World #5.5),True,"[7263429, 7402393, 9537565]",True,[8130839]
13031257,"The Night Itself (The Name of the Blade, #1)",False,[],True,[15723550]
13031804,"Emma Hearts LA (Hearts Series, #2)",True,[10358724],False,[]
13032025,"Level Zero (The NextWorld, #1)",False,[],False,[]
13032249,"Earthfall (Earthfall, #1)",False,[],True,[17558138]
13034113,"Valkyrie Rising (Valkyrie, #1)",False,[],False,[]
13034211,"Cornerstone (Cornerstone, #1)",False,[],True,[17738413]
13038356,"Long Night Moon (Seasons of the Moon, #3)",False,[],False,[]
13042154,"Rebel Heart (Dust Lands, #2)",True,[9917938],True,[15835877]
13042766,"Queen of the Night (This is Shyness, #2)",True,[8061032],False,[]
13043180,"Asunder (Newsoul, #2)",True,"[8573642, 18129411]",True,[13085374]
13043239,"Close Encounters of the Girl Kind (Geekhood, #1)",False,[],True,[16174824]
13044990,"Blood Legacy (Pulse, #6)",True,"[8592303, 9509236, 14760527, 22403051]",True,"[13181735, 16076614]"
13046066,"Crush on the Coach (The Gymnasts, #9)",True,[3928726],True,"[3928725, 1772943, 1330552, 3928717, 3928727, 575272, 575273]"
13047090,"Onyx (Lux, #2)",True,"[12578077, 13183957, 25209521]",False,[]
13047567,Chaos Walking: A Trilogy,False,[],False,[]
13049981,"Boundless (Unearthly, #3)",True,"[7488244, 11563110, 15851966]",False,[]
13055677,"Inbetween (Kissed by Death, #1)",False,[],True,"[16129272, 18630504]"
13056511,"Heaven (Halo, #3)",True,"[7778981, 9666812]",False,[]
13056868,Vessel,False,[],False,[]
13057436,"Emily's House (Akasha Chronicles, #1)",False,[],False,[]
13059026,The Manual of Aeronautics: An Illustrated Guide to the Leviathan Series,False,[],False,[]
13059836,"Moon-Ache (The Lone March Series, #2)",False,[],True,"[14741130, 16135926, 17881314]"
13060099,"Darkride (Darkride Chronicles, #1)",False,[],True,[17311222]
13060190,"Surfacing (Swans Landing, #1)",False,[],True,[16058269]
13060608,"The Girl in the Clockwork Collar (Steampunk Chronicles, #2)",True,"[9166877, 11130686]",True,"[17787966, 15822336, 18074035, 18513756]"
13060609,"Dark Kiss (Nightwatchers, #1)",False,[],False,[]
13060819,"Colters' Promise (Colters' Legacy, #4)",True,"[7154141, 7789774, 8358316]",True,[18244846]
13061500,"Awaken (Abandon, #3)",True,"[9397967, 10799881]",False,[]
13062484,Acid,False,[],False,[]
13062488,The Lost Girl,False,[],False,[]
13063098,"Such Wicked Intent (The Apprenticeship of Victor Frankenstein, #2)",False,[],False,[]
13063813,"Thornhill (Hemlock, #2)",True,[12985143],True,[18297655]
13064277,"Moving Neutral (Moving Neutral, #1)",False,[],True,[17979274]
13065327,"Wild Cards (Wild Cards, #1)",False,[],False,[]
13069681,Speechless,False,[],False,[]
13069755,"Michael (The Airel Saga, #2)",False,[],True,"[15726670, 8177852]"
13069935,Ask the Passengers,False,[],False,[]
13070346,"Blood Rites (The Grey Wolves, #2)",False,[],False,[]
13070740,Graffiti Heaven,False,[],False,[]
13076222,"Darkest Powers Bonus Pack 1 (Darkest Powers Trilogy 0.5, 1.5, 2.5)",False,[],False,[]
13076388,"Lunatic Detective (Lunatic Life, #2)",False,[],True,[16091537]
13078582,"Immortal Devices (Steampunk Scarlett, #2)",False,[],False,[]
13081309,"Shadow Moon (Unbidden Magic, #4)",True,[7885914],False,[]
13081880,"Unnatural Law (Darwin's Children, #2)",True,[11691084],False,[]
13083650,"End of the Beginning (Tales from Foster High, #2)",True,[12798818],True,"[14225289, 16056005, 16145072, 25544331]"
13085374,"Infinite (Newsoul, #3)",True,"[8573642, 13043180, 18129411]",False,[]
13086226,"Untraceable (The Nature of Grace, #1)",False,[],True,"[15746031, 13181967, 16178275]"
13086546,"The Legacy of Kilkenny (Legacy of Kilkenny, #1)",False,[],True,"[13486788, 20618118]"
13087628,Valefar Vol. 1,False,[],False,[]
13088498,Nerve,False,[],False,[]
13089710,"The Kill Order (Maze Runner, #0.5)",False,[],True,"[23267628, 6186357, 7631105, 12878132, 7864437]"
13092528,The Savage Blue (The Vicious Deep #2),True,[12246929],True,[17933160]
13094453,"Progeny of Innocence (Paradox, #2)",False,[],False,[]
13097681,"Toxic (Denazen, #2)",True,"[12844897, 13353503]",False,[]
13099652,"My Boyfriend Merlin (My Merlin, #1)",False,[],True,"[13496831, 13641732]"
13104080,"Unravel Me (Shatter Me, #2)",True,"[10429045, 13623150]",True,"[17331518, 18481271, 13188676, 34992929]"
13111788,"Caszandra (Touchstone, #3)",True,[10837174],False,[]
13112869,"Not a Drop to Drink (Not a Drop to Drink, #1)",False,[],True,[20359647]
13115995,"Everbound (Everneath, #2)",True,"[9413044, 15726305]",True,[13626692]
13119263,"Vestige (Vestige, #1)",False,[],False,[]
13122965,"Callum & Harper (Sleepless, #1)",False,[],True,[13598244]
13125960,"Soul Kissed (Moonstone Saga, #1)",False,[],False,[]
13128011,"Sarah's Solace (Solace, #1)",False,[],False,[]
13130275,"Crimson Frost (Mythos Academy, #4)",True,"[9439989, 11022222, 11763146]",True,"[17987415, 15714133, 17448097]"
13130788,"The Red Queen (The Obernewtyn Chronicles, #7)",False,[],False,[]
13132661,"Also Known As (Also Known As, #1)",False,[],True,[17934520]
13132816,Emmy & Oliver,False,[],False,[]
13135293,"Rangers Apprentice Bundle Books 1-8 (Ranger's Apprentice, #1-8)",False,[],False,[]
13135441,Valefar Vol. 2,False,[],False,[]
13138635,"These Broken Stars (Starbound, #1)",False,[],True,"[22071887, 13138734]"
13138734,"This Shattered World (Starbound, #2)",True,"[13138635, 22071887]",False,[]
13139452,"The Star Child (The Star Child, #1)",False,[],True,"[17293205, 23565752]"
13141299,"Resist (Possession, #0.5)",False,[],True,"[8337087, 13573678, 11700071, 16074322]"
13141794,"Prison Nation (Prison Nation, #1)",False,[],False,[]
13142099,"Moa (Moa, #1)",False,[],False,[]
13145645,"The Time Hunters and the Box of Eternity (Time Hunters, #2)",False,[],True,[17373895]
13146214,"Because of Low (Sea Breeze, #2)",True,[11479285],False,[]
13146312,"Crash (Visions, #1)",False,[],True,"[17039870, 18621651]"
13146824,"Pretty Sly (Pretty Crooked, #2)",True,[11182074],False,[]
13147460,"Flesh & Bone (Rot & Ruin, #3)",True,"[7157310, 9917998, 13647095]",True,"[16145729, 13424356, 24885532]"
13149420,"Quicksilver (Ultraviolet, #2)",True,[8843789],False,[]
13156364,"August (One Black Rose, #2)",True,[12937309],True,[13504898]
13157446,Rift (Nightshade Prequel #1; Nightshade World #1),False,[],True,[13365532]
13163011,"Because It Is My Blood (Birthright, #2)",True,"[9858517, 15726997]",True,[17261147]
13170035,"Blood Moon (Drake Chronicles, #5)",True,"[6707693, 7234801, 7801124, 13517537, 13559525, 13604849]",True,[18873615]
13170596,"Fragments (Partials Sequence, #2)",True,"[12476820, 13645264]",True,[17607716]
13180484,"Life's a Witch (Life's a Witch, #2)",True,[13589580],True,[16136105]
13181735,"Blood Rights (Pulse, #7)",True,"[8592303, 9509236, 13044990, 14760527, 22403051]",True,[16076614]
13181967,"Uncontrollable (The Nature of Grace, #2)",True,"[13086226, 15746031]",True,[16178275]
13182274,"Promises (Syrenka, #1)",False,[],True,"[13495244, 14686464]"
13182638,"A Charmed Life (The Charmed Life, #1-3)",False,[],False,[]
13183957,"Shadows (Lux, #0.5)",False,[],True,"[12578077, 25209521, 13047090]"
13184820,"Endurance (Afterlife, #3)",True,[6927672],False,[]
13185168,"Rage Within (Dark Inside, #2)",True,[10841167],True,[29752764]
13186385,"BeSwitched Witch (BeSwitched, #2)",True,[12973051],False,[]
13188615,"Breaking Point (Article 5, #2)",True,[10677277],True,[17910064]
13188676,"Ignite Me (Shatter Me, #3)",True,"[10429045, 13104080, 13623150, 17331518, 18481271]",True,[34992929]
13196082,"How to Date an Alien (My Alien Romance, #1)",False,[],False,[]
13206760,"Scarlet (The Lunar Chronicles, #2)",True,"[11235712, 13254289, 16075962, 19208103]",True,"[13206828, 20813789, 22489107, 13206900, 25689074]"
13206828,"Cress (The Lunar Chronicles, #3)",True,"[11235712, 13206760, 13254289, 16075962, 19208103]",True,"[20813789, 22489107, 13206900, 25689074]"
13206900,"Winter (The Lunar Chronicles, #4)",True,"[11235712, 13206760, 13206828, 13254289, 16075962, 19208103, 20813789, 22489107]",True,[25689074]
13207224,"Hurt (Solitary Tales, #4)",False,[],False,[]
13209542,"Sonora and the Eye of the Titans (Sonora, #1)",False,[],False,[]
13223243,"Temptation (Temptation, #1)",False,[],True,"[15774969, 18168637, 25505556]"
13224793,"A Witch Alone (Winter Trilogy, #3)",True,"[10793020, 11761455, 12971630, 18586953, 27803959, 35424749]",False,[]
13228537,The End Games,False,[],False,[]
13231662,"Pantheons (Pantheons, #1)",False,[],False,[]
13233397,"The Telling (Disharmony, #1)",False,[],True,[18365924]
13233726,"Mortal Defiance (Dark Betrayal Trilogy, #2)",True,[12516692],False,[]
13241952,"11:15 The Making of a Halfling (Halflings, #0.5)",False,[],True,[15735085]
13244578,"Untouchable (Untouchable, #1)",False,[],False,[]
13246736,"Antigoddess (Goddess War, #1)",True,"[22892325, 26114677]",True,[17561810]
13248357,"Good For You (Between the Lines, #3)",True,"[11262424, 12067972, 12283261, 23278280]",True,[17158158]
13249204,"Tamlyn (Silvermay, #2)",True,[11328077],True,[13643128]
13249699,"Hope's Daughter (The Ambrosia Sequence, #1)",False,[],False,[]
13249960,"Beloved Purgatory (Fallen Angels, #2)",False,[],False,[]
13253842,Every Time I Think of You,False,[],False,[]
13254289,"Glitches (The Lunar Chronicles, #0.5)",False,[],True,"[19208103, 11235712, 16075962, 13206760, 13206828, 20813789, 22489107, 13206900, 25689074]"
13260515,"The Impossibility of Tomorrow (Incarnation, #2)",True,[11378402],False,[]
13260739,Scorpion Shards (Star Shards Chronicles #1),False,[],False,[]
13260751,"The Final Descent (The Monstrumologist, #4)",True,"[6457229, 7775755, 9955669]",False,[]
13261716,Raven in the Grave (Pretty in Black #3),True,[23580207],True,[13261720]
13261720,"Evermore (Pretty in Black, #4)",True,"[13261716, 23580207]",False,[]
13262783,"Every Day (Every Day, #1)",True,[16071620],True,[18459855]
13263220,"Whatever It Takes (Bold As Love, #3)",True,[12837682],False,[]
13265293,"Hidden (Avena, #1)",False,[],True,"[20810860, 23662029]"
13265450,"Dark Return (Seeker, #2)",True,"[8466360, 8872641, 12374158, 12603698, 27235785]",True,"[24690795, 28585057]"
13265927,"Escaped (Little Boy Lost, #5)",True,"[7765763, 11128881, 11796317]",False,[]
13268443,"Island of Doom (The Hunchback Assignments, #4)",True,[7456030],False,[]
13270871,"Spring Frost (Frost, #7)",True,"[8069816, 9639859, 11311068, 11489012, 13555538, 15700479, 17225892, 18040360, 18469570, 18748877]",True,[15801791]
13273146,"The Beautiful Code (The Start-Up, #3)",True,[17286911],False,[]
13279768,"Fall of Angels: The Complete Trilogy (Fall of Angels, #1-3)",False,[],False,[]
13284052,"Oppression (Children of the Gods, #1)",False,[],True,[15733144]
13294266,"Bot Wars (Bot Wars, #1)",False,[],False,[]
13304535,"Children of the Gods (Chosen, #1)",False,[],True,"[26722146, 22587685, 26824716]"
13316241,"Scorch (Croak, #2)",True,[11836538],True,[14290102]
13316292,Defriended,False,[],False,[]
13318633,"Rival Demons (Peachville High Demons, #5)",True,[10620752],True,[13576202]
13324841,"Son (The Giver, #4)",True,[12930],False,[]
13326831,"The Testing (The Testing, #1)",True,[17867096],True,"[17165932, 18222699]"
13327018,"Unfurl (Ripple, #3)",True,[12676614],False,[]
13327517,"Justice (Deck of Lies, #1)",False,[],True,"[13582428, 15730923, 16178099]"
13331838,In His Eyes Anthology,False,[],False,[]
13332000,"Griffin's Fire (Griffin, #2)",False,[],True,[16005152]
13334434,"Sleeping Handsome (Sleeping Handsome, #1)",False,[],True,[15736314]
13335037,"Divergent (Divergent, #1)",True,"[18080920, 18668485]",True,"[13615258, 11735983, 17860199, 18710190]"
13339339,Overshadow (The Shadow Imperium #2),True,[10159598],False,[]
13339436,Soul Awakened (Reincarnation #1),False,[],False,[]
13341379,"No Stone Unturned (Hidden Gem, #3)",True,[12914207],True,"[15747459, 16111888]"
13350871,"Traitor (Bridger, #2)",True,[11550178],False,[]
13351787,"Circus Summer (Circus of Curiosities, #1)",False,[],False,[]
13353503,"Untouched (Denazen, #1.5)",True,[12844897],True,[13097681]
13353954,"Wrecked (Wrecked, #1)",False,[],True,[16156275]
13354420,"The Paladin Prophecy (The Paladin Prophecy, #1)",False,[],True,"[18517794, 23770294]"
13354919,"Everlasting Embrace (Embrace, #4)",True,"[11474158, 12931061, 17668651]",False,[]
13355017,"Dearly, Beloved (Gone With the Respiration, #2)",True,[10048874],False,[]
13355781,"Roots of Insight (Dusk Gate Chronicles, #2)",False,[],True,"[13492559, 18141631, 21519129]"
13360957,Pointe,False,[],False,[]
13361780,"My Fairytale Life (Vampire Hunter Series, #1)",False,[],False,[]
13364300,"Vortex (Tempest, #2)",True,"[9583227, 11455096, 12387628, 12872699]",True,[12852064]
13365532,Rise (Nightshade Prequel #2; Nightshade World #2),True,[13157446],False,[]
13365830,"Aliens Are Real, Part 1 (Energy, #1)",False,[],True,"[25429929, 25147215, 24514006, 26894210]"
13366929,What I Didn't Say,False,[],False,[]
13368166,"The Annihilation of Foreverland (Foreverland, #1)",False,[],True,[18006247]
13369678,"The Vincent Brothers (The Vincent Boys, #2)",True,[12900174],False,[]
13372106,"A Spy Like Me (Circle of Spies, #1)",False,[],True,"[16158941, 18596588]"
13374661,"Marked (Marked Duology, #1)",False,[],True,[13569815]
13375237,"Pretty Amy (Pretty Amy, #1)",False,[],False,[]
13378019,"Alight: The Peril (Pyxis, #2)",True,[12475742],False,[]
13378361,"Alice Parker's Metamorphosis (Alice Parker, #1)",False,[],True,[13574139]
13378513,"Protecting Truth (The Seraphina Parrish Trilogy, #2)",True,[11250674],True,[13378519]
13378519,"Seeing Light (The Seraphina Parrish Trilogy, #3)",True,"[11250674, 13378513]",False,[]
13379936,"Eleven Minutes (Fracture, #0.5)",False,[],True,"[9548964, 17978132]"
13380138,"Going Under (Going Under, #1)",False,[],True,[15698746]
13380664,"Armageddon (Daniel X, #5)",True,"[5894600, 7125335]",False,[]
13380915,Zom-B,False,[],False,[]
13385431,"Caught in the Parallel (Parallelogram, #2)",True,[10401039],True,"[16117446, 18589903]"
13394049,"Poison (Keeper of Light, #1)",False,[],False,[]
13394182,Dreams,False,[],False,[]
13397997,"Zan (Spiritdell, #1)",False,[],True,[13518983]
13399726,"Sophie's Secret (Whispers, #1)",False,[],True,[15936637]
13400912,"Eden's Root (Eden's Root Trilogy, #1)",True,[15758989],True,"[14740738, 15827257]"
13401993,"Dualed (Dualed, #1)",False,[],True,[13649079]
13402447,"UnEnchanted (An Unfortunate Fairy Tale, #1)",False,[],True,"[20417847, 14745338, 18815422, 20561849]"
13405762,Garden of Eden,False,[],False,[]
13406425,"Burn for Burn (Burn for Burn, #1)",False,[],True,[10662420]
13407490,"Fate (Fate, #1)",False,[],True,[18158189]
13407712,"Through the Lens (Through the Lens, #1)",False,[],False,[]
13409499,"Unbroken (Ruined, #2)",True,"[6261081, 26074185]",True,[31371485]
13409664,"Nearly Gone (Nearly Gone, #1)",False,[],True,[22663515]
13410071,"Vulpi (Thyla, #2)",True,[10295809],False,[]
13410943,The Kissing Booth,False,[],False,[]
13411245,"Mystic City (Mystic City, #1)",False,[],True,[16085496]
13411546,"Prep School Confidential (Prep School Confidential, #1)",False,[],True,"[17905353, 18404162]"
13412372,"Portrait of a Starter: An Unhidden Story (Starters, #0.5)",False,[],True,"[11861062, 13412377]"
13412377,"Enders (Starters, #2)",True,"[11861062, 13412372]",False,[]
13412386,"Portrait of a Marshal: The 2nd Unhidden Story (Starters, #1.25)",False,[],False,[]
13412960,Dangerous Depths (The Sea Monster Memoirs #2),True,[12047201],False,[]
13413517,"xoxoxo (Stories About Melissa, #2)",True,[11968582],True,[14121047]
13414055,"Bitter Blood (The Morganville Vampires, #13)",True,"[261122, 544257, 2295829, 3558003, 5212771, 6289938, 7091713, 7600922, 9526658, 10549501, 11215073, 15712186]",True,"[15739817, 15746882]"
13414446,"Prodigy (Legend, #2)",True,[17235347],True,[14290364]
13414835,"Shadows (The Rephaim, #1)",False,[],True,"[15765699, 18211884]"
13414871,"Call the Shots (Swim the Fly, #3)",True,"[4609668, 7422105]",False,[]
13415148,"Dear Diary: Pride (Dear Diary, #2)",True,"[1007958, 1007960]",True,"[18584779, 11512707]"
13415554,"The Assassin and the Pirate Lord (Throne of Glass, #0.1)",False,[],True,"[18333581, 13419891, 13546173, 13565676, 7896527, 20613470, 18006496, 31450852, 33590260]"
13415915,Dead Letter Office,False,[],False,[]
13416086,"Perry's Killer Playlist (Perry & Gobi, #2)",True,[10051706],False,[]
13416236,"Whispers at Moonrise (Shadow Falls, #4)",False,[],True,[17310548]
13418864,"Elemental (Elemental, #0.5)",False,[],True,"[10401084, 17332556, 13503581, 12977172, 15819003, 13494365, 17149088, 17149158]"
13418955,"Death, and the Girl He Loves (Darklight, #3)",True,[12986492],False,[]
13419076,"Another Dumb Jock (Dumb Jock, #2)",False,[],True,"[15847736, 18337353]"
13419794,"Falling Away (Falling, #2)",True,"[12752963, 17448960]",False,[]
13419891,"The Assassin and the Desert (Throne of Glass, #0.3)",True,"[13415554, 18333581]",True,"[13546173, 13565676, 7896527, 20613470, 18006496, 31450852, 33590260]"
13420494,"Shift (Shift, #1)",True,[11077783],True,[20256238]
13422165,"Linked Through Time (Through Time, #1)",False,[],False,[]
13422630,"Fairy Blues (Songs of Magic, #2)",True,[12707703],True,[13549180]
13423229,"Stirring Up Trouble (Stirring Up Trouble, #1)",False,[],True,[16173327]
13423346,"Ink (Paper Gods, #1)",False,[],True,"[18134013, 25214707, 18134015]"
13424356,"Fire & Ash (Rot & Ruin, #4)",True,"[7157310, 9917998, 13147460, 13647095, 16145729]",True,[24885532]
13425122,"Blood Oath (Gabby Girls Adventure, #2)",True,[8972331],False,[]
13425130,"Conjure (The Hoodoo Apprentice, #1)",False,[],True,[26359062]
13425149,"Luminosity (The Raven Chronicles, #1)",False,[],True,[13604456]
13425784,"Loving Summer (Loving Summer, #1)",False,[],False,[]
13425786,"Saving You, Saving Me (You & Me Trilogy, #1)",False,[],False,[]
13425797,"Touch of Death (Touch of Death, #1)",False,[],True,"[15980368, 18135881]"
13425802,"PODs (PODs, #1)",False,[],False,[]
13432620,"The Mayfair Moon (The Darkwoods Trilogy, #1)",False,[],False,[]
13432653,"Want (Want, #1)",False,[],True,"[32333174, 35274032]"
13436177,Destined to Die (The Briar Creek Vampires #3),True,[12925928],True,"[13625926, 17189743]"
13436713,"The Mind Thieves (Mind Readers, #2)",True,[9858714],True,[19274338]
13436819,"Mimi Attacks (Masks, #5)",True,"[3707034, 6096818, 6442668, 8705946]",True,[15840970]
13438525,"Archon (Psi Chronicles, #2)",False,[],False,[]
13445306,"Let the Sky Fall (Sky Fall, #1)",False,[],True,"[13645358, 17893078]"
13446541,"Lucid (Brightest Kind of Darkness, #2)",True,[11948797],False,[]
13447149,"Resist (Breathe, #2)",True,[11544466],False,[]
13447180,"Queen of the Clueless (Interim Goddess of Love, #2)",True,[17905433],False,[]
13449631,"White Space (Dark Passages, #1)",False,[],True,[18135513]
13449858,"The Lives We Lost (Fallen World, #2)",True,[8573632],True,"[17373172, 23582485]"
13450088,"The Scourge (Brilliant Darkness, #1)",False,[],True,"[18132908, 23126188]"
13450130,"Datura (The Quest for Reason, #2)",True,[9226841],False,[]
13450339,"Poison Princess (The Arcana Chronicles, #1)",False,[],True,"[16175040, 18746546, 24419968, 25946891, 31453592]"
13450407,"Infinite Sky (Infinite Sky, #1)",False,[],False,[]
13450454,"The Mirrored Shard (Iron Codex, #3)",True,"[6234910, 11387447]",False,[]
13450594,Solo,False,[],False,[]
13451249,"Wrong Place, Wrong Time (The Morganville Vampires 10.1)",False,[],False,[]
13451410,"Scan (Scan, #1)",False,[],True,[18524302]
13453104,The Summer Prince,False,[],False,[]
13453196,The Phantom Pilot (Phantom #1),False,[],True,[18113064]
13453481,"Persuaded (The Jane Austen Diaries, #3)",True,"[7271563, 12092005]",True,"[16164977, 17405448]"
13453571,"Boy Who Dreams (Destiny Awoken, #1)",False,[],False,[]
13453604,"Farsighted (Farsighted, #1)",False,[],True,[13485266]
13453831,"Ruby Blue (Ruby Blue, #1)",False,[],True,[17301760]
13454149,"Barely Breathing (Breathing, #2)",True,[11561469],False,[]
13454639,"Death Inception (Death, #3)",True,"[15827230, 20890243]",False,[]
13454648,"False Sight (False Memory, #2)",True,[10194494],True,[18632859]
13454960,"Yelling Out Loud (The Sociopath Diaries, #2)",True,[12037109],False,[]
13455099,"Mechanica (Mechanica, #1)",False,[],False,[]
13455112,"Origin (Corpus, #1)",False,[],True,"[20646295, 17617762, 25431243]"
13455284,"The Emerald City (Osland Trilogy, #1)",False,[],False,[]
13455513,"Dark Star (Dark Star, #1)",False,[],True,[17280122]
13455542,"Don't Turn Around (PERSEF0NE, #1)",False,[],True,[17332508]
13455887,"Mark of the Wolf (Wolves of Black River, #1)",False,[],False,[]
13459147,"Wraith (Wraith, #1)",False,[],True,[16133804]
13459460,"Please Don't Tell (Please Don't Tell, #1)",False,[],True,[16079538]
13459645,Butterfly Porcupine (Aintree Tales #1),False,[],True,[15847822]
13466202,"Talented (Talented Saga, #1)",False,[],True,"[13624476, 16037000, 18196600, 22324971]"
13477676,"Forgive Me, Leonard Peacock",False,[],False,[]
13478558,"Chasing Nikki (Chasing Nikki, #1)",False,[],True,[17383612]
13479179,"A Touch Menacing (A Touch Trilogy, #3)",True,"[2820533, 6223474, 7735325, 8428050, 11514121]",True,"[8789318, 10345708]"
13479267,"Sweet Legacy (Medusa Girls, #3)",True,[10429067],False,[]
13479780,"Landry Park (Landry Park, #1)",False,[],True,[20753330]
13481858,"The Doorknob Society (The Doorknob Society, #1)",False,[],True,"[13626082, 16048365]"
13482662,This is Not a Test,False,[],False,[]
13482750,"Sanctum (Guards of the Shadowlands, #1)",False,[],True,"[17733363, 17667916, 22884154, 18518923]"
13483201,"Nocturnal (The Noctalis Chronicles, #1)",False,[],False,[]
13484803,"Netherworld (Soul Guardians, #4)",True,"[12464361, 19351259]",True,"[13505953, 19352028]"
13485064,"Uninvited (South Hills Sidekicks, #1)",False,[],True,"[13572383, 15708674]"
13485266,"Open Heart (Farsighted, #2)",True,[13453604],False,[]
13485427,"Protected (Watched, # 2)",False,[],False,[]
13485625,"White Witch (Coven, #1)",False,[],True,[14743698]
13485642,"Fall For You (The Jane Austen Academy Series, #1)",False,[],True,"[15705217, 18719570, 16039713, 16039714]"
13486348,"Prophet (Struck, #0.5)",False,[],True,"[12432229, 17522283, 22483750, 27254713]"
13486371,"Cuttlefish (Cuttlefish, #1)",False,[],True,[15847905]
13486788,"Malevolence (Legacy of Kilkenny, #2)",True,[13086546],True,[20618118]
13486992,"Finn Finnegan (The Adventures of Finn MacCullen, #1)",False,[],False,[]
13487029,"Foretold (The Demon Trappers, #4)",True,"[8534899, 9872927, 10308452, 17185716]",False,[]
13487061,An Iron Fey Valentine (The Iron Fey #4.4),True,"[7747064, 8070049, 8685612, 9659607, 13544184]",True,[15724014]
13488742,"Midnight Child (Midnight Guardian, #3)",True,[12419427],False,[]
13490543,"Fractured (Slated, #2)",True,[12743472],True,[17901410]
13490777,"Redemption (Hearts of Stone, #1)",False,[],False,[]
13490791,"The City's Son (The Skyscraper Throne, #1)",False,[],False,[]
13490849,"Preordained (Preordained, #1)",False,[],True,[13529970]
13492019,"Pendomus (Pendomus Chronicles, #1)",False,[],False,[]
13492559,"Thorns of Decision (Dusk Gate Chronicles, #3)",True,[13355781],True,"[18141631, 21519129]"
13492914,"The Life Beyond (The Other Life, #2)",True,[9554790],False,[]
13493304,The Dead Girls Detective Agency (The Dead Girls Detective Agency #1),False,[],False,[]
13493448,"The Edge of Nowhere (Saratoga Woods, #1)",False,[],True,"[18012679, 21878049]"
13494086,"Entangled (Spellbound, #1)",True,"[10118172, 12129021]",False,[]
13494365,"Spirit (Elemental, #3)",True,"[10401084, 12977172, 13418864, 13503581, 15819003, 17332556]",True,"[17149088, 17149158]"
13494718,"Midnight City (Conquered Earth, #1)",True,[17204516],True,[17286745]
13495006,"Whispering Hills (Whispering Hills, #1)",False,[],False,[]
13495219,"ReVamped (Angel Creek, #1)",False,[],False,[]
13495244,"Betrayal (Syrenka, #2)",True,[13182274],True,[14686464]
13495579,Blackout (T.O.E. Trilogy #2),True,[12701339],False,[]
13495811,Neophyte,False,[],False,[]
13495947,"Conjured (New England Witch Chronicles, #2)",True,[12030849],True,[17851860]
13496084,"Point of Retreat (Slammed, #2)",False,[],True,[15784909]
13496452,"Witch Born (Witch Song, #2)",True,[10400575],False,[]
13496831,"My Merlin Awakening (My Merlin, #2)",True,[13099652],True,[13641732]
13497677,"Assassin: Fall of the Golden Valefar (Demon Kissed, #6)",True,[9238506],False,[]
13498421,"Aerenden: The Child Returns (Ærenden, #1)",False,[],True,[17232236]
13498996,"Atlantean (Eternal Trilogy, #1)",False,[],False,[]
13500217,A Healing Heart (Riverview Series #1),False,[],False,[]
13500402,"The Departed (MacKinnon Curse, #3)",True,"[12901365, 13026464]",False,[]
13501083,Tomorrow Land,False,[],False,[]
13501974,"Exceptional (Exceptional, #1)",False,[],True,"[13514559, 13514563]"
13503087,"Riven (Illumine, #3)",False,[],True,"[17184240, 16110793]"
13503090,"Passenger (The Marbury Lens, #2)",True,[16006284],False,[]
13503112,"Phantom File (Dark Eden, #1.5)",True,[10459250],False,[]
13503247,Flawed,False,[],False,[]
13503581,"Fearless (Elemental, #1.5)",True,"[10401084, 13418864, 17332556]",True,"[12977172, 15819003, 13494365, 17149088, 17149158]"
13504524,"Reflection (Reflection, #1)",False,[],True,[16075522]
13504898,"Autumn (One Black Rose, #3)",True,"[12937309, 13156364]",False,[]
13505141,"Grasping at Eternity (The Kindrily, #1)",False,[],True,"[14062069, 17932303]"
13505621,The White Oak,False,[],False,[]
13505953,"Seirs (Soul Guardians, #5)",True,"[12464361, 13484803, 19351259]",True,[19352028]
13506510,"A Strange Fire (Florence Vaine, #1)",False,[],True,[15986727]
13507070,"The Complex (Linx, # 1)",False,[],False,[]
13507921,"Fragile Spirits (Souls, #2)",True,[9366996],False,[]
13508069,"With All My Soul (Soul Screamers, #7)",True,"[6315602, 6583427, 6763961, 7476122, 8487363, 8803932, 11418574, 15729751]",False,[]
13508415,"Mortal Danger (Immortal Game, #1)",True,[22913616],True,"[13508421, 25688995]"
13508421,"Public Enemies (Immortal Game, #2)",True,"[13508415, 22913616]",True,[25688995]
13509478,"Callum (Noughts & Crosses, #1.6)",True,[714902],True,[4002159]
13511275,Splintered (Reflections #3),False,[],True,"[17333916, 17232241, 22370534, 23596037]"
13513071,"The Innocents (The Innocents, #1)",False,[],False,[]
13513299,"The Ring of Sky (Young Samurai, #8)",False,[],False,[]
13514559,"Rogue (Exceptional, #2)",True,[13501974],True,[13514563]
13514563,"Ordinary (Exceptional, #3)",True,"[13501974, 13514559]",False,[]
13514612,All Our Yesterdays,False,[],False,[]
13515025,"Confessions of an Angry Girl (Confessions, #1)",False,[],True,"[13521399, 15742858, 17333276, 18719296]"
13515095,"The Goddess Legacy (Goddess Test, #2.5)",True,"[9681214, 12637490, 12999306]",False,[]
13515176,"Flicker (Flicker, #1)",False,[],True,[18302490]
13515320,"The Living (The Living, #1)",False,[],True,[21529626]
13516565,"Provex City (The Lorne Family Vault, #1)",False,[],False,[]
13517255,"Dragon Aster Trilogy (Dragon Aster Trilogy, #1-3)",False,[],False,[]
13517444,"Stung (Stung, #1)",False,[],True,[17874904]
13517455,"Reboot (Reboot, #1)",False,[],True,[15769788]
13517537,"Corsets and Crossbows (Drake Chronicles, #0.1)",False,[],True,"[13559525, 6707693, 7234801, 7801124, 13604849, 13170035, 18873615]"
13517617,"Inhuman (Fetch, #1)",False,[],True,[18935998]
13517978,The Unofficial Zack Warren Fan Club (Unofficial #1),False,[],False,[]
13518112,"Cinders & Sapphires (At Somerton, #1)",False,[],False,[]
13518644,The Visitors: SEASON ONE (Episodes 1-5) (The shocking YA dystopian serial),False,[],False,[]
13518653,"Entice (Prowl Trilogy, #2)",False,[],False,[]
13518760,T,False,[],False,[]
13518983,"Swarm (Spiritdell, #2)",True,[13397997],False,[]
13519023,"Trying War (Hero Trilogy, #2)",False,[],False,[]
13519484,"Wolf Pact, Part I (Wolf Pact, #1)",False,[],True,"[16106519, 16147798]"
13521399,"Confessions of a Murder Suspect (Confessions, #1)",True,[13515025],True,"[15742858, 17333276, 18719296]"
13522285,The Beginning of Everything,False,[],False,[]
13529970,"Predestined (Preordained, #2)",True,[13490849],False,[]
13533670,"Katya's World (Russalka Chronicles, #1)",False,[],True,[17203275]
13533758,Foretold: 14 Tales of Prophecy and Prediction,False,[],False,[]
13537140,"First Kiss (Heavy Influence, #1)",True,[12641062],False,[]
13537213,Not Your Average Fairy Tale,False,[],False,[]
13537571,"Clockwiser (Clockwise, #2)",True,[13011828],True,"[14062346, 25614040]"
13538853,"Beneath the Glitter (Sophie and Ava London, #1)",False,[],True,[16045028]
13540881,"Infatuate (Gilded Wings, #2)",False,[],False,[]
13541056,"The Queen of Air and Darkness (The Dark Artifices, #3)",False,[],False,[]
13541721,Any Love But Mine,False,[],False,[]
13541871,"Perfection (Perfection, #1)",False,[],True,[20823207]
13541909,"Nameless (Tales of Beauty & Madness, #1)",False,[],True,[18079680]
13541987,"Winging It! (Confessions of an Angel-In-Training, #1)",False,[],False,[]
13544083,"Whisper of Memory (Whispering Woods, #2)",False,[],True,[19547058]
13544114,Muse,False,[],False,[]
13544184,"Ash's Letter to Meghan (The Iron Fey, #3.6)",True,"[7747064, 8070049, 8685612]",True,"[9659607, 13487061, 15724014]"
13544534,"Mistle Child (The Undertaken, #2)",True,[10637834],False,[]
13545549,The Mistress / Wanted: Mistress and Mother,False,[],False,[]
13546173,"The Assassin and the Underworld (Throne of Glass, #0.4)",True,"[13415554, 13419891, 18333581]",True,"[13565676, 7896527, 20613470, 18006496, 31450852, 33590260]"
13547454,Witch World,False,[],False,[]
13547956,"The Iron Legends (The Iron Fey, #1.5, 3.5, 4.5)",False,[],False,[]
13548152,"Covet (The Clann, #2)",True,[11164626],False,[]
13549180,"Fairystruck (Songs of Magic, #3)",True,"[12707703, 13422630]",False,[]
13549677,"Darkness Breaks (Darkness Falls, #2)",True,[13024589],False,[]
13550544,"The Believer's Daughter (Treadwell Academy, #2)",True,[12888207],True,[15822035]
13551358,"Trail of Shadows and Blood (A Tale So Dark & Grimm, #1)",False,[],False,[]
13552764,The Interrogation of Ashala Wolf (The Tribe #1),False,[],True,"[18459857, 18872201]"
13552772,Hidden Among Us (Hidden Among Us #1),False,[],True,[20890931]
13553276,"Scandal (The Ivy, #4)",True,"[8708189, 11725043]",False,[]
13554436,"Dancing with Death (Dancing, #1)",True,[17447240],False,[]
13554846,"Starstruck (Fame Game, #2)",False,[],True,[14812133]
13555538,"Frost (The Frost Chronicles, #1)",True,[8069816],True,"[15700479, 18040360, 9639859, 17225892, 11489012, 18748877, 18469570, 11311068, 13270871, 15801791]"
13556068,Journey to the Fringe (Stone Mage Wars #1),False,[],False,[]
13556426,"Witch Hunt (The Witch-Game, #2)",True,[24687626],False,[]
13557105,"Phoebe’s Fair Valentine (Oh. My. Gods., #1.2)",True,[6453405],True,[18012218]
13557124,"Stalk Me (The Keatyn Chronicles, #1)",False,[],True,"[16073993, 16173484, 16401102, 16401232, 22057437]"
13557166,"Snow White Sorrow (The Grimm Diaries, #1)",False,[],True,"[13611136, 13611117]"
13557662,"Insanity (Asylum, #1)",False,[],True,"[13597728, 18812716, 23429364, 23429355]"
13557959,Christmas at Gunpoint,False,[],False,[]
13559525,"Lost Girls (Drake Chronicles, #0.5)",True,[13517537],True,"[6707693, 7234801, 7801124, 13604849, 13170035, 18873615]"
13561164,"Dare You To (Pushing the Limits, #2)",True,"[10194514, 16069024, 21859363]",True,"[17233800, 18808865, 18333898, 25263399]"
13561963,"What a Boy Wants (What a Boy Wants, #1)",False,[],True,[13636617]
13562180,"Outsider (Outsider, #1)",False,[],True,[13628855]
13562232,"The Boys of Summer (Summer, #1)",True,"[5821978, 7187640]",True,"[6584188, 8680278]"
13563088,Tiger Born,False,[],False,[]
13563138,"Second Chance (The Slayer Chronicles, #2)",True,"[10637510, 34723130]",True,[17987499]
13563221,"Barely Alive (Barely Alive, #1)",False,[],True,"[16004828, 16053402]"
13564744,"The One (The Portal Trilogy, #1)",True,[7794569],True,"[8614631, 8586874, 9528679, 17311710]"
13565676,"The Assassin and the Empire (Throne of Glass, #0.5)",True,"[13415554, 13419891, 13546173, 18333581]",True,"[7896527, 20613470, 18006496, 31450852, 33590260]"
13568345,"Thirteen (The Last Thirteen, #1)",False,[],True,"[18498291, 20721529]"
13568569,"Cursed (The Guardians, #2)",True,[19877735],True,[34405595]
13568619,The Shadowhunter's Codex,False,[],False,[]
13569308,"Phantom (Dark Musicals, #1)",False,[],False,[]
13569415,Why I Must Lie (To Guard and To Guide #1),False,[],False,[]
13569815,"Changed (Marked Duology, #2)",True,[13374661],False,[]
13570258,"There (On the Otherside, #2)",True,[12872294],False,[]
13570670,"The Invitation (Darkness Rising, #1.6)",True,[7896345],True,"[11765920, 11864728]"
13570856,"Kissing in Italian (Flirting in Italian, #2)",False,[],False,[]
13571953,"Rush (The Game, #1)",False,[],True,"[17667947, 17667952]"
13571998,Blood Moon (Howl #2),False,[],True,[16028038]
13572037,"Almost Dead (Dead, #1)",False,[],False,[]
13572197,"A Shimmer of Angels (Angel Sight, #1)",False,[],True,"[15774298, 15774299]"
13572358,Failstate,False,[],False,[]
13572383,"Confiscated (South Hills Sidekicks, #2)",True,[13485064],True,[15708674]
13572568,"Reaper (The Guardian Legacies, #2)",True,[12954989],False,[]
13573658,Tales of the Rot & Ruin; Rot & Ruin; Dust & Decay; Dead & Gone; Flesh & Bone,False,[],False,[]
13573678,"Regret (Possession, #1.5)",True,"[8337087, 13141299]",True,"[11700071, 16074322]"
13573767,"Rise of a Rector (Channeler, #3)",True,[13023389],False,[]
13574139,"Alice Parker and the Mind Magician (Alice Parker, #2)",True,[13378361],False,[]
13574417,"Alienated (Alienated, #1)",False,[],True,"[22614886, 17316770, 26180279]"
13574710,"The Curiosities: A Collection of Stories (The Curiosities, #1)",False,[],True,[25016375]
13574751,"Legacy Lost (The Syrena Legacy, #0.5)",True,[17791629],True,"[12425532, 15513156, 21408380, 18525702]"
13575066,"Hold on Tight (Hold on Tight, #1)",False,[],True,[13581486]
13576132,"The Murder Complex (The Murder Complex, #1)",False,[],True,[22836576]
13576202,"Demons Forever (Peachville High Demons, #6)",True,"[10620752, 13318633]",False,[]
13576489,Gone at Zero Hundred 00:00 (McSwain & Beck #1),False,[],False,[]
13579263,"Single-Handed (Single Girls, #1)",False,[],True,"[13581992, 13581997]"
13579352,"The Holders (Holders, #1)",False,[],True,"[20566339, 17457717]"
13580846,My Life with the Walter Boys (My Life with the Walter Boys #1),False,[],False,[]
13580951,"United We Spy (Gallagher Girls, #6)",True,"[568645, 852470, 5267365, 6950688, 10560331, 16301336]",True,[18759207]
13581370,"Soul Screamers Volume Two (Soul Screamers #3, 3.5, 4)",False,[],False,[]
13581423,Eternal Spring,False,[],False,[]
13581486,"Letting Go (Hold on Tight, #2)",True,[13575066],False,[]
13581496,The Day Zombies Ruined My Perfectly Boring Life,False,[],False,[]
13581569,"My Heart for Yours (Crawford, #1)",False,[],False,[]
13581941,Spell Check (Teen Wytche Saga #1),False,[],False,[]
13581992,"Singled Out (Single Girls, #2)",True,[13579263],True,[13581997]
13581997,"Single-Minded  (Single Girls, #3)",True,"[13579263, 13581992]",False,[]
13582428,"The Tower (Deck of Lies, #2)",True,[13327517],True,"[15730923, 16178099]"
13583324,"Gold (Bandia, #2)",False,[],False,[]
13583463,"The Legacies (Lorien Legacies: The Lost Files, #1-3)",False,[],False,[]
13583766,Shadowhunters and Downworlders: A Mortal Instruments Reader,False,[],False,[]
13583880,Silent Song,False,[],False,[]
13586321,"My Super Sweet Sixteenth Century (My Super Sweet Sixteenth Century, #1)",False,[],True,[15714722]
13586655,Samurai Awakening (Samurai Awakening #1),False,[],True,[17383120]
13587109,Freshman Year,False,[],False,[]
13589152,"The Hunters (Brotherband Chronicles, #3)",False,[],True,[21456821]
13589580,"What the Spell? (Life's a Witch, #1)",False,[],True,"[13180484, 16136105]"
13589611,"Turn the Page (My Once and Future Love, #2.5)",True,[16108463],False,[]
13590977,"The White Bicycle (Wild Orchard, #3)",True,[1817021],False,[]
13591666,"The Bar Code Prophecy (Bar Code, #3)",True,[704609],False,[]
13591672,"Rootless (Rootless, #1)",False,[],True,[21881461]
13591678,Endangered (Ape Quartet #1),False,[],True,"[18222541, 26800383]"
13593563,"Seconds Away (Mickey Bolitar, #2)",True,[9838800],True,[22040226]
13595639,"The Name of the Star (Shades of London, #1)",True,[18811623],True,"[15721638, 17412895]"
13597696,"Nantucket Blue (Nantucket, #1)",False,[],True,[18453185]
13597723,"The Naturals (The Naturals, #1)",False,[],True,"[20409231, 24849026]"
13597728,"Asylum (Asylum, #1)",True,[13557662],True,"[18812716, 23429364, 23429355]"
13597733,"My Sister's Reaper (Reaper's Rite, #1)",False,[],False,[]
13597740,"Rise of the Arcane Fire (The Secret Order, #2)",True,[13629923],True,[21469933]
13597755,"Hexed (The Witch Hunter, #1)",True,[25737209],True,[24886378]
13597760,Breaking Glass,False,[],False,[]
13598104,"Prophecy of the Most Beautiful (Oracle of Delphi, #1)",False,[],True,[16181270]
13598244,"Thomas & January (Sleepless, #2)",True,[13122965],False,[]
13599291,"Dance of the Red Death (Masque of the Red Death, #2)",True,[12924275],False,[]
13600140,"Death of a Saint (Mall Rats, #2)",False,[],True,"[18585216, 10652356]"
13601203,Where Shadows Dance (Ghosts & Shadows #2),True,[11004020],False,[]
13601681,"After the End (After the End, #1)",False,[],True,[22445886]
13602913,"Chasing McCree (Chasing McCree, #1)",False,[],True,[17260471]
13602969,"Fox Forever (Jenna Fox Chronicles, #3)",True,[1902241],False,[]
13603989,Deadgirl,False,[],False,[]
13604342,"The Flight of the Griffin (The Flight of the Griffin, #1)",False,[],False,[]
13604456,"Lucidity (The Raven Chronicles, #2)",True,[13425149],False,[]
13604480,"Fallenmore (Feathermore, #2)",False,[],False,[]
13604849,"A Field Guide to Vampires: Annotated by Lucy Hamilton (Drake Chronicles, #4.5)",True,"[6707693, 7234801, 7801124, 13517537, 13559525]",True,"[13170035, 18873615]"
13608072,"Banned From the Tomb (Secret Society Girl, #2.1)",True,[1145133],True,"[13608082, 6005277]"
13608082,"Powerless (Secret Society Girl, #3.2)",True,"[1145133, 13608072]",True,[6005277]
13610402,"Triangles (Bermuda Triangle, #1)",False,[],False,[]
13610675,"The Island (The Line, #3)",True,[7732360],False,[]
13610688,"The Devil's Triangle (The Devil's Triangle, #1)",False,[],True,[20581502]
13610805,Prince Charming Must Die (The Grimm Chronicles #1),False,[],True,"[16094854, 16985069, 17367123]"
13611117,"Blood, Milk, and Chocolate - Part One (The Grimm Diaries, #3)",True,"[13557166, 13611136]",False,[]
13611123,"Doomsday (The Phoenix files, #6)",True,"[6559815, 7622434, 9244992, 11483315, 11559968]",False,[]
13611136,"Cinderella Dressed in Ashes (The Grimm Diaries, #2)",True,[13557166],True,[13611117]
13614864,Know Not Why,False,[],False,[]
13614942,Land (Stranded #1),False,[],True,"[16124077, 17928881]"
13615258,"Free Four: Tobias Tells the Divergent Knife-Throwing Scene (Divergent, #1.5)",True,"[13335037, 18080920, 18668485]",True,"[11735983, 17860199, 18710190]"
13618440,"Dreams of Gods & Monsters (Daughter of Smoke & Bone, #3)",True,"[8490112, 18360128]",False,[]
13618467,"Charity Moon (Charity, #1)",False,[],True,[17670619]
13618622,"Beautiful Beast (Enchanted Fairytales, #1)",False,[],True,[15816028]
13618700,"Pretenders (Pretenders, #1)",False,[],True,[18634733]
13622863,"The Fallen Legacies (Lorien Legacies: The Lost Files, #3)",True,[11237412],True,"[15752308, 15762770, 16065602, 18053086, 18053087, 18738863, 22500624, 25742694, 26242358]"
13623150,"Destroy Me (Shatter Me, #1.5)",True,[10429045],True,"[13104080, 17331518, 18481271, 13188676, 34992929]"
13623855,"Mountain of Bones (Gravediggers, #1)",False,[],True,"[17383924, 20262398]"
13624316,"Arcade Catastrophe (The Candy Shop War, #2)",False,[],False,[]
13624476,"Caged (Talented Saga, #2)",True,[13466202],True,"[16037000, 18196600, 22324971]"
13625388,"Ever (Ever, #1)",False,[],True,[17227470]
13625926,Change of Fate (The Briar Creek Vampires #4),True,"[12925928, 13436177]",True,[17189743]
13626082,"The Impossible Engineers (The Doorknob Society, #2)",True,[13481858],True,[16048365]
13626692,"Evertrue (Everneath, #3)",True,"[9413044, 13115995, 15726305]",False,[]
13628178,The Tragedy Paper,False,[],False,[]
13628184,"Anatomy of a Single Girl (Anatomy, #2)",True,[37780],False,[]
13628605,Audacious (Ella #1),False,[],False,[]
13628670,"Dark Seraphine (Seraphine Trilogy, #1)",False,[],False,[]
13628855,"Insider (Outsider, #2)",True,[13562180],False,[]
13629923,"Legacy of the Clockwork Key (The Secret Order, #1)",False,[],True,"[13597740, 21469933]"
13629984,Qeya (Heaven's Edge #1),False,[],True,[17620539]
13630071,"Sprite (Annabelle's Story, #1)",False,[],False,[]
13631837,"Whispers in Autumn (The Last Year, #1)",False,[],True,"[15781952, 16094613, 17249478]"
13631848,"Pure Blood (Time Spirit Trilogy, #3)",False,[],False,[]
13632601,"Double Time (Double Threat, #3)",True,[20694229],True,[15766817]
13633301,"Full Moon Kisses (Full Moon, #3)",True,"[8428056, 10551290]",False,[]
13633699,"Senshi (Katana, #2)",True,[11788440],False,[]
13636317,"Desert Rice (Desert, #1)",False,[],True,[16088656]
13636617,"What a Boy Needs (What a Boy Wants, #2)",True,[13561963],False,[]
13636646,"My Soul to Keep (Rise of the Fallen, #1)",False,[],False,[]
13638131,"The Unbound (The Archived, #2)",True,[10929432],True,"[23475666, 20799109]"
13639182,"Beware the Wild (Beware the Wild, #1)",False,[],True,[25742635]
13641732,"Ever My Merlin (My Merlin, #3)",True,"[13099652, 13496831]",False,[]
13642246,"BZRK (BZRK, #1)",True,[18460649],True,[18710282]
13642647,"Promises to Keep (Den of Shadows, #9)",True,"[30331, 30335]",False,[]
13642750,"What We Saw at Night (What We Saw at Night, #1)",False,[],True,[17672006]
13643064,"The Oathbreaker's Shadow (The Knots Sequence, #1)",False,[],False,[]
13643128,"Lucien (Silvermay, #3)",True,"[11328077, 13249204]",False,[]
13643163,"The Witch of Duva (The Grisha, #0.5)",True,[24641800],True,"[10194157, 17997353, 14061955, 17790188, 20818790, 14061957]"
13643567,"The Evolution of Mara Dyer (Mara Dyer, #2)",True,[11408650],True,[15768409]
13643876,"The Ash-Born Boy (The Near Witch, #0.5)",False,[],True,[6931344]
13644217,"Buried Alive (No Shelter, #3)",True,"[15707278, 15707284]",False,[]
13645069,"Find Me (Find Me, #1)",False,[],False,[]
13645264,"Isolation (Partials Sequence, #0.5)",False,[],True,"[12476820, 13170596, 17607716]"
13645358,"Let the Storm Break (Sky Fall, #2)",True,[13445306],True,[17893078]
13645483,"I'm With Stupid (Stupid Fast, #3)",False,[],False,[]
13645645,"Uninvited (Uninvited, #1)",False,[],True,[19445725]
13646855,"The Kiss Off (The Kiss Off, #1)",False,[],True,[15736197]
13647095,Dead & Gone (Rot & Ruin #2.5),True,"[7157310, 9917998]",True,"[13147460, 16145729, 13424356, 24885532]"
13647105,"Malice (Conspiracy 365, #14)",True,"[7454142, 12771076]",False,[]
13647847,"Weighted (The Neumarian Chronicles, #0.5)",False,[],True,[20829530]
13648347,"Suffocate (The Breathless, #1)",False,[],True,[15750384]
13648461,First Light (Project Five Fifteen #1),False,[],True,[16128624]
13649079,"Divided (Dualed, #2)",True,[13401993],False,[]
13650355,"Sneak (Swipe, #2)",True,[12505535],False,[]
13667361,"Revolution 19 (Revolution 19, #1)",False,[],True,[21936807]
13695982,"Demons (Seers, #2)",False,[],False,[]
13699834,"The Fallen Series Boxed Set (Fallen, #1-4)",False,[],False,[]
13801447,"Heart Waves (Heart Waves, #1)",False,[],True,[16300981]
13931214,"The Moon Dwellers (The Dwellers, #1)",True,[15763668],True,[15747708]
14058781,"I Am Alive (I Am Alive, #1)",False,[],False,[]
14059265,"Project ELE (ELE, #1)",False,[],True,"[16070429, 16231403, 17342303, 18489227]"
14059271,"Owlet (Society of Feathers, #1)",False,[],False,[]
14059393,Mind Games (Mindjack Origins #1),False,[],True,"[15928642, 20646454]"
14060614,"The Shadows (Shadows, #1)",True,[787663],True,"[15837396, 787664]"
14061320,"Scorched Earth (Henderson's Boys, #7)",True,"[4223020, 6775500, 11598566]",False,[]
14061955,"Siege and Storm (The Grisha, #2)",True,"[10194157, 13643163, 17997353, 24641800]",True,"[17790188, 20818790, 14061957]"
14061957,"Ruin and Rising (The Grisha, #3)",True,"[10194157, 13643163, 14061955, 17790188, 17997353, 20818790, 24641800]",False,[]
14062069,"Taking Back Forever (The Kindrily, #2)",True,[13505141],True,[17932303]
14062346,"Clocked (Clockwise, #4)",True,"[13011828, 13537571]",True,[25614040]
14112002,"Thrall (Daughters of Lilith, #1)",False,[],True,"[15993686, 20438715]"
14121047,"Ciao (Stories About Melissa, #3)",True,"[11968582, 13413517]",False,[]
14225289,"Raise Your Glass (Tales from Foster High, #3)",True,"[12798818, 13083650]",True,"[16056005, 16145072, 25544331]"
14287205,Chocolate-Covered Baloney (Confessions of April Grace #3),False,[],False,[]
14287835,Zombie Youth: Playground Politics,False,[],False,[]
14287992,"Deep Oblivion (Mortal Chaos, #2)",True,[12262665],False,[]
14288319,"My Paper Heart (My Paper Heart, #1)",False,[],False,[]
14288682,"Awakening (Tankborn, #2)",False,[],True,[14288684]
14288684,"Rebellion (Tankborn, #3)",True,[14288682],False,[]
14288998,"Into the Still Blue (Under the Never Sky, #3)",True,"[10756656, 15754052, 15857227, 17616704]",False,[]
14289220,"Be My Enemy (Everness, #2)",True,[11291920],True,[17884078]
14289261,"Killing Rachel (The Murder Notebooks, #2)",False,[],False,[]
14289306,"Infinityglass (Hourglass, #3)",True,"[9182478, 12680986]",False,[]
14290023,"Thirst No. 5: The Sacred Veil (Thirst, #5)",True,[7775611],False,[]
14290102,"Rogue (Croak, #3)",True,"[11836538, 13316241]",False,[]
14290364,"Champion (Legend, #3)",True,"[13414446, 17235347]",False,[]
14416098,"Strike: The Hero From The Sky (The STRIKE Series, #1)",False,[],False,[]
14448616,"Hunted (The Guardian Legacy, #2)",True,[11319430],False,[]
14498145,The Brokenhearted (The Brokenhearted #1),False,[],False,[]
14624335,MetaWars: Fight for the Future,False,[],False,[]
14624543,Beautiful Things Never Last,False,[],False,[]
14624929,"In Between Seasons (The Fall, #1)",False,[],False,[]
14625476,"Left in the Darkness (Haven Coffee House Boys, #2)",False,[],True,"[16089892, 17255629]"
14686464,"Arise (Syrenka, #3)",True,"[13182274, 13495244]",False,[]
14739760,"Mobster's Girl (Mobster, #1)",False,[],True,[15747359]
14739789,"The Burning Star (Star, #1)",False,[],True,[15992037]
14739821,"The Shadow Cats (Fire and Thorns, #0.5)",False,[],True,"[16148645, 10429092, 10816908, 11431896]"
14740456,"The Prey (The Hunt, #2)",True,[10913887],True,[17286729]
14740543,Zombie Island (Zombie Apocalypse #1),False,[],True,[20708244]
14740738,"Seeds of War (Eden's Root Trilogy, #2)",True,"[13400912, 15758989]",True,[15827257]
14741092,"Softly at Sunrise (KGI, #5.5)",True,[11222139],True,"[18809304, 20453985]"
14741130,"Moon-Burn (The Lone March Series, #3)",True,[13059836],True,"[16135926, 17881314]"
14741366,"Prophecy Girl (Angel Academy, #1)",False,[],True,[22980103]
14743698,"Bane (Coven, #2)",True,[13485625],False,[]
14744489,"The Summer I Became a Nerd (Nerd, #1)",False,[],True,[25664525]
14745338,"Fairest (An Unfortunate Fairy Tale, #2)",True,"[13402447, 20417847]",True,"[18815422, 20561849]"
14759331,"Override (Glitch, #2)",True,[10535458],False,[]
14759334,"Lullaby (Watersong, #2)",True,[10586539],True,[16045037]
14759416,"Snapshot (The Jamieson Collection, #2)",False,[],False,[]
14759651,"Emerald Green (The Ruby Red Trilogy, #3)",True,[8835379],False,[]
14760527,"Pulse (Pulse, #1)",True,[8592303],True,"[22403051, 9509236, 13044990, 13181735, 16076614]"
14779549,"Among the Nameless Stars (For Darkness Shows the Stars, #0.5)",False,[],True,"[8306761, 17936738]"
14781235,Zom-B Underground,False,[],False,[]
14802438,"True (Elixir, #3)",True,"[7844725, 9729681]",False,[]
14805480,"Shadowlands (Shadowlands, #1)",False,[],True,[18632855]
14811468,Shards and Ashes,False,[],False,[]
14812133,"Infamous (Fame Game, #3)",True,[13554846],False,[]
14812991,"Blood-Kissed Sky (Darkness Before Dawn Trilogy, #2)",False,[],True,[15520672]
14813667,"Ali's Pretty Little Lies (Pretty Little Liars, #0.5)",False,[],True,"[1651302, 12152785, 3047850, 3047849, 3047848, 3047851, 9893331, 9893355, 9893358]"
14896617,"Origins (Zombie Games, #1)",False,[],True,"[15739726, 16058238]"
14897141,"Closed Hearts (Mindjack Series, #2)",True,[12727768],True,[12971486]
15067833,GAMELAND Episodes 1-2 (S. W. Tanpepper's GAMELAND #1-2),False,[],False,[]
15107118,"Bonehead Bootcamp (The Age of Amy, #1)",False,[],True,[18500151]
15283043,The Distance Between Us,False,[],False,[]
15362992,"Endurance (Razorland, #1.5)",True,"[7137327, 16066962]",True,"[10193062, 18710799, 25740472]"
15446388,"Untitled (Guardian Angels, #2)",True,[30731715],False,[]
15489047,"The Twenty (Barronlands Trilogy, #1)",False,[],False,[]
15513156,"Of Triton (The Syrena Legacy, #2)",True,"[12425532, 13574751, 17791629]",True,"[21408380, 18525702]"
15520672,"After Daybreak (Darkness Before Dawn Trilogy, #3)",True,[14812991],False,[]
15698191,Blackbrooke,False,[],False,[]
15698746,"Shallow (Going Under, #2)",True,[13380138],False,[]
15699491,"Dante's Girl (The Paradise Diaries, #1)",False,[],False,[]
15700312,"Beauty Never Dies (The Grimm Diaries Prequels, #3)",False,[],True,"[15742925, 15831760, 17263239, 17762110, 18487902, 18487922]"
15700479,"First Frost (Frost, #1)",True,"[8069816, 13555538]",True,"[18040360, 9639859, 17225892, 11489012, 18748877, 18469570, 11311068, 13270871, 15801791]"
15700481,Celtic Run,False,[],False,[]
15701850,I Sold Myself To The Devil For Vinyls... Pitiful I Know,False,[],False,[]
15701976,"Deceiving Destiny (Bleeding Heart, #2)",False,[],False,[]
15702526,The Fierce Reads Anthology,False,[],False,[]
15703770,"The Runaway King (The Ascendance Trilogy, #2)",True,[12432220],True,[17667561]
15705217,"So Into You (The Jane Austen Academy Series, #2)",True,[13485642],True,"[18719570, 16039713, 16039714]"
15705733,"The Weight of the World (Olympia Heights, #2)",True,[12020677],True,[17670457]
15706512,"Shark Bait (Grab Your Pole, #1)",False,[],True,"[16066163, 17801290]"
15707192,"Pledged (Soul Wars Saga, #1)",False,[],False,[]
15707278,"No Shelter (No Shelter, #1)",False,[],True,"[15707284, 13644217]"
15707284,"Left Behind (No Shelter, #2)",True,[15707278],True,[13644217]
15708674,"Compromised (South Hills Sidekicks, #3)",True,"[13485064, 13572383]",False,[]
15709133,"Sacrifices (Shadow Grail, #3)",True,[7241984],False,[]
15710310,"Marked (The Pack, #1)",True,[7967907],False,[]
15710557,"Some Quiet Place (The Other Plane, #1)",False,[],True,[17281362]
15710695,"Program 12 (The Emile Reed Chronicles, #0.5)",False,[],True,[11881513]
15711420,"Forged (Taken, #3)",True,"[11044367, 18053185, 18089999]",False,[]
15712186,"Dead Man Stalking (The Morganville Vampires, #4.5)",True,"[261122, 544257, 2295829]",True,"[3558003, 5212771, 11215073, 6289938, 7091713, 7600922, 10549501, 9526658, 13414055, 15739817, 15746882]"
15712224,Amelie's story,False,[],False,[]
15712225,Sam's Story,False,[],False,[]
15713051,"Butterfly Kisses (The Butterfly Chronicles, #2)",True,"[10381803, 11069761, 12607835]",True,[17313481]
15714133,"Midnight Frost (Mythos Academy, #5)",True,"[9439989, 11022222, 11763146, 13130275, 17987415]",True,[17448097]
15714476,"The Pirate's Wish (The Assassin's Curse, #2)",True,[17237351],False,[]
15714677,Spirit and Dust (Goodnight Family #2),True,[9535352],False,[]
15714721,"Kahayatle (Apocalypsis, #1)",False,[],True,"[15780556, 16047619]"
15714722,"A Tale of Two Centuries (My Super Sweet Sixteenth Century, #2)",True,[13586321],False,[]
15715106,"The Audition (Seraphina, #0.5)",False,[],True,"[19549841, 16085457]"
15715110,"Kallos (Kallos, #1)",False,[],False,[]
15715923,"Cleopatra Ascending (Shadow's Edge, #2)",False,[],False,[]
15716154,"Cross My Heart, Hope to Die (The Lying Game, #5)",True,"[8428069, 9266793, 9266794, 16072107]",True,"[16065672, 15817952]"
15716157,"Lost Spirits (Darke Academy, #4)",True,"[9954020, 10536802]",False,[]
15716180,"Hot Blooded (Wolf Springs Chronicles, #2)",True,[10890808],False,[]
15716670,"Fire Dance (Fire Wars, #3)",True,"[11736535, 12959823]",False,[]
15716680,"Shifter (Wicked Woods, #6)",True,"[8627917, 9650796, 9655284, 9777463]",False,[]
15717280,The Accidental Movie Star (Accidental #1),False,[],True,"[21532188, 21532348, 23672144, 33028773]"
15717301,Fall Back,False,[],False,[]
15717943,"Hopeless (Hopeless, #1)",False,[],True,"[17340050, 18593175]"
15718367,The Disappeared (The Disappeared #1),False,[],False,[]
15720247,"Vamp Versus Vamp (Vamp Chronicles, #4)",False,[],False,[]
15721624,Orleans,False,[],False,[]
15721638,"The Madness Underneath (Shades of London, #2)",True,"[13595639, 18811623]",True,[17412895]
15722179,"Crusher (Crusher, #1)",False,[],False,[]
15723152,"Rules of Summer (Rules of Summer, #1)",False,[],True,[18634795]
15723286,"Curtsies & Conspiracies (Finishing School, #2)",False,[],True,[20980648]
15723550,"Darkness Hidden (The Name of the Blade, #2)",True,[13031257],False,[]
15724014,"Iron's Prophecy (The Iron Fey, #4.5)",True,"[7747064, 8070049, 8685612, 9659607, 13487061, 13544184]",False,[]
15724122,"Glittering Shadows (Dark Metropolis, #2)",True,[12483970],False,[]
15724396,"The Sword of Summer (Magnus Chase and the Gods of Asgard, #1)",False,[],True,"[27904311, 28006120]"
15724701,Threads,False,[],False,[]
15724908,"Persephone (Daughters of Zeus, #1)",False,[],True,"[16240988, 17189031]"
15725160,"Indigo Awakening (The Hunted, #1)",True,"[964543, 11767287, 12401507]",False,[]
15725579,The Kings of Charleston (The Kings of Charleston #1),False,[],False,[]
15725708,"Fast-Trapped (Fast-Track Trilogy, #2)",False,[],False,[]
15725907,"The Temptation (The Secret Circle, #6)",False,[],False,[]
15726305,"Neverfall (Everneath, #1.5)",True,[9413044],True,"[13115995, 13626692]"
15726653,"A Lover's Sin (The Ramseys, #14; Ramsey/Tesano, #3)",False,[],True,"[16168369, 6213592, 8704507, 7463026, 8578899]"
15726670,"Uriel (The Airel Saga, #3)",True,[13069755],True,[8177852]
15726915,"Faking Normal (Faking Normal, #1)",False,[],False,[]
15726997,"Darkest Fear (Birthright, #1)",True,[9858517],True,"[13163011, 17261147]"
15727440,"Shadow on the Sun (Hell's Cross, #3)",True,"[7031835, 11777039]",False,[]
15728577,Side Effects May Vary,False,[],False,[]
15728700,Rise of the Horde,False,[],False,[]
15728835,"Chasm (The Gateway Trilogy, #2)",True,"[11444393, 18241346, 23380120]",True,[18133153]
15729751,"A Day in the Afterlife of Tod (Soul Screamers, #4.1)",True,"[6315602, 6583427, 6763961, 7476122, 8487363]",True,"[8803932, 11418574, 13508069]"
15730577,"The Blemished (Blemished, #1)",False,[],True,"[16064396, 18080504]"
15730675,"Darkest Powers Bonus Pack 2 (Darkest Powers Trilogy #3.5, 3.6)",False,[],False,[]
15730923,"Death (Deck of Lies, #3)",True,"[13327517, 13582428]",True,[16178099]
15731796,"Audrey's Guide to Witchcraft (Audrey's Guides, #1)",False,[],True,[17251738]
15732569,"Forever Mine (The Moreno Brothers, #1)",False,[],True,[12286734]
15733144,Uprising (Children of the Gods #2),True,[13284052],False,[]
15734070,"UnStrung (Unwind, #1.5)",True,[764347],True,"[12792658, 17950614]"
15734129,"The Cypher Wheel (Custodian Novel, #3)",False,[],True,[18186784]
15734570,"Not So Easy (Souls in Peril, #1)",False,[],False,[]
15734731,"Eternal (Winterhaven, #3)",True,"[8527908, 12387704]",False,[]
15734953,Becoming (Lynnie Russell Trilogy #1),False,[],False,[]
15735085,A Halflings Rescue (Halflings #1.5),True,[13241952],False,[]
15736197,"Over It (The Kiss Off, #2)",True,[13646855],False,[]
15736314,"Happily Ever After? (Sleeping Handsome, #2)",True,[13334434],False,[]
15737640,"Phase (Phase Trilogy, #1)",False,[],False,[]
15739726,"Running Wild (Zombie Games, #2)",True,[14896617],True,[16058238]
15739807,"The Witches of West Shore (Broken Shell Island, #1)",False,[],False,[]
15739817,"Fall of Night (The Morganville Vampires, #14)",True,"[261122, 544257, 2295829, 3558003, 5212771, 6289938, 7091713, 7600922, 9526658, 10549501, 11215073, 13414055, 15712186]",True,[15746882]
15740572,"Possessed (Arelia LaRue, #3)",True,[12801856],False,[]
15741256,"London Eye (Toxic City, #1)",False,[],True,"[17166969, 17345282]"
15741928,"Sunrise (Ashfall, #3)",True,"[9644151, 9867814, 18633571]",False,[]
15742858,"Confessions of an Almost-Girlfriend (Confessions, #2)",True,"[13515025, 13521399]",True,"[17333276, 18719296]"
15742925,"Ladle Rat Rotten Hut (The Grimm Diaries Prequels, #4)",True,[15700312],True,"[15831760, 17263239, 17762110, 18487902, 18487922]"
15743078,"The Divergent Series 2-Book Collection (Divergent, #1-2)",False,[],False,[]
15745753,Eleanor & Park,False,[],False,[]
15746031,"Unspeakable (The Nature of Grace, #1.5)",True,[13086226],True,"[13181967, 16178275]"
15746115,"A Whole New Crowd (A Whole New Crowd, #1)",False,[],False,[]
15746882,"Daylighters (The Morganville Vampires, #15)",True,"[261122, 544257, 2295829, 3558003, 5212771, 6289938, 7091713, 7600922, 9526658, 10549501, 11215073, 13414055, 15712186, 15739817]",False,[]
15747359,"Awakening the Mobster (Mobster, #2)",True,[14739760],False,[]
15747459,"Every Pearl Has Its Oyster (Hidden Gem, #4)",True,"[12914207, 13341379]",True,[16111888]
15747708,"The Star Dwellers (The Dwellers, #2)",True,"[13931214, 15763668]",False,[]
15748960,"Red Dawn (Crossroads Academy, #2)",True,[12732267],False,[]
15749186,"To All the Boys I've Loved Before (To All the Boys I've Loved Before, #1)",False,[],True,"[20698530, 35247769]"
15749326,"My Ex From Hell (The Blooming Goddess Trilogy, #1)",False,[],True,"[17305421, 19165181, 18273368]"
15750384,"Choke (The Breathless, #2)",True,[13648347],False,[]
15750874,The Glass Arrow,False,[],False,[]
15751616,"Unplugged (The Wired, #1)",False,[],True,[30653796]
15752308,"The Search for Sam (Lorien Legacies: The Lost Files, #4)",True,"[11237412, 13622863]",True,"[15762770, 16065602, 18053086, 18053087, 18738863, 22500624, 25742694, 26242358]"
15753677,"Creators (Contributor, #0.5)",False,[],True,[19540832]
15754052,"Roar and Liv (Under the Never Sky, #0.5)",False,[],True,"[10756656, 15857227, 17616704, 14288998]"
15754477,"Formerly Shark Girl (Shark Girl, #2)",False,[],False,[]
15754484,"Feral Nights (Feral, #1)",False,[],False,[]
15754577,Sweetest Taboo,False,[],False,[]
15755296,"Through the Zombie Glass (White Rabbit Chronicles, #2)",True,"[11300302, 23287087]",True,"[20579287, 24893241, 27800153]"
15755356,"Don't Judge a Book by its Cover (Most Popular Guy in the School, #1)",False,[],True,"[15768335, 16031420]"
15755441,"Buried Castles (Broken Fairytales, #2)",True,[17232542],False,[]
15756622,"Scene from Haden's POV (Falling Under, #1.1)",True,[7948945],True,[10640020]
15756767,"Into the Deep (Into the Deep, #1)",False,[],False,[]
15757366,"Legacy (Night School, #2)",False,[],True,"[17345616, 17978510]"
15757434,"Crash (Crash, #1)",False,[],True,[15835685]
15757486,Zac and Mia,False,[],False,[]
15757971,"Obsidian Mirror (Chronoptika, #1)",False,[],False,[]
15758989,"The Blight (Eden's Root Trilogy, #0.5)",False,[],True,"[13400912, 14740738, 15827257]"
15762770,"The Last Days of Lorien (Lorien Legacies: The Lost Files, #5)",True,"[11237412, 13622863, 15752308]",True,"[16065602, 18053086, 18053087, 18738863, 22500624, 25742694, 26242358]"
15763668,Glimpse (The Dwellers #1),False,[],True,"[13931214, 15747708]"
15763985,"Shattered (Shade, #3.5)",True,"[6648020, 8542996, 10552965, 16122992]",False,[]
15764571,"Subversive  (The Warrior, #3)",True,[10370867],False,[]
15764908,"Lionhead (Lionhead, #1)",False,[],False,[]
15765505,"Dare Me (Demon Underground, #5)",True,"[5058029, 7789830]",False,[]
15765559,Daniel's Gift (Fallen Shorts #3.5),False,[],False,[]
15765699,"Haze (The Rephaim, #2)",True,[13414835],True,[18211884]
15766187,"Maelyn (The Nine Princesses Novellas, #1)",False,[],True,[17304052]
15766817,"Double Threats Forever (Double Threat, #4)",True,"[13632601, 20694229]",False,[]
15766944,The League of Delphi (The Delphi Trilogy #1),False,[],True,[18213017]
15767909,"Awaken (Daughters of the Sea, #2)",False,[],True,"[12246388, 22616196, 23348153]"
15768335,"Go West, Young Man (The Most Popular Guy in the School, #2)",True,[15755356],True,[16031420]
15768409,"The Retribution of Mara Dyer (Mara Dyer, #3)",True,"[11408650, 13643567]",False,[]
15768498,"Pretty Dark Nothing (Pretty Dark Nothing, #1)",False,[],False,[]
15768919,Heartless (Keeping Secrets #1),False,[],True,[17234238]
15769788,"Rebel (Reboot, #2)",True,[13517455],False,[]
15769793,"Colonization (Paradise Reclaimed, #1)",False,[],True,[20435721]
15772644,"Night of the Purple Moon (The Toucan Trilogy, #1)",False,[],True,[18588030]
15772673,Twice Shy (Twice Shy #1),False,[],True,[17673708]
15772730,"Spud: Exit, Pursued by a Bear",False,[],False,[]
15773126,Matt Archer: Monster Hunter (Matt Archer #1),False,[],True,"[18043557, 18751053]"
15773251,"Crow Memory (The Blood Journals, #1.5)",True,[8715032],False,[]
15774298,"A Slither of Hope (Angel Sight, #2)",True,[13572197],True,[15774299]
15774299,"A Matter of Time (Angel Sight, #3)",True,"[13572197, 15774298]",False,[]
15774969,"Belonging (Temptation, #2)",True,[13223243],True,"[18168637, 25505556]"
15775101,"Dazzle (Delaney's Gift, #1)",True,[16148391],False,[]
15777621,This Song Will Save Your Life,False,[],False,[]
15777797,"Truth or Dare (Truth or Dare, #1)",True,[1170445],True,"[294735, 18431723, 20409692]"
15779886,"Stitch (Stitch Trilogy, #1)",False,[],False,[]
15780556,"Warpaint (Apocalypsis, #2)",True,[15714721],True,[16047619]
15780926,"The Night Has Teeth (The Magdeburg Trilogy, #1)",False,[],True,"[17234033, 18583939]"
15780961,"Dolmarehn (The Otherworld Series, #2)",True,"[17708622, 23152378, 28238589]",False,[]
15780972,Mad World: Epidemic,False,[],False,[]
15781865,"Tales from Foster High (Tales from Foster High, #1-3)",False,[],False,[]
15781952,"Winter Omens (The Last Year, #2)",True,[13631837],True,"[16094613, 17249478]"
15783450,"Pieces (The Breakaway, #2)",True,[12962066],False,[]
15783553,"Guardian of Atlantis (The Children of Atlantis, #1)",False,[],False,[]
15783617,Measuring Up,False,[],False,[]
15784713,Blue Autumn Cruise (Sisters in All Seasons #3),True,[12868718],True,[16182696]
15784722,"The Uprising (The Forsaken, #2)",True,"[12987192, 19456618]",True,[17561818]
15784909,"This Girl (Slammed, #3)",True,[13496084],False,[]
15787077,"Desolate (Desolation, #2)",False,[],True,[16147006]
15788401,Arcadia's Gift (Arcadia Series #1),True,[11595072],False,[]
15789443,"Something Real (Something Real, #1)",False,[],True,[25414929]
15789823,Struck By Lightning: The Carson Phillips Journal,False,[],False,[]
15790832,"I Hunt Killers (Jasper Dent, #1)",True,"[17254986, 18719133, 20736260, 23122971]",True,"[15790833, 20454051]"
15790833,"Game (Jasper Dent, #2)",True,"[15790832, 17254986, 18719133, 20736260, 23122971]",True,[20454051]
15790873,"This Is What Happy Looks Like (This is What Happy Looks Like, #1)",False,[],True,[25116648]
15791488,"The Breeders (Breeders, #1)",False,[],True,"[17335604, 18966359]"
15792316,"Split Second (Pivot Point, #2)",True,[11988046],False,[]
15794592,Rookie Yearbook One,False,[],False,[]
15796325,"Sacrifices (Kiera's Quest, #2)",True,[12937815],True,[21899019]
15796908,Little Women,False,[],False,[]
15797038,"Codebreaker (Agent 21, #3)",True,[9942091],True,"[17903264, 22822954, 26001164]"
15797050,"Pantomime (Micah Grey, #1)",False,[],True,[17797456]
15797848,There's Someone Inside Your House,False,[],False,[]
15798660,Yaqui Delgado Wants to Kick Your Ass,False,[],False,[]
15799424,"Emilie and the Hollow World (Emilie, #1)",False,[],True,[17617916]
15800934,Sarah's Journal,False,[],False,[]
15801762,Zom-B Angels,False,[],False,[]
15801763,"Untold (The Lynburn Legacy, #2)",True,"[10866624, 15992339, 18588890]",True,[18309803]
15801764,Zom-B City,False,[],False,[]
15801791,"Enchanted Frost (Frost, #8)",True,"[8069816, 9639859, 11311068, 11489012, 13270871, 13555538, 15700479, 17225892, 18040360, 18469570, 18748877]",False,[]
15803173,Golden Boy,False,[],False,[]
15803278,"'Til the World Ends (Blood of Eden, #0.5)",False,[],True,"[10215349, 17883441]"
15805597,The Book of Broken Hearts,False,[],False,[]
15806868,Towering,False,[],False,[]
15810256,"Jaguar Sun (Jaguar Sun, #1)",False,[],False,[]
15810298,"This Strange and Familiar Place (So Close to You, #2)",True,[12924333],True,[17278933]
15810406,"Choices (Choices, #1)",False,[],False,[]
15810499,"Gives Light (Gives Light, #1)",False,[],True,"[15852498, 16037018, 16106649]"
15811135,"Naturals (The Lost Souls, #2)",True,[12792988],False,[]
15811405,"The Iron Traitor (The Iron Fey: Call of the Forgotten, #2)",True,[12614410],True,[18054085]
15811653,"Othermoon (Otherkin, #2)",False,[],False,[]
15812814,"Crossed (Matched, #2)",True,[7735333],False,[]
15812886,"Perception (The Perception Trilogy, #1)",True,[16154919],True,"[17231974, 18369644]"
15814441,"When the Stars Threw Down Their Spears (The Goblin Wars, #3)",True,"[10048219, 10066415]",False,[]
15815030,Purgatory Reign,False,[],False,[]
15816028,"Red and the Wolf (Enchanted Fairytales, #2)",True,[13618622],False,[]
15817952,"Seven Minutes in Heaven (The Lying Game, #6)",True,"[8428069, 9266793, 9266794, 15716154, 16065672, 16072107]",False,[]
15817997,"Ruled (Birthmarked, #2.5)",True,"[9424367, 13013051]",True,[13010211]
15818617,"Shell Game (Kingdom Keepers, #5)",False,[],True,[21415849]
15819003,"Breathless (Elemental, #2.5)",True,"[10401084, 12977172, 13418864, 13503581, 17332556]",True,"[13494365, 17149088, 17149158]"
15819010,Dying To Forget (The Station #1),False,[],True,[16440866]
15821658,"Theirs to Keep (Tangled Hearts Trilogy, #1)",False,[],False,[]
15821972,"The Keep (The Watchers, #4)",True,"[10551037, 10592898]",True,"[18686977, 28575508]"
15822035,The Viscount's Daughter (Treadwell Academy #3),True,"[12888207, 13550544]",False,[]
15822336,"The Girl with the Iron Touch (Steampunk Chronicles, #3)",True,"[9166877, 11130686, 13060608, 17787966]",True,"[18074035, 18513756]"
15826648,Where the Stars Still Shine,False,[],False,[]
15826934,School Spirits,False,[],False,[]
15827230,"Don't Fear the Reaper (The Death Chronicles, #1)",True,[20890243],True,[13454639]
15827257,"Emergence (Eden's Root Trilogy, #3)",True,"[13400912, 14740738, 15758989]",False,[]
15829686,"Tandem (Many-Worlds, #1)",False,[],True,[17928233]
15830512,"Nandana's Mark (Queen of the Realm of Faerie, #1)",False,[],True,[17570539]
15830647,"Futuredaze: An Anthology of YA Science Fiction (Futuredaze, #1)",False,[],False,[]
15831755,Shymers (Shymers #1),False,[],False,[]
15831760,"Mary Mary Quite Contrary (The Grimm Diaries Prequels, #5)",True,"[15700312, 15742925]",True,"[17263239, 17762110, 18487902, 18487922]"
15832663,"The Voyage of the Unquiet Ice (Ship Kings, #2)",True,[12422629],False,[]
15832932,What I Thought Was True,False,[],False,[]
15833132,"The Timekeeper (Aliis Mundi, #1)",False,[],False,[]
15834810,"In Your Dreams (In Your Dreams, #1)",False,[],True,"[17560872, 17930934]"
15835031,If He Had Been with Me,False,[],False,[]
15835075,"Collide (The Secret Life of Trystan Scott, #1)",False,[],True,"[15989011, 17380707, 17572004]"
15835685,"Clash (Crash, #2)",True,[15757434],False,[]
15835877,"Raging Star (Dust Lands, #3)",True,"[9917938, 13042154]",False,[]
15836743,"The Year of Luminous Love (The Year, #1)",False,[],True,[18769918]
15837396,"Insight (Shadows, #1)",True,"[787663, 14060614]",True,[787664]
15838434,"The War for Banks Island (Zombicorns, #2)",True,[10268370],False,[]
15838964,"Deception Peak (Ian's Realm Saga, #1)",False,[],False,[]
15839061,"The Festival of the Moon (Girls Wearing Black, #2)",False,[],False,[]
15839626,"Zephyr The West Wind (Chaos Chronicles, #1)",False,[],False,[]
15839778,Divided Heart (Hayle Coven #9),False,[],True,"[15839786, 15839795, 15839796, 15839800, 15839809]"
15839786,First Plane (Hayle Coven #10),True,[15839778],True,"[15839795, 15839796, 15839800, 15839809]"
15839795,Dark Promise (Hayle Coven #13),True,"[15839778, 15839786]",True,"[15839796, 15839800, 15839809]"
15839796,Unseelie Ties (Hayle Coven #14),True,"[15839778, 15839786, 15839795]",True,"[15839800, 15839809]"
15839800,Ancient Ways (Hayle Coven #15),True,"[15839778, 15839786, 15839795, 15839796]",True,[15839809]
15839809,Coven Leader (Hayle Coven #19),True,"[15839778, 15839786, 15839795, 15839796, 15839800]",False,[]
15839932,The Monster Within (The Monster Within #1),False,[],False,[]
15839984,"Cruel Beauty (Cruel Beauty Universe, #1)",False,[],True,[17368138]
15840340,"Betwixt (Betwixt, #1)",True,[18392767],False,[]
15840611,Mythology (Mythology #1),False,[],False,[]
15840970,Dr. Morbid's Castle of Blood (Masks #6),True,"[3707034, 6096818, 6442668, 8705946, 13436819]",False,[]
15841140,"Fireblood (Fireblood, #1)",False,[],True,[12502043]
15841878,"Vote (Liar, Liar, #4)",True,"[32187104, 32933365]",False,[]
15841900,"The Cydonian Pyramid (The Klaatu Diskos, #2)",True,[12475931],False,[]
15843071,"Coda (Coda, #1)",False,[],False,[]
15843377,"Itch: The Explosive Adventures of an Element Hunter (Itch, #1)",False,[],True,[16684781]
15843604,"Neverlove (Shadow Jumpers, #1)",False,[],False,[]
15843845,Eight's Origin,False,[],False,[]
15845513,"Resistance (Saga of the Setti, #2)",False,[],False,[]
15845580,"Bewitched (Heven and Hell, #2.5)",True,"[12964268, 12964286]",False,[]
15845605,"The Gatekeeper's Sons (Gatekeeper's Saga, #1)",True,[29455380],True,"[18470187, 16098340, 17570001, 20701398, 22847838]"
15845821,Sam's Journal,False,[],False,[]
15847212,"Sound (Solid, #3)",True,"[8571801, 9003770]",False,[]
15847229,"Fathom (Crescent Moon Bay, #1)",False,[],False,[]
15847262,"Created (Watched, #3)",True,[11385485],False,[]
15847736,"Appearances Matter (Dumb Jock, #3)",True,[13419076],True,[18337353]
15847822,Two Versions of the Same Song (Aintree Tales #2),True,[13459645],False,[]
15847905,"The Steam Mole (Cuttlefish, #2)",True,[13486371],False,[]
15848288,Caught in a Moment,False,[],False,[]
15848509,"Faerie After (Bones of Faerie, #3)",False,[],False,[]
15848518,"Haunting Joy (Haunting Joy, #1)",False,[],False,[]
15851966,"Radiant (Unearthly, #2.5)",True,"[7488244, 11563110]",True,[13049981]
15852093,"The Zombie Always Knocks Twice (Hollyweird, #1)",False,[],False,[]
15852498,"Looks Over (Gives Light, #2)",True,[15810499],True,"[16037018, 16106649]"
15857227,"Through the Ever Night (Under the Never Sky, #2)",True,"[10756656, 15754052]",True,"[17616704, 14288998]"
15859544,Elements of the Undead Omnibus (Elements of The Undead #1-3),False,[],False,[]
15861491,"The Fall of Five (Lorien Legacies, #4)",True,"[7747374, 8659601, 12971616]",True,"[19346451, 27161189]"
15864513,"Ashes and Ice (Ashes and Ice, #1)",False,[],True,[17264027]
15869701,"The In Between (The In Between, #1)",False,[],True,[16124294]
15870094,"The Twelve-Fingered Boy (Incarcerado, #1)",False,[],False,[]
15874689,Exposure (Twisted Lit #2),True,[15874882],True,[31394084]
15874882,Tempestuous (Twisted Lit #1),False,[],True,"[15874689, 31394084]"
15897244,"Echo in Time (Erasing Time, #2)",False,[],False,[]
15919583,"Chasing Stars (After Eden, #2)",True,[12275873],False,[]
15927599,"Who Needs Magic? (Magic, #2)",True,[10473144],False,[]
15928642,"The Scribe (Mindjack Origins, #3)",True,[14059393],True,[20646454]
15931730,"Party Disaster! (Jess Jordan, #6)",True,"[920432, 1594681, 8064533, 11946900]",False,[]
15936637,"Whispering Stone (Whispers, #1)",True,[13399726],False,[]
15937108,Counting by 7s,False,[],False,[]
15945897,"Starglass (Starglass, #1)",False,[],True,[18041321]
15979925,"Silver Mortal (The Gracen Chronicles, #1)",False,[],False,[]
15980368,"Stalked by Death (Touch of Death, #2)",True,[13425797],True,[18135881]
15980406,"Wicked Sense (Singularity, #1)",False,[],True,"[18212914, 18212920]"
15984268,The Universe Versus Alex Woods,False,[],False,[]
15985355,"Viral Nation (Viral Nation, #1)",False,[],True,[18693707]
15986049,"The Modified (The Biotics Trilogy, #1)",False,[],False,[]
15986094,Inheritance (Adaptation #2),True,[10744752],False,[]
15986727,"A Vision of Green (Florence Vaine, #2)",True,[13506510],False,[]
15988916,Reaping Me Softly (The Reaper Series #1),False,[],True,"[13027757, 23605226]"
15989011,"Backdraft (The Secret Life of Trystan Scott, #2)",True,[15835075],True,"[17380707, 17572004]"
15990074,"The Truth About Faking (The Truth, #1)",False,[],True,[17282616]
15990311,"Shadow of Darkness (Creature Kid, #1)",False,[],False,[]
15992037,"The Frozen Star (Star, #2)",True,[14739789],False,[]
15992339,"The Summer Before I Met You (The Lynburn Legacy, #0.5)",False,[],True,"[10866624, 18588890, 15801763, 18309803]"
15993686,"Incubus (Daughters of Lilith, #2)",True,[14112002],True,[20438715]
15995458,"Delusions (The Affinity, #2)",False,[],False,[]
15995501,"The Stereotypical Freaks (Forever Friends, #1)",True,[349465],True,"[1176195, 611948]"
16000044,"Rebel Spring (Falling Kingdoms, #2)",True,"[12954620, 31434056]",True,"[17342700, 23367261]"
16002855,"The Spring Before I Met You (The Lynburn Legacy, #0.25)",False,[],False,[]
16003509,"Evanescent (The Countenance, #2)",False,[],False,[]
16004412,"Just a Little Crush (Just a Little, #1)",False,[],True,"[17208557, 17208562, 17208565, 17402091, 17852849, 17969565, 18273449, 18600469]"
16004828,"Falling Apart (Barely Alive, #2)",True,[13563221],True,[16053402]
16004928,My Only,False,[],False,[]
16005072,"Black Moon (Paige Tailor, #1)",False,[],False,[]
16005152,"Griffin's Storm (Griffin, #3)",True,[13332000],False,[]
16005219,"Get Even (Don't Get Mad, #1)",False,[],True,[16005224]
16005224,"Get Dirty (Don't Get Mad, #2)",True,[16005219],False,[]
16006284,King of Marbury (The Marbury Lens #1.5),False,[],True,[13503090]
16006945,"Scorched (Scorched, #1)",False,[],True,[22911299]
16007057,Lie to Me (Summer Island Series #1),False,[],False,[]
16007175,"Dracian Legacy (Dracian, # 1)",False,[],False,[]
16007786,Riley's Curse (A Moon's Glow 0.5),False,[],False,[]
16007911,"Born (Born, #1)",False,[],True,"[17800756, 17926273]"
16008688,"Wicked Fate (Wicked, #1)",False,[],False,[]
16028038,Black Magic (Howl #4),True,[13571998],False,[]
16029252,"Laced in Malice (Laced, #1)",False,[],False,[]
16029639,Just Your Average Celebrity,False,[],False,[]
16030663,Far Far Away,False,[],False,[]
16030817,"Empower (The Violet Eden Chapters, #5)",True,"[8635145, 9671126, 10567183, 12369942]",False,[]
16031420,"A Star is Born (The Most Popular Guy in the School, #3)",True,"[15755356, 15768335]",False,[]
16032159,"The Gleaning (The Spellspinners of Melas County, #2)",True,[9515613],True,[19826826]
16032211,"Night Marchers (Night Marchers, #1)",False,[],False,[]
16032322,"Hover (The Taking, #2)",True,"[12844575, 17838475]",False,[]
16032324,"Heir of Skies (Starbright, #1)",False,[],True,[20596632]
16036514,"Dollhouse (Dollhouse, #1)",True,[23622242],True,"[16740524, 18004791, 18216608]"
16036699,How to Keep a Boy from Kissing You (Aurora Skye #1),False,[],True,[16242833]
16037000,"Hunted (Talented Saga, #3)",True,"[13466202, 13624476]",True,"[18196600, 22324971]"
16037018,"St. Clair (Gives Light , #3)",True,"[15810499, 15852498]",True,[16106649]
16037338,"The Beginning: Born at Midnight and Awake at Dawn (Shadow Falls, #1-2)",False,[],False,[]
16037505,"Follow Me Through Darkness (Boundless, #1)",False,[],True,[20869621]
16039122,"Cold Spell (Fairytale Retellings, #4)",True,"[6357708, 9415956, 11985913]",False,[]
16039713,"Only With You (The Jane Austen Academy Series, #5)",True,"[13485642, 15705217, 18719570]",True,[16039714]
16039714,"Always You (The Jane Austen Academy Series, #6)",True,"[13485642, 15705217, 16039713, 18719570]",False,[]
16043857,"The Eye of Zoltar (The Chronicles of Kazam, #3)",False,[],False,[]
16043894,"Severance (Linx, #2)",False,[],True,[16181187]
16045028,"Where Beauty Lies (Sophie and Ava London, #2)",True,[13538853],False,[]
16045037,"Tidal (Watersong, #3)",True,"[10586539, 14759334]",False,[]
16045074,"Weather Witch (Weather Witch, #1)",False,[],False,[]
16045088,Charm & Strange,False,[],False,[]
16045120,"All Our Pretty Songs (Metamorphoses, #1)",False,[],True,"[18490688, 22813444]"
16045121,"Witch Fire (Burn Mark, #2)",True,[11761452],False,[]
16045296,Racing Savannah,False,[],False,[]
16045306,"Breathe, Annie, Breathe",False,[],False,[]
16045315,Jesse's Girl,False,[],False,[]
16047429,"Street Soldiers (Drama High, #15)",False,[],False,[]
16047619,"Haven (Apocalypsis, #4)",True,"[15714721, 15780556]",False,[]
16048365,"The Mapmakers Union (The Doorknob Society, #3)",True,"[13481858, 13626082]",False,[]
16049332,"Fever (Fade, #4)",True,[12882543],False,[]
16049452,"Passion and Pain (Dancers and Divas, #1)",False,[],True,[17875334]
16051689,"The Labyrinth (Acropolis, #2)",False,[],False,[]
16053402,"Mostly Dead (Barely Alive, #3)",True,"[13563221, 16004828]",False,[]
16056005,"To Wish for Impossible Things (Tales from Foster High, #3.5)",True,"[12798818, 13083650, 14225289]",True,"[16145072, 25544331]"
16056655,"Zombies Don't Forgive (Living Dead Love Story, #2)",True,[9780099],False,[]
16057864,"The Skeleton Key (Pandora English, #3)",True,[12414417],False,[]
16058238,"Dead Endz (Zombie Games, #3)",True,"[14896617, 15739726]",False,[]
16058269,"Submerging (Swans Landing, #2)",True,[13060190],False,[]
16058646,"Light of the Moon (Legend of the Dreamer, #1)",False,[],True,"[16064360, 17853546]"
16059149,"Magnolia (Magnolia Branch, #1)",False,[],True,[34316676]
16059379,"Intuition (Transcendence, #2)",False,[],False,[]
16059426,"Love in the Time of Global Warming (Love in the Time of Global Warming, #1)",False,[],True,[18490721]
16059428,"Replica (Replica, #1)",True,[1071338],True,"[28448287, 17910097, 30457727, 1071444, 1071339]"
16064360,"The Warrior's Code (Legend of the Dreamer, #1.2)",True,[16058646],True,[17853546]
16064396,"The Vanished (Blemished, #2)",True,[15730577],True,[18080504]
16065602,"The Forgotten Ones (Lorien Legacies: The Lost Files, #6)",True,"[11237412, 13622863, 15752308, 15762770]",True,"[18053086, 18053087, 18738863, 22500624, 25742694, 26242358]"
16065672,True Lies (The Lying Game #5.5),True,"[8428069, 9266793, 9266794, 15716154, 16072107]",True,[15817952]
16065725,"Secret Histories (Lorien Legacies: The Lost Files, #4-6)",False,[],False,[]
16065768,"A Dawn Most Wicked (Something Strange and Deadly, #0.5)",False,[],True,[9859436]
16066149,Georgetown Academy: Book One,False,[],False,[]
16066163,"The Other Fish in the Sea (Grab Your Pole, #2)",True,[15706512],True,[17801290]
16066962,"Foundation (Razorland, #0.5)",False,[],True,"[7137327, 15362992, 10193062, 18710799, 25740472]"
16067008,Stitching Snow,False,[],False,[]
16068341,The Truth About Alice,False,[],False,[]
16068755,Rebels: City of Indra (The Story of Lex and Livia #1),False,[],True,[30251377]
16068780,"The Jewel (The Lone City, #1)",True,[23254391],True,"[22752758, 24585267, 28512427]"
16068905,Fangirl,False,[],False,[]
16068910,"The Art of Lainey (The Art of Lainey, #1)",True,[20705736],False,[]
16068954,"The Scar Boys (The Scar Boys, #1)",False,[],True,[22297731]
16068956,"The Story of Owen: Dragon Slayer of Trondheim (The Story of Owen, #1)",False,[],True,[17928170]
16069024,"Crossing the Line (Pushing the Limits, #1.1)",True,[10194514],True,"[21859363, 13561164, 17233800, 18808865, 18333898, 25263399]"
16069030,"The Winner's Curse (The Winner's Trilogy, #1)",True,[20345368],True,"[20443207, 20443235]"
16069783,"Earth Star (Earth Girl, #2)",True,[12962345],True,[16152916]
16070143,"Teardrop (Teardrop, #1)",True,[18078033],True,[19401029]
16070429,"Finding ELE (ELE, #2)",True,[14059265],True,"[16231403, 17342303, 18489227]"
16071092,"Bitten (A Novel of Faerie, #1)",False,[],False,[]
16071187,"The Cage (The Cage, #1)",True,[31146324],True,"[26198812, 18298581]"
16071620,Six Earlier Days (Every Day #0.5),False,[],True,"[13262783, 18459855]"
16071885,"Zenn Scarlett (Zenn Scarlett, #1)",False,[],True,[18209547]
16071908,"Curse of the Ice Dragon (Keepers of the Stones, #1)",False,[],False,[]
16072107,The First Lie (The Lying Game #0.5),False,[],True,"[8428069, 9266793, 9266794, 15716154, 16065672, 15817952]"
16073993,"Kiss Me (The Keatyn Chronicles, #2)",True,[13557124],True,"[16173484, 16401102, 16401232, 22057437]"
16074322,"Abandon (Possession, #3)",True,"[8337087, 11700071, 13141299, 13573678]",False,[]
16074409,"Battle of the Ampere (Michael Vey, #3)",True,[12988089],True,"[20759481, 27158739, 33921998]"
16074758,Dangerous Girls,False,[],False,[]
16075240,Clone Three (The Clone Chronicles #1),True,[369293],True,[17427430]
16075522,"Reaction (Reflection, #2)",True,[13504524],False,[]
16075615,"Sky on Fire (Monument 14, #2)",True,"[12753231, 17933739]",True,[18215086]
16075914,Maybe Tonight?,False,[],False,[]
16075923,"The Fury (The Fury, #1)",True,[11514838],True,"[11685192, 17334566]"
16075962,"The Queen's Army (The Lunar Chronicles, #1.5)",True,"[11235712, 13254289, 19208103]",True,"[13206760, 13206828, 20813789, 22489107, 13206900, 25689074]"
16076614,"Blood Curse (Pulse, #8)",True,"[8592303, 9509236, 13044990, 13181735, 14760527, 22403051]",False,[]
16077558,"Reckoning (Dark Prophecy, #1)",False,[],False,[]
16078938,"A Heart For The Ocean (Serenity, #1)",False,[],False,[]
16079490,Georgetown Academy: Book Two,False,[],False,[]
16079538,"Please Don't Go (Please Don't Tell, #2)",True,[13459460],False,[]
16080599,"Eden-South (Eden, #3)",True,"[9635325, 17379615]",True,[17379619]
16081754,"Find You in the Dark (Find You in the Dark, #1)",False,[],True,[17155039]
16081764,"Chasing Before (The Memory Chronicles, #2)",True,[10861195],False,[]
16083398,"One Crow Alone (After the Snow, #0.5)",False,[],True,[11801954]
16085457,"Shadow Scale (Seraphina, #2)",True,"[15715106, 19549841]",False,[]
16085496,"Toxic Heart (Mystic City, #2)",True,[13411245],False,[]
16086362,"The Park Service (Park Service Trilogy, #1)",False,[],True,"[17382398, 17792271]"
16086828,"After the Ball (Beau Rivage, #1.5)",True,[12680998],True,[22318573]
16088107,"Phoebe Pope and the Year of Four (Phoebe Pope Novel, #1)",False,[],False,[]
16088656,Desert Flower (Desert #2),True,[13636317],False,[]
16089223,"Raven (Delirium, #2.5)",True,"[9593911, 11614718, 12663646]",True,[9593913]
16089245,"Undone (Unraveling, #1.5)",True,[12157365],True,[16114840]
16089573,"The Second Sign (The Second Sign, #1)",False,[],True,[18367504]
16089892,His Own Worst Enemy (Haven Coffee House Boys #3),True,[14625476],True,[17255629]
16090319,"Skin (The Ark Trilogy, #1)",False,[],True,"[17191384, 17313491]"
16091287,"The Journey (Ghost Huntress, #6)",True,[10154487],True,[17194005]
16091528,"The New Girl (Webster Grove, #1)",False,[],False,[]
16091537,"Lunatic Revenge (Lunatic Life, #3)",True,[13076388],False,[]
16092898,"Shadowed (Fated, #3)",True,"[11284750, 25151797, 31342605]",False,[]
16094613,"Betrayals in Spring (The Last Year, #3)",True,"[13631837, 15781952]",True,[17249478]
16094854,The Orphanage of Doom (The Grimm Chronicles #4),True,[13610805],True,"[16985069, 17367123]"
16095765,"Fanged Princess (Fanged Princess, #1)",False,[],False,[]
16096202,The 'Naturals: Awakening [Episodes 1-4 -- Season 1],False,[],False,[]
16096873,"Revealed (House of Night, #11)",True,"[6262365, 6917952, 7933615, 7933617, 8652190]",True,[16136599]
16097299,"Strong Blood (Last Moon Rising, #2)",True,[12083877],False,[]
16098340,"The Gatekeeper's Challenge (Gatekeeper's Saga, #2)",True,"[15845605, 18470187, 29455380]",True,"[17570001, 20701398, 22847838]"
16100486,"So Down I Fall (Broken Fins, #1)",True,[17160903],False,[]
16100972,"Openly Straight (Openly Straight, #1)",False,[],True,[27230789]
16101023,"Proxy (Proxy, #1)",False,[],True,[17227209]
16101054,"SYLO (The SYLO Chronicles, #1)",False,[],True,[20821121]
16101072,"Earthbound (Earthbound, #1)",False,[],True,[18602610]
16101126,The Moon and More,False,[],False,[]
16101128,"The 5th Wave (The 5th Wave, #1)",False,[],True,"[16131484, 16131489]"
16101138,"The Well's End (The Well's End, #1)",False,[],True,[22466255]
16101515,"Vortex (Insignia, #2)",True,"[11115434, 17466707]",True,[18054017]
16102490,How to Repair a Mechanical Heart,False,[],False,[]
16103155,"The Beginning: Marked and Betrayed (House of Night, #1-2)",False,[],False,[]
16103816,"Captives (Safe Lands, #1)",False,[],True,"[17679367, 18940732]"
16106519,"Wolf Pact, Part II (Wolf Pact, #2)",True,[13519484],True,[16147798]
16106649,"Why the Star Stands Still (Gives Light, #4)",True,"[15810499, 15852498, 16037018]",False,[]
16107050,Tied (Fire Born #1),False,[],True,[16107148]
16107148,Torn (Fire Born #2),True,[16107050],False,[]
16108463,"An Unlikely Pair (My Once and Future Love, #1)",False,[],True,[13589611]
16109165,"Planning on Forever (The Forever Series, #1)",True,[10893510],True,[24037735]
16109369,"Cowboy Dark (Summer Romance Collection, #1)",False,[],True,"[16109372, 16109373]"
16109372,"Angel Beach (Summer Romance Collection, #2)",True,[16109369],True,[16109373]
16109373,"Home is Where the Heart Break Is (Summer Romance Collection, #3)",True,"[16109369, 16109372]",False,[]
16109664,"Once We Were (The Hybrid Chronicles, #2)",True,[11043618],False,[]
16110793,"Alacrity (Illumine, #4)",True,"[13503087, 17184240]",False,[]
16110931,"Silent Saturday (Forbidden Spaces, #1)",False,[],True,"[18129633, 23198014]"
16111888,"Diamonds Are Forever (Hidden Gem, #5)",True,"[12914207, 13341379, 15747459]",False,[]
16112304,"Three's A Crowd (Girl Heart Boy, #3)",True,[12349907],True,[17279666]
16112704,"Epilogue (Escape from Furnace, #5.5)",True,"[6633007, 9759297, 9975400, 12310826]",False,[]
16113606,Of Beast and Beauty,False,[],False,[]
16114840,"Unbreakable (Unraveling, #2)",True,"[12157365, 16089245]",False,[]
16115183,"Sovereign (Antius Ascending Series, #1)",False,[],False,[]
16116760,"Silence (Silence, #1)",False,[],True,[16117182]
16117182,"Broken Silence (Silence, #2)",True,[16116760],False,[]
16117239,"The Forgotten (The Lux Guardians, #1)",False,[],False,[]
16117446,"Seize the Parallel (Parallelogram, #3)",True,"[10401039, 13385431]",True,[18589903]
16117921,"Firebug (Firebug, #1)",False,[],True,[23310689]
16118166,"The Outside (The Hallowed Ones, #2)",True,[13018514],False,[]
16118264,The Goddess Queen (Goddess Test #2.5A),False,[],False,[]
16118267,The Lovestruck Goddess (Goddess Test #2.5B),False,[],False,[]
16118268,Goddess of the Underworld (Goddess Test #2.5C),False,[],False,[]
16118271,God of Thieves (Goddess Test #2.5D),False,[],False,[]
16118272,God of Darkness (Goddess Test #2.5E),False,[],False,[]
16118288,"Origins: The Fire (MILA 2.0, #0.5)",False,[],True,"[10222362, 10222365, 10222388]"
16119191,"No Way Back (Mia's Way, #1)",False,[],False,[]
16119664,Life in Outer Space,False,[],False,[]
16119691,"Impossible (With Me, #1)",False,[],True,"[18171236, 17792641]"
16119755,"If You Die Before I Wake (Saving Sabrina, #1)",False,[],False,[]
16120205,The Drowning (The Drowning #1),False,[],True,[20653947]
16122086,Descendant (Descendant #1),False,[],True,[21971874]
16122329,"Infraction (The Burn, #2)",True,[12830940],True,[19116893]
16122992,"Bridge (Shade, #2.5)",True,"[6648020, 8542996]",True,"[10552965, 15763985]"
16123143,"Harbinger (The Bleeding Worlds, #1)",False,[],True,[17253787]
16123804,"The Fire Wish (The Jinni Wars, #1)",False,[],False,[]
16124077,Sea (Stranded #2),True,[13614942],True,[17928881]
16124145,"Anomaly (Anomaly, #1)",False,[],True,"[18126905, 18806299]"
16124294,"Fade To Silver (The In Between, #2)",True,[15869701],False,[]
16124528,Bound,False,[],False,[]
16124865,Falling for the Ghost of You,False,[],False,[]
16126015,"A Stranger Thing (Ever-Expanding Universe, #2)",False,[],True,"[22460322, 17334473]"
16126082,"Brilliant Devices (Magnificent Devices, #4)",False,[],True,"[17458339, 17610619, 17611146]"
16127403,"Barbie Girl (Baby Doll, #1)",False,[],True,[16152637]
16128149,"The Deception Dance (The Deception Dance, #1)",False,[],False,[]
16128624,"As You Were (Project Five Fifteen, #2)",True,[13648461],False,[]
16129217,"Mermaid in Chelsea Creek (Chelsea, #1)",False,[],False,[]
16129271,"Til Death (Fractured Souls, #1)",False,[],False,[]
16129272,"Blurred (Kissed by Death, #2)",True,[13055677],True,[18630504]
16130925,"Eden at the Edge of Midnight (The Vara Volumes, #1)",False,[],False,[]
16131484,"The Infinite Sea (The 5th Wave, #2)",True,[16101128],True,[16131489]
16131489,"The Last Star (The 5th Wave, #3)",True,"[16101128, 16131484]",False,[]
16132957,Silenced,False,[],False,[]
16133112,"Fields of Elysium (Fields of Elysium, #1)",False,[],True,[17988263]
16133799,"Prophecy Girl (Lacuna Valley, #1)",False,[],False,[]
16133804,"Shadow Bound (Wraith, #2)",True,[13459147],False,[]
16135109,"Impostor (Variants, #1)",False,[],True,[18045583]
16135254,"Grounded (The Grounded Trilogy, #1)",False,[],False,[]
16135671,"Rise of the Retics (Rosehaven: The Hidden City, #1)",False,[],False,[]
16135926,"Moon-Swell (The Lone March Series, #4)",True,"[13059836, 14741130]",True,[17881314]
16136105,"The Witch is Back (Life's a Witch, #3)",True,"[13180484, 13589580]",False,[]
16136176,"Freak of Nature (IFICS, #1)",False,[],True,[18744421]
16136424,"Pretend (Pretend, #1)",False,[],False,[]
16136599,"Redeemed (House of Night, #12)",True,"[6262365, 6917952, 7933615, 7933617, 8652190, 16096873]",False,[]
16136628,"Kalona's Fall (House of Night Novellas, #4)",True,"[11551045, 12059592]",False,[]
16137007,"Adventures of a Graveyard Girl (Funeral Crashing, #2)",True,[11776598],True,"[18110531, 25432577]"
16137612,"Ghost Hand (The PSS Chronicles, #1)",False,[],True,"[17335881, 26000004]"
16137678,Languish (Haunting Violet #1.5),False,[],False,[]
16139620,"Grade A Stupid (The Darcy Walker Series, #1)",False,[],True,[22059376]
16140838,"Biggest Flirts (Superlatives, #1)",False,[],True,"[16140841, 16140843]"
16140841,"Perfect Couple (Superlatives, #2)",True,[16140838],True,[16140843]
16140843,"Most Likely to Succeed (Superlatives, #3)",True,"[16140838, 16140841]",False,[]
16140922,"Altered (Crewel World, #2)",True,[11556960],True,[18295817]
16143347,We Were Liars,False,[],False,[]
16143684,"Summer Night (The Witchling, #1.5)",True,[17454136],True,"[16152969, 18007880]"
16144570,No Place to Fall,False,[],False,[]
16145072,"End of the Innocence (Tales from Foster High, #4)",True,"[12798818, 13083650, 14225289, 16056005]",True,[25544331]
16145727,"Kitty Hawk and the Curse of the Yukon Gold (Kitty Hawk Flying Detective Agency, #1)",False,[],True,"[18516023, 17861210]"
16145729,"Tooth & Nail (Rot & Ruin, #3.5)",True,"[7157310, 9917998, 13147460, 13647095]",True,"[13424356, 24885532]"
16146956,"Timespell (Timespell, #1)",False,[],False,[]
16147006,"Destined (Desolation, #3)",True,[15787077],False,[]
16147798,"Wolf Pact, Part III (Wolf Pact, #3)",True,"[13519484, 16106519]",False,[]
16148033,"The Undesirable (Undesirable, #1)",False,[],False,[]
16148332,"Thirty Seconds to Die (Thirty Seconds to Die, #1)",False,[],False,[]
16148391,"Glimmer (Delaney's Gift, #0.5)",False,[],True,[15775101]
16148435,"The Burning World  (Warm Bodies, #2)",False,[],False,[]
16148583,"Second Chance (First Comes Love, #2)",True,[12180204],True,[17883553]
16148645,"The King's Guard (Fire and Thorns, #0.7)",True,[14739821],True,"[10429092, 10816908, 11431896]"
16148727,"Of Noble Chains (Ventori Fables, #1)",False,[],False,[]
16149577,"The Royal Ranger (Ranger's Apprentice, #12)",True,[11309018],False,[]
16149628,Apocalypse: An Anthology by Authors and Readers,False,[],False,[]
16150830,"Never Fade (The Darkest Minds, #2)",True,"[10576365, 18052136, 28064676]",True,"[23016659, 16150831, 25453426]"
16150831,"In The Afterlight (The Darkest Minds, #3)",True,"[10576365, 16150830, 18052136, 23016659, 28064676]",True,[25453426]
16151178,The Sea of Tranquility,False,[],False,[]
16152637,"Barbie World (Baby Doll, #2)",True,[16127403],False,[]
16152916,"Earth Flight (Earth Girl, #3)",True,"[12962345, 16069783]",False,[]
16152965,"Revival (The Variant Series, #1)",True,[10433900],True,"[12942010, 28881271]"
16152969,"Autumn Storm (The Witchling, #2)",True,"[16143684, 17454136]",True,[18007880]
16153090,Breathe,False,[],False,[]
16153860,"Chevalier (Ondine Quartet, #2.2)",True,[20318149],True,[16153866]
16153866,"Warrior Prince (Ondine Quartet, #2.5)",True,"[16153860, 20318149]",False,[]
16154919,"Ambition (The Perception Trilogy, #0.5)",False,[],True,"[15812886, 17231974, 18369644]"
16155061,Heaven Sent (Falling Angels Saga #3),True,[12680203],True,[20822775]
16156275,"Reckless (Wrecked, #2)",True,[13353954],False,[]
16158686,"Rex Equilibrium (Elei's Chronicles, #3)",True,[12372058],False,[]
16158868,Crushed,False,[],False,[]
16158941,"Heart of an Assassin (Circle of Spies, #2)",True,[13372106],True,[18596588]
16160209,Opal,False,[],False,[]
16160701,"Fire Country (The Country Saga, #1)",False,[],True,[17250818]
16161331,"Tear (Seaside, #1)",False,[],False,[]
16161543,"Fearscape (Horrorscape, #1)",False,[],True,[20811091]
16161787,"Finding June (June, #1)",False,[],True,[17157643]
16162774,"More Than Jamie Baker (Jamie Baker, #2)",True,[7238737],True,[18590095]
16164977,"Emmalee (The Jane Austen Diaries, #4)",True,"[7271563, 12092005, 13453481]",True,[17405448]
16165786,"Connection (Le Garde, #1)",False,[],False,[]
16166550,"The Fourth Wish (The Art of Wishing, #2)",True,[18693829],False,[]
16168369,"Lover's Christmas (The Ramseys, #15; Ramsey/Tesano, #3.5)",True,[15726653],True,"[6213592, 8704507, 7463026, 8578899]"
16168821,"Harken (Harken, #1)",False,[],False,[]
16170180,"Parallel Visions (Teen Psychic, #1)",False,[],False,[]
16170918,Power Play ( Hero's Sword #1),False,[],False,[]
16173250,"Gilded (Gilded, #1)",False,[],True,"[20648285, 24816175]"
16173327,"Trouble's Brewing (Stirring Up Trouble, #2)",True,[13423229],False,[]
16173484,"Date Me (The Keatyn Chronicles, #3)",True,"[13557124, 16073993]",True,"[16401102, 16401232, 22057437]"
16173593,"Dissidence (Dissidence, #1)",False,[],False,[]
16173784,Jingle all the YA (Sample 14 Bestselling YA Books),False,[],False,[]
16174824,"Mission Improbable (Geekhood, #2)",True,[13043239],False,[]
16175040,"Endless Knight (The Arcana Chronicles, #2)",True,[13450339],True,"[18746546, 24419968, 25946891, 31453592]"
16176186,"Into the Dark, Vol. 1 (Into the Dark, #1)",False,[],True,"[23213803, 18053984, 16567625, 29058352]"
16177036,"Played (Hooked, #2)",False,[],False,[]
16177522,"Casting Shadows (Flynn, #3)",False,[],False,[]
16177751,"Doppelganger (Doppelganger, #1)",False,[],False,[]
16178099,Judgment (Deck of Lies #4),True,"[13327517, 13582428, 15730923]",False,[]
16178275,Unstoppable (The Nature of Grace #3),True,"[13086226, 13181967, 15746031]",False,[]
16178662,"Finding Our Way (Finding Our Way, #1)",False,[],True,"[17290632, 17667333]"
16181187,"Capital (Linx, #4)",True,[16043894],False,[]
16181270,"Prophecy of Solstice's End (Oracle of Delphi, #3)",True,[13598104],False,[]
16181289,"Solar, Defeated (Mythos, #1; Oracle of Delphi, #2.5)",False,[],False,[]
16181322,"As They Slip Away (Across the Universe, #2.5)",True,"[8235178, 10345927]",True,[10345937]
16181879,"The White Aura (White Aura, #1)",False,[],False,[]
16182287,"At First Sight  (Timber Wolves, #3.5)",False,[],False,[]
16182696,Winter's Tide (Sisters in All Seasons #4),True,"[12868718, 15784713]",False,[]
16189945,"A Game Worth Watching (Worth Series, #1)",False,[],False,[]
16194261,"The Wedding Blitz (Foolish Games, #3)",False,[],False,[]
16201636,"Altered (Altered Sequence, #1)",False,[],False,[]
16206228,"The Conjuring Glass (The Phoenix Girls, #1)",False,[],False,[]
16207123,"Outcast (Apocalyptia, #1)",False,[],False,[]
16210411,"Extraction (Extraction, #1)",False,[],True,"[18625184, 23847993]"
16211288,"Submerged (Outbreak, #1)",False,[],False,[]
16211604,"Evanescent (Broken, #2)",True,"[12537426, 25925784]",True,[30090076]
16221851,Tell the Wind and Fire,False,[],False,[]
16225646,"World of Shell and Bone (Glimpsing Stars, #1)",False,[],True,[18377406]
16231403,"Exposing ELE (ELE, #3)",True,"[14059265, 16070429]",True,"[17342303, 18489227]"
16238696,"Contaminated (Contaminated, #1)",False,[],True,[19141099]
16240750,"The Dark Shore (The Atlanteans, #2)",False,[],False,[]
16240988,"Daughter of the Earth and Sky (Daughters of Zeus, #2)",True,[15724908],True,[17189031]
16241634,"Shadow Train (The Tracks, #3)",True,"[11178367, 11976729]",False,[]
16242833,How to Convince a Boy to Kiss You (Aurora Skye #2),True,[16036699],False,[]
16247654,"The Gypsy Thief (Talisman Trilogy, #1)",True,[7940997],True,"[8585694, 10233236]"
16247835,The Afterlife Series Box Set,False,[],False,[]
16247958,Resilient,False,[],False,[]
16247986,"Carnival of Secrets (Untamed City, #1)",False,[],False,[]
16248068,"The Elite (The Selection, #2)",True,"[10507293, 22054340]",True,"[18170039, 22917292, 18635016, 22918050, 26074181]"
16248159,"The Boyfriend App (App, #1)",False,[],True,[22663320]
16248220,"The Taming of the Tights (The Misadventures of Tallulah Casey, #3)",True,"[9002823, 9978196]",False,[]
16248229,Zits: Chillax,False,[],False,[]
16250637,"The Lair (The Farm, #2)",True,[18758066],False,[]
16251490,"Just a Little Series: Parts 1-4 (Just a Little, #1-4)",False,[],False,[]
16279856,"The Eye of Minds (The Mortality Doctrine, #1)",False,[],True,"[17700320, 23257464]"
16280108,"The Saints (Quarantine, #2)",True,[12620969],True,"[18627443, 29058345]"
16281004,"Invisible (Smith High, #2)",True,[11325353],True,"[17318450, 18596463]"
16281720,"OMG! Is This Actually My Life? (Hattie Moore, #1)",False,[],True,[20808365]
16282078,"Mortality (The Hitchhiker Strain, #1)",True,[17210281],True,[17565723]
16285057,The Registry,False,[],False,[]
16290044,"Sketchy (Bea Catcher Chronicles, #1)",False,[],True,[18519239]
16291113,"Starlet's Web (The Starlet, #1)",True,[22018255],True,"[16291209, 17866941]"
16291209,"Starlet's Run (The Starlet, #2)",True,"[16291113, 22018255]",True,[17866941]
16300981,"Breaking Waves (Heart Waves, #2)",True,[13801447],False,[]
16301111,"Always You (Best Friend, #1)",False,[],True,[17854360]
16301336,"Double Crossed: A Spies and Thieves Story (Gallagher Girls, #5.5; Heist Society, #2.5)",True,"[568645, 852470]",True,"[5267365, 6950688, 10560331, 13580951, 18759207]"
16303287,The Bane Chronicles,False,[],False,[]
16368826,"The Clearing (Outside, #2)",True,[10863979],True,[18632674]
16401102,"Love Me (The Keatyn Chronicles, #4)",True,"[13557124, 16073993, 16173484]",True,"[16401232, 22057437]"
16401232,"Hate Me (The Keatyn Chronicles, #5)",True,"[13557124, 16073993, 16173484, 16401102]",True,[22057437]
16421118,"Grishma (Necoh Saga, #1)",False,[],False,[]
16429619,"The Kiss of Deception (The Remnant Chronicles, #1)",False,[],True,"[21569527, 25944798]"
16440866,Dying to Remember (The Station #2),True,[15819010],False,[]
16479479,"The Liberator (Dante Walker, #2)",True,[17699776],True,[18720003]
16488672,"Hush (Lakeview, #1)",False,[],True,[25196481]
16489751,KGI Series 1-4,False,[],False,[]
16567625,"Into the Dark, Vol. 3 (Into the Dark, #3)",True,"[16176186, 18053984, 23213803]",True,[29058352]
16621789,"Haven (Apocalypse Chronicles, #1)",False,[],True,[18841284]
16638040,"The Emerald Ring (Cleopatra's Legacy, #1)",False,[],False,[]
16650652,"The Wicked Within (Gods & Monsters, #3)",True,"[8109130, 8109141]",False,[]
16684781,"Itch Rocks (Itch, #2)",True,[15843377],False,[]
16692604,"Camp Payback (Camp Boyfriend, #2)",True,[17371981],True,"[18369838, 16692605]"
16692605,"Camp Forget-Me-Not (Camp Boyfriend, #3)",True,"[16692604, 17371981, 18369838]",False,[]
16704220,"Illusion (Chronicles of Nick, #5)",True,"[6696602, 8677937, 10542244]",True,"[20868595, 22559712, 22559726]"
16718816,"Control (Control, #1)",False,[],True,[17372146]
16720478,"Terra (Terrestrials, #1)",False,[],False,[]
16740524,"Paper Dolls (Dollhouse, #2)",True,"[16036514, 23622242]",True,"[18004791, 18216608]"
16762211,"Sometimes Never (Sometimes Never, #1)",False,[],False,[]
16941295,Goblin Fruit,False,[],False,[]
16985069,Blood and Thunder (The Grimm Chronicles #5),True,"[13610805, 16094854]",True,[17367123]
17039870,"Bang (Visions, #2)",True,[13146312],True,[18621651]
17063696,The Lord of Opium (Matteo Alacran #2),True,[13376],False,[]
17070769,The Hidden Deep (Threshold #2),False,[],True,"[17679369, 18168293]"
17074885,"Lennon's Jinx (Lennon's Girls, #1)",False,[],False,[]
17078025,The Torturer's Daughter (Internal Defense #1),False,[],False,[]
17103441,"Afextra (Gargoyles vs. Fairies, #1)",False,[],False,[]
17130280,"Indomitable (Intangible, #0.75)",False,[],False,[]
17132898,One Day More,False,[],False,[]
17134589,"The Conspiracy of Us (The Conspiracy of Us, #1)",False,[],True,[24481697]
17149088,"Secret (Elemental, #4)",True,"[10401084, 12977172, 13418864, 13494365, 13503581, 15819003, 17332556]",True,[17149158]
17149158,"Sacrifice (Elemental, #5)",True,"[10401084, 12977172, 13418864, 13494365, 13503581, 15819003, 17149088, 17332556]",False,[]
17152675,"Blood Roses (The Noctivagas Chronicle, #1)",False,[],False,[]
17152808,Georgetown Academy: Book Three,False,[],False,[]
17155039,"Light in the Shadows (Find You in the Dark, #2)",True,[16081754],False,[]
17155389,"Skulk (Skulk, #1)",False,[],False,[]
17155787,Hero (Woodcutter Sisters #2; Books of Arilland #2),True,[12180248],True,[17155793]
17155793,Dearest (Woodcutter Sisters #3; Books of Arilland #4),True,"[12180248, 17155787]",False,[]
17156778,Transcendence,False,[],False,[]
17157643,"Chasing June (June, #2)",True,[16161787],False,[]
17158158,"Here Without You (Between the Lines, #4)",True,"[11262424, 12067972, 12283261, 13248357, 23278280]",False,[]
17160608,"The Secret Diamond Sisters (The Secret Diamond Sisters, #1)",False,[],True,"[20821546, 23168396]"
17160703,"The Order of the Poison Oak (Russel Middlebrook, #2)",True,[94072],True,"[17365069, 17208612]"
17160903,"Broken Fins (Broken Fins, #0.5)",False,[],True,[16100486]
17161874,"A French Girl in New York (The French Girl, #1)",False,[],True,"[21466802, 22615594]"
17162080,"Two Lies and a Spy (Two Lies and a Spy, #1)",False,[],False,[]
17162371,"Otherborn (Otherborn, #1)",False,[],False,[]
17162435,"Monsters (Ashes Trilogy, #3)",True,"[9975679, 11320138, 18052849, 18952667]",False,[]
17163744,"Cora: The Unwilling Queen (Cora, #1)",False,[],False,[]
17164123,"The Twelfth Keeper (Twelfth Keeper, #1)",False,[],False,[]
17164526,"The Legend of Ellie Quin (Ellie Quin, #1)",False,[],True,"[17164537, 17164540, 20743588]"
17164537,"The World According to Ellie Quin (Ellie Quin, #2)",True,[17164526],True,"[17164540, 20743588]"
17164540,"Beneath the Neon Sky (Ellie Quin, #3)",True,"[17164526, 17164537]",True,[20743588]
17164933,"In 27 Days (In 27 Days, #1)",False,[],False,[]
17165898,"Heaven Is Paved with Oreos (Dairy Queen, #4)",True,"[16178, 649514, 6318426]",False,[]
17165901,Pull Down the Night,False,[],False,[]
17165932,"Independent Study (The Testing, #2)",True,"[13326831, 17867096]",True,[18222699]
17165986,"Dead Is Just a Dream (Dead Is, #8)",True,"[2273246, 3392285, 5562484, 7430195, 12513514]",False,[]
17165987,"Entangled (Entangled, #1)",False,[],False,[]
17166165,"The Fallout (The Compound, #2)",False,[],False,[]
17166969,"Reaper's Legacy (Toxic City, #2)",True,[15741256],True,[17345282]
17179331,"Origins (The Infusion Series, #1)",False,[],False,[]
17182499,"Illusive (Illusive, #1)",False,[],True,[22851315]
17183843,"The Forsaken (The Darkness Trilogy, #2)",True,[22555473],False,[]
17184240,"Ethereal (Illumine, #3.5)",True,[13503087],True,[16110793]
17185496,The Sacred Lies of Minnow Bly,False,[],False,[]
17185533,"The Bone Trail (Wyrmeweald, #3)",True,[7796794],False,[]
17185716,"All I Want for Christmas (The Demon Trappers, #0.4)",False,[],True,"[9872927, 8534899, 10308452, 13487029]"
17185951,"Diary of a Teenage Superhero (Teen Superheroes, #1)",False,[],False,[]
17185965,Aristotle and Dante Discover the Secrets of the Universe (Aristotle and Dante Discover the Secrets of the Universe #1),False,[],False,[]
17186609,Not Your Average Happy Ending,False,[],False,[]
17187773,Investigating the Hottie,False,[],False,[]
17189031,"The Iron Queen (Daughters of Zeus, #3)",True,"[15724908, 16240988]",False,[]
17189509,"Gravity Happens (Forcing Gravity, #2)",True,[17261349],False,[]
17189743,"Burn Like Fire (The Briar Creek Vampires, #6)",True,"[12925928, 13436177, 13625926]",False,[]
17189815,"Fire and Ashes (Supervillain of the Day, #1.2)",False,[],True,"[17189819, 17189824, 17189834, 17189845]"
17189819,"Inspector Floyd (Supervillain of the Day, #1.3)",True,[17189815],True,"[17189824, 17189834, 17189845]"
17189824,"Supervillain Hunters, International (Supervillain of the Day, #1.4)",True,"[17189815, 17189819]",True,"[17189834, 17189845]"
17189834,"Dreams and Shadows (Supervillain of the Day, #1.5)",True,"[17189815, 17189819, 17189824]",True,[17189845]
17189845,"Supervillains of London (Supervillain of the Day, #1.6)",True,"[17189815, 17189819, 17189824, 17189834]",False,[]
17191012,"Fallen Crest Family (Fallen Crest High, #2)",True,"[21936321, 22469648]",True,[18110808]
17191384,"Blood (The Ark Trilogy, #2)",True,[16090319],True,[17313491]
17194005,"The Tidings (Ghost Huntress, #7)",True,"[10154487, 16091287]",False,[]
17195827,"The Book of Love (The Secret Sisterhood of Heartbreakers, #2)",True,[9266804],False,[]
17196481,Unfed (Undead #2),True,[10815267],False,[]
17200878,"The Shield Prophecy (The Sacred Guardians, #3)",False,[],False,[]
17202917,"The Eslites (The Eslite Chronicles, #0.5)",False,[],True,[18242889]
17203275,"Katya's War (Russalka Chronicles, #2)",True,[13533670],False,[]
17203830,"Love, Tink (Love, Tink #1)",False,[],True,"[17338546, 17696607]"
17204041,"Almost Night (Tales of Morcah, #1)",False,[],False,[]
17204516,"Winterbay (Conquered Earth, #0.5)",False,[],True,"[13494718, 17286745]"
17205213,"Dream Weaver (Dream Weaver, #1)",False,[],False,[]
17205660,"It Started with a Whisper (Sons of Witches, #1)",False,[],False,[]
17206278,"System Purge (Digital Evolution, #1)",False,[],False,[]
17207108,"Waiting for You (Waiting for You, #1)",False,[],False,[]
17208557,"Just a Little Embrace (Just a Little, #2)",True,[16004412],True,"[17208562, 17208565, 17402091, 17852849, 17969565, 18273449, 18600469]"
17208562,"Just a Little Sincerity (Just a Little, #3)",True,"[16004412, 17208557]",True,"[17208565, 17402091, 17852849, 17969565, 18273449, 18600469]"
17208565,"Just a Little Promise (Just a Little, #4)",True,"[16004412, 17208557, 17208562]",True,"[17402091, 17852849, 17969565, 18273449, 18600469]"
17208612,"The Elephant of Surprise (Russel Middlebrook, #4)",True,"[94072, 17160703, 17365069]",False,[]
17208619,"Third Lie's the Charm (The Liar Society, #3)",True,"[9182417, 11524267]",False,[]
17210281,"End Dayz (The Hitchhiker Strain, #0.5)",False,[],True,"[16282078, 17565723]"
17210391,"Fire (Elements of Power, #1)",False,[],False,[]
17214432,"Sunblind (The Darkborn Legacy, #2)",False,[],False,[]
17214460,"Cross My Heart (The Red Sector Chronicles, #3)",True,"[18072608, 18072618]",False,[]
17225463,"Nil (Nil, #1)",False,[],False,[]
17225892,"Weavers (The Frost Chronicles, #3)",True,"[8069816, 9639859, 13555538, 15700479, 18040360]",True,"[11489012, 18748877, 18469570, 11311068, 13270871, 15801791]"
17226255,"The Plantation (The Plantation, #1)",False,[],True,"[17302931, 17840443]"
17227209,"Guardian (Proxy, #2)",True,[16101023],False,[]
17227279,"The Newstead Project (Newstead Trilogy, #1)",False,[],False,[]
17227470,"Evade (Ever, #2)",True,[13625388],False,[]
17228280,Better off Friends,False,[],False,[]
17230200,"Steadfast (Spellcaster, #2)",True,[17742818],True,[17234664]
17231742,"Soul Screamers Volume Three (Soul Screamers #5, 5.5, 6)",False,[],False,[]
17231974,"Volition (The Perception Trilogy, #2)",True,"[15812886, 16154919]",True,[18369644]
17232236,"Aerenden: The Gildonae Alliance  (Ærenden, #2)",True,[13498421],False,[]
17232241,Forsaken (Reflections #7),True,"[13511275, 17333916]",True,"[22370534, 23596037]"
17232542,"Broken Fairytales (Broken Fairytales, #1)",False,[],True,[15755441]
17232913,"Shadow of the Wolf (Sherwood's Doom, #1)",False,[],False,[]
17233701,The New Hunger,False,[],False,[]
17233800,"Crash into You (Pushing the Limits, #3)",True,"[10194514, 13561164, 16069024, 21859363]",True,"[18808865, 18333898, 25263399]"
17234033,"The Night Has Claws (The Magdeburg Trilogy, #2)",True,[15780926],True,[18583939]
17234238,Clueless (Keeping Secrets #2),True,[15768919],False,[]
17234658,"A Thousand Pieces of You (Firebird, #1)",False,[],True,"[25138743, 17234659, 28960100]"
17234659,"Ten Thousand Skies Above You (Firebird, #2)",True,"[17234658, 25138743]",True,[28960100]
17234664,"Sorceress (Spellcaster, #3)",True,"[17230200, 17742818]",False,[]
17235347,"Life Before Legend: Stories of the Criminal and the Prodigy (Legend, #0.5)",False,[],True,"[13414446, 14290364]"
17235448,The Wrong Side of Right,False,[],False,[]
17236366,"Sea of Shadows (Age of Legends, #1)",False,[],False,[]
17237214,Two Boys Kissing,False,[],False,[]
17237351,The Witch's Betrayal (The Assassin's Curse #0.5),False,[],True,[15714476]
17238956,Snark and Circumstance (Snark and Circumstance #1),False,[],True,"[17970101, 18459648]"
17246146,"Lives of Magic (Seven Wanderers Trilogy, #1)",False,[],False,[]
17249478,"Summer Ruins (The Last Year, #4)",True,"[13631837, 15781952, 16094613]",False,[]
17250126,"Soul Catcher (The Soulkeepers, #4)",False,[],True,[20748874]
17250818,"Ice Country (The Country Saga, #2)",True,[16160701],False,[]
17251203,"One (One Universe, #1)",False,[],True,[18073957]
17251738,"Audrey's Guide to Black Magic (Audrey's Guides, #2)",True,[15731796],False,[]
17252101,"Smitten (Crush, #2)",False,[],False,[]
17252615,"The Game (The Game is Life, #1)",False,[],False,[]
17253787,"Suture (The Bleeding Worlds, #2)",True,[16123143],False,[]
17253972,"18 Things (My So Called Afterlife, #1)",False,[],True,"[20490484, 23588492]"
17254986,"Career Day (Jasper Dent, #0.5)",True,[20736260],True,"[18719133, 23122971, 15790832, 15790833, 20454051]"
17255629,"No Tea No Shade (Haven Coffee House Boys, #4)",True,"[14625476, 16089892]",False,[]
17255996,"Tin Star (Tin Star, #1)",False,[],True,[21469053]
17256015,"Surviving Elite High (Surviving Elite High, #1)",False,[],True,"[17404961, 17404967]"
17257322,"Fall For Me (The Tate Chronicles, #1)",False,[],True,[17561397]
17257584,"Invisible (Invisible, #1)",False,[],False,[]
17258025,"Waiting for the Storm (Angel Island, #1)",False,[],True,[19011170]
17259690,"The Foxhole Court (All for the Game, #1)",False,[],True,"[18187013, 23594461]"
17260471,"A McCree Christmas (Chasing McCree, #1.2)",True,[13602913],False,[]
17261125,"The Declaration (The Declaration, #1)",False,[],True,"[3039305, 7320458]"
17261147,"In the Age of Love and Chocolate (Birthright, #3)",True,"[9858517, 13163011, 15726997]",False,[]
17261185,"Friends and Traitors (Slayers, #2)",True,[10579099],False,[]
17261349,"Forcing Gravity (Forcing Gravity, #1)",False,[],True,[17189509]
17261811,"Strikeforce (Skyship Academy, #3)",True,"[7670714, 12926636]",False,[]
17262306,"Living with Jackie Chan (Jumping Off Swings, #2)",True,[6378239],False,[]
17262735,"Relic (Books of Eva, #1)",False,[],True,[21466631]
17262751,"Dancer, Daughter, Traitor, Spy (Dukovskaya #1)",False,[],False,[]
17263239,"Once Beauty Twice Beast (The Grimm Diaries Prequels, #7)",True,"[15700312, 15742925, 15831760]",True,"[17762110, 18487902, 18487922]"
17264027,"Fire & Shadows (Ashes and Ice, #2)",True,[15864513],False,[]
17264131,"Neverwas  (Amber House, #2)",False,[],False,[]
17267100,"Chokepoint (The Mission League, #1.5)",False,[],True,[18040375]
17267229,"Bloodwitch (The Maeve’ra, #1)",False,[],True,[17267230]
17267230,"Bloodkin (The Maeve’ra, #2)",True,[17267229],False,[]
17278295,"Cages (Cages, #1)",False,[],False,[]
17278818,"Avenging Amethyst (Immortal Eyes, #1)",False,[],False,[]
17278933,"Find Me Where the Water Ends (So Close to You, #3)",True,"[12924333, 15810298]",False,[]
17279666,"Lessons in Love (Girl Heart Boy, #4)",True,"[12349907, 16112304]",False,[]
17279913,"Her Dark Destiny (Hunters of the Dark, #1)",False,[],False,[]
17280122,"Burn Bright (Dark Star, #2)",True,[13455513],False,[]
17280573,"Moonlit (Moonlit, #1)",False,[],True,[25980347]
17281362,"Where Silence Gathers (The Other Plane, #2)",True,[15710557],False,[]
17282616,"The Truth About Letting Go (The Truth, #2)",True,[15990074],False,[]
17283696,"Tribulation (Rapture Trilogy, #2)",True,[12754689],True,[12992412]
17285320,"Sapphire Sun (The Lost Magic, #3)",True,"[9856144, 12963406]",False,[]
17285330,The Last Time We Say Goodbye,False,[],False,[]
17285841,"The Release (Virulent, #1)",False,[],True,[20351498]
17286729,"The Trap (The Hunt, #3)",True,"[10913887, 14740456]",False,[]
17286745,"The Severed Tower (Conquered Earth, #2)",True,"[13494718, 17204516]",False,[]
17286884,"Eve & Adam (Eve & Adam, #1)",True,[18339146],False,[]
17286911,"The Social Code (The Start-Up, #1)",False,[],True,[13273146]
17290266,The Infinite Moment of Us,False,[],False,[]
17290632,"Tormented Discovery (Finding Our Way, #2)",True,[16178662],True,[17667333]
17290682,"The Princess in the Opal Mask (The Opal Mask, #1)",False,[],False,[]
17293205,"The Fallen Stars (The Star Child, #2)",True,[13139452],True,[23565752]
17296692,"Twinmaker (Twinmaker, #1)",False,[],True,[18777799]
17297487,All the Truth That's in Me,False,[],False,[]
17297488,Man Made Boy (Man Made Boy #1),False,[],True,[23281902]
17301760,"Sky Blue  (Ruby Blue, #3)",True,[13453831],False,[]
17302571,If You Could Be Mine,False,[],False,[]
17302931,The Dark Legion (The Plantation #2),True,[17226255],True,[17840443]
17303139,"Of Metal and Wishes (Of Metal and Wishes, #1)",True,[23339995],True,[17558151]
17304052,"Coralina (The Nine Princesses Novellas, #2)",True,[15766187],False,[]
17305421,"My Date From Hell (The Blooming Goddess Trilogy, #2)",True,[15749326],True,"[19165181, 18273368]"
17306347,"Pitch Green (Dimensions in Death, #1)",False,[],False,[]
17310548,"Saved at Sunrise (Shadow Falls, #4.5)",True,[13416236],False,[]
17311222,"Crossfire (Darkride Chronicles, #2)",True,[13060099],False,[]
17311710,"Fusion (Portal Chronicles, #5)",True,"[7794569, 8586874, 8614631, 9528679, 13564744]",False,[]
17311828,"Interred (Chronicles of the Interred, #1)",False,[],False,[]
17312145,Tortall: A Spy's Guide,False,[],False,[]
17312156,"Tempests and Slaughter (The Numair Chronicles, #1)",False,[],True,[22535190]
17312777,"Sunset Rising (Sunset Rising, #1)",False,[],True,"[20427668, 23463467]"
17313481,"The Butterfly Migration (The Butterfly Chronicles, #3)",True,"[10381803, 11069761, 12607835, 15713051]",False,[]
17313491,"Bones (The Ark Trilogy, #3)",True,"[16090319, 17191384]",False,[]
17313797,"Dragoon (War of the Princes, #2)",True,[11758870],True,[28227567]
17315134,"Paper Aeroplanes (Paper Aeroplanes, #1)",False,[],True,[18774843]
17315389,The Savages,False,[],False,[]
17315770,"Humanity's Last Chance (The Eden Project, #1)",False,[],False,[]
17315864,"Ixeos (Ixeos Trilogy, #1)",False,[],True,[18056090]
17316770,"Invaded (Alienated, #2)",True,"[13574417, 22614886]",True,[26180279]
17318450,"Notable (Smith High, #3)",True,"[11325353, 16281004]",True,[18596463]
17319882,Purity (Cursed #3),False,[],False,[]
17331289,"Deception (Defiance, #2)",True,[11410430],True,[19099494]
17331322,"Eat, Brains, Love",False,[],False,[]
17331454,Going Dark (Blackout #0.5),False,[],True,[20452217]
17331483,"No Place Like Oz (Dorothy Must Die, #0.1)",False,[],True,"[20827345, 23507358, 23507377, 25742250, 18053060, 18602341, 18602406, 30653720]"
17331518,"Fracture Me (Shatter Me, #2.5)",True,"[10429045, 13104080, 13623150]",True,"[18481271, 13188676, 34992929]"
17331819,"Reawakened (Reawakened, #1)",True,[27833501],True,"[27774409, 29639774]"
17331828,"Talon (Talon, #1)",False,[],True,"[23168406, 17342750, 28821387, 17342753]"
17332261,"Revelations (The Elysium Chronicles, #2)",True,[11468074],False,[]
17332508,"Don't Look Now (PERSEF0NE, #2)",True,[13455542],False,[]
17332556,"The Burning Sky (The Elemental Trilogy, #1)",True,"[10401084, 13418864]",True,"[13503581, 12977172, 15819003, 13494365, 17149088, 17149158]"
17332564,How to Love,False,[],False,[]
17332590,"Descendant (Starling, #2)",True,[9248345],True,[18657327]
17332968,Reality Boy,False,[],False,[]
17332969,"The 100 (The 100, #1)",False,[],True,"[20454076, 23264825]"
17332977,"Jessica Darling's It List: The (Totally Not) Guaranteed Guide to Popularity, Prettiness & Perfection",False,[],False,[]
17333276,"The Private School Murders (Confessions, #2)",True,"[13515025, 13521399, 15742858]",True,[18719296]
17333685,Zom-B Baby,False,[],False,[]
17333916,Intrusion (Reflections #4),True,[13511275],True,"[17232241, 22370534, 23596037]"
17333927,"No Intention of Dying (The Internment Chronicles, #1.5)",True,[22053410],True,"[17558080, 17571270]"
17334061,"The Last Stand of the New York Institute (The Bane Chronicles, #9)",True,"[17334062, 17334063, 17334064, 17334066, 17334068, 17334074, 17334077, 17334079]",True,"[17334065, 23567293]"
17334062,"The Fall of the Hotel Dumort (The Bane Chronicles, #7)",True,"[17334063, 17334064, 17334068, 17334074, 17334077, 17334079]",True,"[17334066, 17334061, 17334065, 23567293]"
17334063,"Saving Raphael Santiago (The Bane Chronicles, #6)",True,"[17334064, 17334068, 17334074, 17334077, 17334079]",True,"[17334062, 17334066, 17334061, 17334065, 23567293]"
17334064,"The Rise of the Hotel Dumort (The Bane Chronicles, #5)",True,"[17334068, 17334074, 17334077, 17334079]",True,"[17334063, 17334062, 17334066, 17334061, 17334065, 23567293]"
17334065,"The Course of True Love [and First Dates] (The Bane Chronicles, #10)",True,"[17334061, 17334062, 17334063, 17334064, 17334066, 17334068, 17334074, 17334077, 17334079]",True,[23567293]
17334066,"What to Buy the Shadowhunter Who Has Everything (The Bane Chronicles, #8)",True,"[17334062, 17334063, 17334064, 17334068, 17334074, 17334077, 17334079]",True,"[17334061, 17334065, 23567293]"
17334068,"The Runaway Queen (The Bane Chronicles, #2)",True,[17334079],True,"[17334077, 17334074, 17334064, 17334063, 17334062, 17334066, 17334061, 17334065, 23567293]"
17334074,"The Midnight Heir (The Bane Chronicles, #4)",True,"[17334068, 17334077, 17334079]",True,"[17334064, 17334063, 17334062, 17334066, 17334061, 17334065, 23567293]"
17334077,"Vampires, Scones, and Edmund Herondale (The Bane Chronicles, #3)",True,"[17334068, 17334079]",True,"[17334074, 17334064, 17334063, 17334062, 17334066, 17334061, 17334065, 23567293]"
17334079,"What Really Happened in Peru (The Bane Chronicles, #1)",False,[],True,"[17334068, 17334077, 17334074, 17334064, 17334063, 17334062, 17334066, 17334061, 17334065, 23567293]"
17334309,Project Cain,False,[],False,[]
17334473,Mothership,True,"[16126015, 22460322]",False,[]
17334538,"Dissonance (Dissonance, #1)",False,[],True,"[22604923, 23262675]"
17334566,"Eternity (Fury, #3)",True,"[11514838, 11685192, 16075923]",False,[]
17334580,"Conflicted (Keegan's Chronicles, #2)",False,[],True,[17334584]
17334584,"Consumed (Keegan's Chronicles, #3)",True,[17334580],False,[]
17335604,"Nessa (Breeders, #1.1)",True,[15791488],True,[18966359]
17335881,"Ghost Hold (The PSS Chronicles, #2)",True,[16137612],True,[26000004]
17336334,"Love Notes (Love Notes, #1)",False,[],True,[17840836]
17337701,Betting on Fate,False,[],False,[]
17338285,New Hope City,False,[],False,[]
17338329,"Beware of Bad Boy (Beware of Bad Boy, #1)",False,[],True,[18431858]
17338546,"New York, New York (Love, Tink #2)",True,[17203830],True,[17696607]
17340050,"Losing Hope (Hopeless, #2)",True,[15717943],True,[18593175]
17341492,"Light Bound (The Light Tamer, #3)",True,[18625316],False,[]
17341550,"Trust Me, I'm Lying (Trust Me, #1)",False,[],True,[23453083]
17341729,"Dystopia (Dystopia, #1)",False,[],True,"[22587941, 17835822, 17835828]"
17342303,"Surviving ELE (ELE, #4)",True,"[14059265, 16070429, 16231403]",True,[18489227]
17342414,"The Sowing (The Torch Keeper, #2)",True,[17368117],False,[]
17342700,"Gathering Darkness (Falling Kingdoms, #3)",True,"[12954620, 16000044, 31434056]",True,[23367261]
17342750,"Soldier (Talon, #3)",True,"[17331828, 23168406]",True,"[28821387, 17342753]"
17342753,"Inferno (Talon, #5)",True,"[17331828, 17342750, 23168406, 28821387]",False,[]
17342900,"Hope (Harvester of Light, #2)",False,[],True,[18098004]
17343420,"Psi Another Day (Psi Fighter Academy, #1)",False,[],True,[30654151]
17343426,"Evanescent (The Chronicles of Nerissette, #2)",True,[17479662],True,[17343435]
17343435,"Infinity (The Chronicles of Nerissette, #3)",True,"[17343426, 17479662]",False,[]
17343436,"Olivia Twisted (Olivia Twisted, #1)",False,[],False,[]
17344385,"Broken and Screwed (BS, #1)",False,[],False,[]
17344841,"Turning Amber (Lila, #0.7)",False,[],True,"[10188580, 12410324]"
17345282,"Contagion (Toxic City, #3)",True,"[15741256, 17166969]",False,[]
17345314,"Cracked (Soul Eaters, #1)",False,[],True,"[20256261, 23164707]"
17345616,"Fracture (Night School, #3)",True,[15757366],True,[17978510]
17347389,"The Dream Thieves (The Raven Cycle, #2)",True,"[17675462, 28284684]",True,"[17378508, 17378527]"
17348328,Consume,False,[],False,[]
17357347,"The Eighth Guardian (Annum Guard, #1)",False,[],False,[]
17359526,"Dark Spirits (Beyond the Eyes, #2)",False,[],False,[]
17365069,"Double Feature: Attack of the Soul-Sucking Brain Zombies/Bride of the Soul-Sucking Brain Zombies (Russel Middlebrook, #3)",True,"[94072, 17160703]",True,[17208612]
17367123,The Order of the Golden Dragon (The Grimm Chronicles #6),True,"[13610805, 16094854, 16985069]",False,[]
17368117,"The Culling (The Torch Keeper, #1)",False,[],True,[17342414]
17368120,"Saving Wishes (Wishes, #1)",False,[],True,"[17570691, 17820485]"
17368138,"Gilded Ashes (Cruel Beauty Universe, #1.5)",True,[15839984],False,[]
17368140,"Proxy (Avalon, #0.5)",False,[],True,[20455682]
17369278,"Time Trap (Red Moon, #1)",False,[],True,[22053004]
17369312,"Nowhere (Nowhere, #1)",False,[],True,[21100995]
17370021,"Darker Days (The Darker Agency, #1)",False,[],True,[23391795]
17371981,"Camp Kiss (Camp Boyfriend, #0.5)",False,[],True,"[16692604, 18369838, 16692605]"
17372146,"Catalyst (Control, #2)",True,[16718816],False,[]
17372472,Snakeroot (Nightshade Legacy #1; Nightshade World #7),False,[],False,[]
17373172,"The Worlds We Make (Fallen World, #3)",True,"[8573632, 13449858]",True,[23582485]
17373895,"The Time Hunters and the Spear of Fate (Time Hunters, #3)",True,[13145645],False,[]
17374616,"If I Never Knew You (If I Never Knew You, #1)",False,[],True,[17374628]
17374628,"To Love Once Again Is To Love Again (If I Never Knew You, #3)",True,[17374616],False,[]
17375787,"The Rules for Breaking (The Rules for Disappearing, #2)",True,[13018503],False,[]
17376220,Assured Destruction (Assured Destruction #1),False,[],True,[18106467]
17376341,"Down 'N' Derby (Love and Skate, #3)",False,[],False,[]
17377636,"Unknown (The Elements Trilogy, #1)",False,[],False,[]
17378508,"Blue Lily, Lily Blue (The Raven Cycle, #3)",True,"[17347389, 17675462, 28284684]",True,[17378527]
17378527,"The Raven King (The Raven Cycle, #4)",True,"[17347389, 17378508, 17675462, 28284684]",False,[]
17379344,"Defiance (Affliction, #3)",False,[],False,[]
17379404,"Branded (Branded, #1)",False,[],False,[]
17379615,"The Human (The Eden Trilogy, #2)",True,[9635325],True,"[16080599, 17379619]"
17379619,"The Eve (The Eden Trilogy, #3)",True,"[9635325, 16080599, 17379615]",False,[]
17380707,"Shattered (The Secret Life of Trystan Scott, #4)",True,"[15835075, 15989011]",True,[17572004]
17381652,"Awakened (The Legends Of Elyndia, #1)",False,[],False,[]
17382398,"Isle of Man (Park Service Trilogy, #2)",True,[16086362],True,[17792271]
17383005,"The Sea Breeze Collection: Breathe; Because of Low; While It Lasts; Just for Now (Sea Breeze, #1-4)",False,[],False,[]
17383065,"The Vincent Boys Collection (The Vincent Boys, #1-2)",False,[],False,[]
17383120,Revenge of the Akuma Clan (Samurai Awakening #2),True,[13586655],False,[]
17383481,Tail of the Devil  (Mathias Drvar #1),False,[],False,[]
17383612,"Chased Dreams (Chasing Nikki, #3)",True,[13478558],False,[]
17383924,"Terror Cove (Gravediggers, #2)",True,[13623855],True,[20262398]
17383994,"Divergent Series Complete Box Set (Divergent, #1-3)",False,[],False,[]
17384776,Fugitives from Northwoods (The Northwoods Trilogy #1),False,[],True,[23508203]
17385388,"Zoo (The Enclosure Chronicles, #1)",False,[],False,[]
17393023,"Time After Time (Time Between Us, #2)",True,[11115457],False,[]
17395290,"Shadowflesh (Shadowflesh, #1)",False,[],False,[]
17397481,"The Almost Girl (The Riven Chronicles, #1)",False,[],False,[]
17397760,"Waterfell (The Aquarathi, #1)",False,[],True,[22545158]
17398950,"Night Terrors (Savage Species, #1)",False,[],False,[]
17399160,"Snow Like Ashes (Snow Like Ashes, #1)",False,[],True,"[24623385, 26808625, 28512486]"
17401137,"Arbitrate (Daynight, #2)",True,[18625293],False,[]
17402091,"Just a Little Insecurity (Just a Little, #5)",True,"[16004412, 17208557, 17208562, 17208565]",True,"[17852849, 17969565, 18273449, 18600469]"
17402117,"Branded (Sinners, #1)",False,[],False,[]
17402605,"The Alchemyst (The Secrets of the Immortal Nicholas Flamel, #1)",False,[],True,"[2402971, 4588949, 6693332, 8882815, 8458018, 12730051, 8519822]"
17402901,The Fallen (The Enemy #5),True,"[6605625, 8038788, 18453187, 21888731]",True,[20550277]
17403167,"The Purgatorium (Purgatorium, #1)",False,[],False,[]
17404961,"Senior Year (Surviving Elite High, #2)",True,[17256015],True,[17404967]
17404967,"Loving James (Surviving Elite High, #3)",True,"[17256015, 17404961]",False,[]
17405448,"Mansfield Ranch (The Jane Austen Diaries, #5)",True,"[7271563, 12092005, 13453481, 16164977]",False,[]
17405452,"Bad Boy Isn't My Type... (Bad Boy Isn't My Type..., #1)",False,[],True,[17928693]
17406619,Flight (Flight #1),False,[],False,[]
17406847,"Defy (Defy, #1)",False,[],True,[17928184]
17408055,The Fallout From Finding Emily (Kelsey O'Brien #1),False,[],False,[]
17409137,3 Days,False,[],False,[]
17409299,"While We Run (When We Wake, #2)",True,[11544476],False,[]
17410195,"Knotted Roots (Knotted Roots, #1)",False,[],False,[]
17410359,"Stolen (Heart of Dread, #2)",False,[],True,[17410362]
17410362,"Golden (Heart of Dread, #3)",True,[17410359],False,[]
17410678,"Strength (Aigis Trilogy, #1)",False,[],False,[]
17411903,Cinderella in Skates (Cinderella #2),False,[],True,[18170521]
17412895,"The Shadow Cabinet (Shades of London, #3)",True,"[13595639, 15721638, 18811623]",False,[]
17413095,"Secret of Betrayal (Destroyer, #2)",False,[],True,[17830049]
17413361,"Light as a Feather, Stiff As a Board (Weeping Willow High #1)",False,[],False,[]
17415258,"The Fractured: Elena (Fractured, #1; Blemished, #2.5)",True,[19548777],True,[17569655]
17416083,Desert Tales,False,[],False,[]
17427430,Imitation (Clone Chronicles #1),True,"[369293, 16075240]",False,[]
17428773,"Insight (Beholders, #1)",False,[],False,[]
17447240,"Dancing with Deception (Dancing, #0.5)",False,[],True,[13554436]
17448097,"Killer Frost (Mythos Academy, #6)",True,"[9439989, 11022222, 11763146, 13130275, 15714133, 17987415]",False,[]
17448960,"Falling into You (Falling, #1)",True,[12752963],True,[13419794]
17449197,"Unhinged (Splintered, #2)",True,[12558285],True,[25105196]
17450990,"Gemini of Emreiana (Gemini, #1)",True,[578338],True,"[226682, 397465]"
17452186,Exposure (The Vangeretta Curse #2),False,[],False,[]
17452630,"Life, A.D.: Life, After. Dez. (Atman City, #1)",False,[],False,[]
17452685,Into the Fire (Birth of the Phoenix #1),False,[],False,[]
17453303,Glory O'Brien's History of the Future,False,[],False,[]
17454136,"Dark Summer (The Witchling, #1)",False,[],True,"[16143684, 16152969, 18007880]"
17454142,Inevitable,False,[],False,[]
17455516,Deviants (Dust Chronicles #1),True,[7731996],True,"[18259724, 20621397]"
17457717,"The Seers (Holders, #2)",True,"[13579352, 20566339]",False,[]
17458339,"A Lady of Resources (Magnificent Devices, #5)",True,[16126082],True,"[17610619, 17611146]"
17465446,"Unthinkable (Impossible, #3)",True,[7456034],False,[]
17465448,"Time Trapped (Time Snatchers, #2)",False,[],False,[]
17465455,Russian Roulette: The Story of an Assassin,False,[],False,[]
17466707,Allies (Insignia #1.5),True,[11115434],True,"[16101515, 18054017]"
17479662,"Everlast (The Chronicles of Nerissette, #1)",False,[],True,"[17343426, 17343435]"
17493622,"Goddess Sacrifice (Goddess Series, #3)",True,[22882859],True,[17571867]
17522283,"Storm and Stone (Struck, #1)",True,"[12432229, 13486348]",True,"[22483750, 27254713]"
17522801,Screaming Spires (The Cavaliers #2),False,[],True,[21848242]
17525258,"Pity Isn't an Option (Cozenage, #1)",False,[],False,[]
17558080,"Burning Kingdoms (The Internment Chronicles, #2)",True,"[17333927, 22053410]",True,[17571270]
17558088,"Hallowed (The Blessed, #3)",True,"[9943228, 17860324]",False,[]
17558138,"Retribution (Earthfall, #2)",True,[13032249],False,[]
17558151,"Of Dreams and Rust (Of Metal and Wishes, #2)",True,"[17303139, 23339995]",False,[]
17558916,"Freak of Nature (Lost Witch Trilogy, #1)",False,[],False,[]
17559041,The Legend of the Blue Eyes (Blue Eyes Trilogy #1),False,[],True,"[18078556, 18637628]"
17560541,"Don't Even Think About It (Don't Even Think About It, #1)",False,[],False,[]
17560872,As You Wake (In Your Dreams #2),True,[15834810],True,[17930934]
17561397,"Fight For Me (The Tate Chronicles, #2)",True,[17257322],False,[]
17561485,"Jack and the Beanstalk (Faerie Tale Collection, #6)",True,[18357173],True,"[17673256, 17673252]"
17561810,"Mortal Gods (Goddess War, #2)",True,"[13246736, 22892325, 26114677]",False,[]
17561818,The Defiant (The Forsaken #3),True,"[12987192, 15784722, 19456618]",False,[]
17563021,"Runes (Runes, #1)",False,[],False,[]
17565723,"Duality (The Hitchhiker Strain, #2)",True,"[16282078, 17210281]",False,[]
17565845,"Panic (Panic, #1)",False,[],False,[]
17566814,"Midnight Thief (Midnight Thief, #1)",False,[],False,[]
17569655,"The Fractured: Maggie (Fractured, #2; Blemished, #2.5)",True,"[17415258, 19548777]",False,[]
17570001,"The Gatekeeper's Daughter (Gatekeeper's Saga, #3)",True,"[15845605, 16098340, 18470187, 29455380]",True,"[20701398, 22847838]"
17570539,"The Dragon Carnivale (Queen of the Realm of Faerie, #3)",True,[15830512],False,[]
17570691,"Second Hearts (Wishes, #2)",True,[17368120],True,[17820485]
17571215,Things We Know by Heart,False,[],False,[]
17571270,"Broken Crowns (The Internment Chronicles, #3)",True,"[17333927, 17558080, 22053410]",False,[]
17571867,"Goddess Revenge (Goddess Series, #4)",True,"[17493622, 22882859]",False,[]
17572004,"Revealed (The Secret Life of Trystan Scott, #5)",True,"[15835075, 15989011, 17380707]",False,[]
17586491,"The Dirt Diary (The Dirt Diary, #1)",False,[],False,[]
17596261,Clicks (The Dolphin Prophecy #1),False,[],False,[]
17605075,"Wordless (Words Made Flesh, #1)",False,[],False,[]
17607716,"Ruins (Partials Sequence, #3)",True,"[12476820, 13170596, 13645264]",False,[]
17610036,"The First Kiss (The Iron Fey, #1.25)",False,[],False,[]
17610334,"Jaded (Rock Star, #1)",False,[],False,[]
17610619,"A Lady of Spirit (Magnificent Devices, #6)",True,"[16126082, 17458339]",True,[17611146]
17611146,"A Gentleman of Means (Magnificent Devices, #8)",True,"[16126082, 17458339, 17610619]",False,[]
17611262,"Starcrossed City (Starcrossed, #0.5)",False,[],True,"[9462795, 12995284, 7849034]"
17611379,"Flat-Out Matt (Flat-Out Love, #1.5)",True,[11096647],True,[22402154]
17612776,The Lost Boys (The Lost Boys #1),False,[],True,[18135573]
17616651,A Touch of Honor (The Honor Trilogy #1),False,[],False,[]
17616704,"Brooke (Under the Never Sky, #2.5)",True,"[10756656, 15754052, 15857227]",True,[14288998]
17617617,"Stray (Four Sisters, #1)",False,[],True,[25439542]
17617762,"Vitro (Corpus, #2)",True,"[13455112, 20646295]",True,[25431243]
17617916,"Emilie and the Sky World (Emilie, #2)",True,[15799424],False,[]
17620539,"Ohre (Heaven's Edge, #2)",True,[13629984],False,[]
17620859,"Burn Out (Burn Out, #1)",False,[],False,[]
17622292,Pittacus Lore Transmissions,False,[],False,[]
17622734,"Delirium (Debt Collector,  #1)",False,[],False,[]
17622949,Goddess Test / Goddess Interrupted / The Goddess Legacy / The Goddess Inheritance (Goddess Test #1-3),False,[],False,[]
17623975,"Just One Day (Just One Day, #1)",False,[],True,"[12842134, 22021611]"
17660979,"The Avery Shaw Experiment (Science Squad, #1)",False,[],False,[]
17661402,"MARY: The Summoning (Bloody Mary, #1)",False,[],False,[]
17661416,Made You Up,False,[],False,[]
17661774,Fireflies (Fireflies #1),False,[],False,[]
17664919,"Shadow Embraced (Haven, #1)",False,[],True,"[18484316, 18484332]"
17665331,"Date with the Dead (Ripsters, #1)",False,[],False,[]
17665478,"Cassidy Jones and the Secret Formula (Cassidy Jones Adventures, #1)",False,[],True,[17980174]
17667333,"Drifting (Finding Our Way, #3)",True,"[16178662, 17290632]",False,[]
17667561,"The Shadow Throne (The Ascendance Trilogy, #3)",True,"[12432220, 15703770]",False,[]
17667916,"Fractured (Guards of the Shadowlands, #2)",True,"[13482750, 17733363]",True,"[22884154, 18518923]"
17667947,"Push (The Game, #2)",True,[13571953],True,[17667952]
17667952,"Crash (The Game, #3)",True,"[13571953, 17667947]",False,[]
17668651,"Hold Tight (The Embrace Series, #2)",True,[12931061],True,"[11474158, 13354919]"
17669243,"Thief of Lies (Library Jumpers, #1)",False,[],True,[29939285]
17670457,"The Blood of Athens (Olympia Heights, #3)",True,"[12020677, 15705733]",False,[]
17670619,"Exposing Kitty Langley (Charity, #2.5)",True,[13618467],False,[]
17672006,"What We Lost in the Dark (What We Saw at Night, #2)",True,[13642750],False,[]
17672483,"Glimpse (The Dean Curse Chronicles, #1)",False,[],True,[17796358]
17673252,"The Twelve Dancing Princesses (Faerie Tale Collection, #9)",True,"[17561485, 17673256, 18357173]",False,[]
17673256,"The Frog Prince (Faerie Tale Collection, #8)",True,"[17561485, 18357173]",True,[17673252]
17673708,"Special Dead (Twice Shy, #2)",True,[15772673],False,[]
17675386,"Drew (Changers, #1)",False,[],True,"[23129879, 29633749]"
17675462,"The Raven Boys (The Raven Cycle, #1)",True,[28284684],True,"[17347389, 17378508, 17378527]"
17678661,The Earth Dwellers (The Dwellers #4; Country Saga #4 ),False,[],False,[]
17679367,"Outcasts (Safe Lands, #2)",True,[16103816],True,[18940732]
17679369,The Broken Window (Threshold #3),True,[17070769],True,[18168293]
17683795,Real Mermaids Don't Sell Seashells (Real Mermaids #4),True,"[7767952, 11421556]",False,[]
17684323,"The Break-Up Artist (Break-up Artist, #1)",False,[],False,[]
17693477,"Promise Bound (Lies Beneath, #3)",True,[12912519],False,[]
17693718,"Emergent (Annex, #2)",True,[10382215],False,[]
17696143,"Cake Pop Crush (Wish, #1)",True,[6620466],True,"[8369680, 27856404, 20553852]"
17696600,Inheritance (Inheritance #1),False,[],True,"[23584923, 34470414]"
17696607,"Peter Panelli (Love, Tink #4)",True,"[17203830, 17338546]",False,[]
17699681,"Gone (Parallel Trilogy, #1)",False,[],True,[18103924]
17699776,"The Collector (Dante Walker, #1)",False,[],True,"[16479479, 18720003]"
17699853,"Chain of Gold (The Last Hours, #1)",False,[],True,"[17699855, 17699859]"
17699855,"Chain of Iron (The Last Hours, #2)",True,[17699853],True,[17699859]
17699859,"Chain of Thorns (The Last Hours, #3)",True,"[17699853, 17699855]",False,[]
17699903,"Ever Wrath (A Dark Faerie Tale, #4)",False,[],False,[]
17700264,"New Love (Love, #2)",True,"[11515721, 12291793, 18626330]",True,"[17700269, 17700271]"
17700269,Sad Love (Love #3),True,"[11515721, 12291793, 17700264, 18626330]",True,[17700271]
17700271,True Love (Love #4),True,"[11515721, 12291793, 17700264, 17700269, 18626330]",False,[]
17700320,"The Rule of Thoughts (The Mortality Doctrine, #2)",True,[16279856],True,[23257464]
17701160,"Aberrant (Aberrant, #1)",False,[],True,"[18109740, 18587757]"
17701719,"The Buttersmiths' Gold (Evertaster, #2)",False,[],False,[]
17702165,"Pitch (Transitions, #1)",False,[],True,[23000013]
17705731,"Sink or Swim (Fight or Flight, #1.5)",False,[],False,[]
17708622,"The Girl Who Never Was (Otherworld, #1)",False,[],True,"[28238589, 23152378, 15780961]"
17713601,"The Clay Lion (The Clay Lion, #1)",False,[],True,[25433903]
17724228,The Rebel Within (Rebel #1),False,[],True,"[22873354, 18145277]"
17726205,A Chosen Destiny (The Samantha Project #3),True,"[18857981, 18858024]",False,[]
17726599,"Follow the White Rabbit (Beautiful Madness, #1)",False,[],False,[]
17726782,The Viking's Apprentice (The Viking's Apprentice #1),False,[],False,[]
17728450,Inherited Magic,False,[],False,[]
17729607,Small Circles,False,[],False,[]
17730887,"Reunion At Walnut Cherryville (Eternal Feud, #1)",False,[],False,[]
17731698,"State of Chaos (Collapse, #2)",False,[],False,[]
17731788,Just Breathe (Just Breathe Trilogy #1),False,[],False,[]
17731926,Atlantia,False,[],False,[]
17732260,"The Legacy (Legacy Series, #1)",True,[10072160],True,"[23222016, 25620450]"
17733363,"Captive (Guards of the Shadowlands, #1.1)",True,[13482750],True,"[17667916, 22884154, 18518923]"
17737994,"Milayna (Milayna, #1)",False,[],False,[]
17738413,"Raising Rook (Cornerstone, #1)",True,[13034211],False,[]
17739850,Chasing the Valley (Chasing the Valley #1),False,[],True,"[19481404, 21856005]"
17742818,The First Midnight Spell (Spellcaster #0.5),False,[],True,"[17230200, 17234664]"
17742979,Core (Core #1),False,[],False,[]
17745703,"Doon (Doon, #1)",False,[],True,"[18866743, 27779008]"
17762110,Welcome to Sorrow (The Grimm Diaries Prequels #14.5),True,"[15700312, 15742925, 15831760, 17263239]",True,"[18487902, 18487922]"
17784128,"Foretold (Vanguard Legacy, #1)",False,[],True,[25002945]
17787966,"The Dark Discovery of Jack Dandy (Steampunk Chronicles, #2.5)",True,"[9166877, 11130686, 13060608]",True,"[15822336, 18074035, 18513756]"
17787967,Blood of the Fey,False,[],False,[]
17788681,"The Stars Never Rise (The Stars Never Rise, #1)",False,[],False,[]
17789087,"Losing Mars (Saving Mars, #3)",True,[25972553],True,"[18190078, 19546771, 22015727]"
17789688,"Poisoned (Snow White, #1)",False,[],True,[18275600]
17790188,"The Too-Clever Fox (The Grisha, #2.5)",True,"[10194157, 13643163, 14061955, 17997353, 24641800]",True,"[20818790, 14061957]"
17790216,"Blackwood (Hexed, #0.5)",False,[],False,[]
17790234,"The Wizard’s Promise (The Hanna Duology, #1)",False,[],True,[17790238]
17790238,"The Nobleman’s Revenge (The Hanna Duology, #2)",True,[17790234],False,[]
17790521,Scrap,False,[],False,[]
17791629,"The Stranger (The Syrena Legacy, #0.4)",False,[],True,"[13574751, 12425532, 15513156, 21408380, 18525702]"
17792271,"State of Nature (Park Service Trilogy, #3)",True,"[16086362, 17382398]",False,[]
17792558,"Broken Point (The Wayward Gifted, #1)",False,[],False,[]
17792614,"Devious (Dangerous Trilogy, #2)",False,[],False,[]
17792632,Friend is a Four Letter Word (Risk the Fall #4),False,[],False,[]
17792641,"First Chances (With Me, #4)",True,"[16119691, 18171236]",False,[]
17794657,The Lake (The Lake Trilogy #1),False,[],False,[]
17796358,"Relic (The Dean Curse Chronicles, #2)",True,[17672483],False,[]
17797456,"Shadowplay (Micah Grey, #2)",True,[15797050],False,[]
17797635,"Hostage (Bodyguard, #1)",False,[],True,"[17797669, 17797678]"
17797669,"Ransom (Bodyguard, #2)",True,[17797635],True,[17797678]
17797678,"Ambush (Bodyguard, #3)",True,"[17797635, 17797669]",False,[]
17797999,"Broken Forest (Daath Chronicles, #1)",False,[],True,[22452354]
17798031,"Meridian (Arclight, #2)",True,[12138494],False,[]
17798991,The Iron Fey Volume One: The Iron King / The Iron Daughter,False,[],False,[]
17800756,"Born to Fight (Born, #2)",True,[16007911],True,[17926273]
17801290,"Shark Out of Water (Grab Your Pole, #3)",True,"[15706512, 16066163]",False,[]
17817631,"Under the Empyrean Sky (The Heartland Trilogy, #1)",True,[1002520],True,"[904965, 20483018, 904966, 904942, 645886, 904940, 904939, 904946, 904962, 904947, 904960, 904957, 1215871, 1215869, 1215870]"
17820485,"Storm Shells (Wishes, #3)",True,"[17368120, 17570691]",False,[]
17823780,Diary of a Teenage Fairy Godmother,False,[],False,[]
17825113,"The Rig (The Rig, #1)",False,[],False,[]
17825118,The Island  (The Island #1),False,[],True,"[22619628, 24750282, 21421559]"
17825130,"Vivian Versus the Apocalypse (Vivian Apple, #1)",False,[],True,[20929586]
17825938,"Castles on the Sand (Shattered Castles, #1)",False,[],False,[]
17827513,Distance,False,[],False,[]
17828413,"Steel Lily (Periodic, #1)",False,[],True,[17984513]
17828466,"Vivatera (Vivatera, #1)",False,[],True,[31499157]
17830049,"Darkening Chaos (Destroyer, #3)",True,[17413095],False,[]
17831374,"Autumn in the City of Angels (Autumn, #1)",False,[],False,[]
17834120,Killing Ruby Rose (Ruby Rose #1),False,[],False,[]
17835592,Ómorphi,False,[],False,[]
17835822,Tempered Steel (Dystopia #2),True,"[17341729, 22587941]",True,[17835828]
17835828,"Liberty's Torch (Dystopia, #3)",True,"[17341729, 17835822, 22587941]",False,[]
17838475,"The Taking (The Taking, #1)",True,[12844575],True,[16032322]
17838528,The Unexpected Everything,False,[],False,[]
17838538,Girl on a Wire,False,[],False,[]
17838693,Data Runner (Data Runner #1),False,[],False,[]
17839818,"Soul Taken (The Life After, #1)",False,[],True,"[18044868, 18370245]"
17840443,The Shadow Empire (The Plantation #3),True,"[17226255, 17302931]",False,[]
17840796,"Seeds of Hate (Cardboard Hearts, #1)",False,[],False,[]
17840836,"Heartstrings (Love Notes, #2)",True,[17336334],False,[]
17841264,The Birth of a Phoenix (Phoenix Chronicles #1),False,[],True,"[26305543, 26406305]"
17841328,Empyreal Illusions (The Inferno Unleashed #1),False,[],False,[]
17846767,"Unravel (Linked, #2)",True,[17852522],False,[]
17849185,Unaccompanied Minor (April Mae Manning #1),False,[],False,[]
17851860,All Hallows Eve (New England Witch Chronicles #4),True,"[12030849, 13495947]",False,[]
17852522,"Linked (Linked, #1)",False,[],True,[17846767]
17852690,"The Leveller (The Leveller, #1)",False,[],False,[]
17852849,"Just a Little Surprise (Just a Little, #6)",True,"[16004412, 17208557, 17208562, 17208565, 17402091]",True,"[17969565, 18273449, 18600469]"
17853385,The Call (The Great North Woods Pack #2),False,[],False,[]
17853546,"Shades of the Stars: A Legend of the Dreamer Anthology (Legend of the Dreamer, #1.5)",True,"[16058646, 16064360]",False,[]
17854360,"Free Falling  (Best Friend, #2)",True,[16301111],False,[]
17855997,"The Posterchildren: Origins (The Posterchildren, #1)",False,[],False,[]
17856436,"Belligerent (Vicara, #1)",False,[],False,[]
17860199,"The World of Divergent: The Path to Allegiant (Divergent, #2.5)",True,"[11735983, 13335037, 13615258, 18080920, 18668485]",True,[18710190]
17860324,"Passionaries (The Blessed, #2)",True,[9943228],True,[17558088]
17860621,"Unspoken (The Vampire Diaries: The Salvation, #2)",False,[],True,[18004534]
17861210,"Kitty Hawk and the Icelandic Intrigue (Kitty Hawk Flying Detective Agency, #3)",True,"[16145727, 18516023]",False,[]
17866680,"Lush (Lush, #1)",False,[],True,[18754911]
17866941,"Starlet's Light (The Starlet, #3)",True,"[16291113, 16291209, 22018255]",False,[]
17867096,"The Testing Guide (The Testing, #0.5)",False,[],True,"[13326831, 17165932, 18222699]"
17869397,"Behind the Scenes (Daylight Falls, #1)",False,[],True,[22719283]
17874773,"Untitled (The Wicked Powers, #1)",False,[],False,[]
17874904,"Cured (Stung, #2)",True,[13517444],False,[]
17875055,"Earth & Sky (Earth & Sky, #1)",False,[],True,"[25060087, 23199314]"
17875307,"The Awakener (The Watchers of Men, #1)",False,[],False,[]
17875334,"Bittersweet (Dancers and Divas, #2)",True,[16049452],False,[]
17878473,"The 57 Lives of Alex Wayfare (Alex Wayfare, #1)",False,[],True,[21935528]
17880101,"The Revised Life of Ellie Sweet (Ellie Sweet, #1)",False,[],True,[18741771]
17881314,"Moon-Tide ( The Lone March Series, #5)",True,"[13059836, 14741130, 16135926]",False,[]
17881387,Young Annabelle (Y.A #1),True,[25003900],True,[20486808]
17883441,"The Forever Song (Blood of Eden, #3)",True,"[10215349, 15803278]",False,[]
17883553,"Finally, Forever (First Comes Love, #3)",True,"[12180204, 16148583]",False,[]
17884078,"Empress of the Sun (Everness, #3)",True,"[11291920, 14289220]",False,[]
17884103,"Black Dog (Black Dog, #1)",False,[],False,[]
17886233,"Sensation (Kid Sensation, #1)",False,[],True,[18281987]
17888623,Falling Hard (Roller Girls #1),False,[],True,"[21529068, 21529073]"
17893078,"Let the Wind Rise (Sky Fall, #3)",True,"[13445306, 13645358]",False,[]
17899357,"Invasion (Last Princess, #2)",True,[12814540],False,[]
17899846,"Erased (Altered, #2)",True,"[18269649, 22887908]",True,"[19200019, 24580075]"
17900119,"The Tinker King (The Unnaturalists, #2)",True,[12988074],False,[]
17900135,"The Bride / In the Rich Man's World (Anetakis Tycoons, #2)",True,[6147544],True,[6296170]
17901410,"Shattered (Slated, #3)",True,"[12743472, 13490543]",False,[]
17903116,"Entice: An Ignite Novella (Ignite, #1.5)",True,[18054833],True,[24307598]
17903264,"The Wire (Agent 21, #3.5)",True,"[9942091, 15797038]",True,"[22822954, 26001164]"
17904985,Gates of Thread and Stone (Gates of Thread and Stone #1),False,[],True,[23746099]
17905353,"Wicked Little Secrets (Prep School Confidential, #2)",True,[13411546],True,[18404162]
17905355,"Reborn (Shadow Falls: After Dark, #1)",False,[],True,[22824383]
17905433,"Interim Goddess of Love (Interim Goddess of Love, #1)",False,[],True,[13447180]
17905775,I Thirst,True,[26993062],False,[]
17907267,"Choices (Waiting for Forever, #1)",False,[],True,"[18041808, 18257870]"
17910064,"Three (Article 5, #3)",True,"[10677277, 13188615]",False,[]
17910091,"The Nightmare Dilemma (The Arkwell Academy, #2)",True,[12411635],True,[23168765]
17910097,"Resistance (Replica, #2)",True,"[1071338, 16059428, 28448287]",True,"[30457727, 1071444, 1071339]"
17910172,Rookie Yearbook Two,False,[],False,[]
17914326,Stone of Thieves (Robbin' Hearts Series #2),False,[],False,[]
17916291,"Lost (Hidden, #2)",False,[],True,"[25210273, 26809725, 28523062, 29414176]"
17925344,Cursed (Tysseland Chronicles #1),False,[],False,[]
17925677,Atlantis Riptide (Lost Daughters of Atlantis #1),False,[],True,"[17993493, 18132868, 18517713, 21950834, 23596997]"
17926273,"Reborn (Born, #3)",True,"[16007911, 17800756]",False,[]
17928147,"Walk the Edge (Thunder Road, #2)",False,[],True,[30738170]
17928170,"Prairie Fire (The Story of Owen, #2)",True,[16068956],False,[]
17928184,"Ignite (Defy, #2)",True,[17406847],False,[]
17928233,"Tether (Many-Worlds, #2)",True,[15829686],False,[]
17928693,"The Bad Boy, The Sat Nav and Me (Bad Boy Isn't My Type..., #2)",True,[17405452],False,[]
17928881,Home (Stranded #3),True,"[13614942, 16124077]",False,[]
17929102,"Legend Trilogy Boxed Set (Legend, #1-3)",False,[],False,[]
17929785,Satellite (The Satellite Trilogy #1),False,[],False,[]
17929925,"Concealed in the Shadows (Concealed in the Shadows, #1)",False,[],True,[20621463]
17930217,"Fearsome Dreamer (Fearsome Dreamer, #1)",False,[],True,[20451964]
17930934,Before You Sleep (In Your Dreams #3),True,"[15834810, 17560872]",False,[]
17932303,"Fighting for Infinity (The Kindrily, #3)",True,"[13505141, 14062069]",False,[]
17933160,The Vast and Brutal Sea (The Vicious Deep #3),True,"[12246929, 13092528]",False,[]
17933739,"Jake and the Other Girl (Monument 14, #1.5)",True,[12753231],True,"[16075615, 18215086]"
17934467,"The Rule of Three (The Rule of Three, #1)",False,[],True,"[21469162, 21897654]"
17934493,Plus One,False,[],False,[]
17934520,"Going Rogue (Also Known As, #2)",True,[13132661],False,[]
17936738,"The First Star to Fall (For Darkness Shows the Stars, #1.5)",True,"[8306761, 14779549]",False,[]
17937501,"Love, but Never (Never #1)",False,[],True,[22589133]
17939303,Children of the Knight,False,[],False,[]
17944659,"The Keeper (Watersmeet, #3)",True,[5985683],False,[]
17946249,"Killer of Enemies (Killer of Enemies, #1)",False,[],False,[]
17948607,"The Treatment (The Program, #2)",True,"[11366397, 22449285]",True,"[23666204, 27420597]"
17950614,"UnDivided (Unwind, #4)",True,"[764347, 12792658, 15734070]",False,[]
17951133,"The Heir (Verindon, #1)",False,[],True,[21932898]
17969565,"Just a Little Honesty (Just a Little, #7)",True,"[16004412, 17208557, 17208562, 17208565, 17402091, 17852849]",True,"[18273449, 18600469]"
17970101,"Charm and Consequence (Snark and Circumstance, #2)",True,[17238956],True,[18459648]
17971349,"Collateral Damage (Cross My Heart, #2)",True,[10801027],False,[]
17972283,"Life Reader (Kingdom Quest, #1)",False,[],False,[]
17974548,"United (Exalted, #3)",True,[18310035],False,[]
17974786,"Crushing on the Enemy (Crushing on You, #1)",False,[],True,[18364906]
17975812,Daughter of Isis  (Descendants of Isis #1),False,[],True,[25304207]
17976672,"How to Date a Nerd (How To, #1)",False,[],True,[18711456]
17978101,"Love Match (The Academy, #2)",False,[],False,[]
17978132,"Vengeance (Fracture, #2)",True,"[9548964, 13379936]",False,[]
17978160,Open Road Summer,False,[],False,[]
17978510,"Endgame (Night School, #5)",True,"[15757366, 17345616]",False,[]
17979274,"Moving Forward (Moving Neutral, #3)",True,[13064277],False,[]
17980174,"Cassidy Jones and the Seventh Attendant (Cassidy Jones Adventures, #3)",True,[17665478],False,[]
17980526,"Trusted (Trusted, #1)",False,[],False,[]
17982809,Destroying the Wrong,False,[],False,[]
17983831,"Defiance (Greystone, #4)",True,[12396846],False,[]
17984513,"Iron Pendulum (Periodic, #2)",True,[17828413],False,[]
17985757,Motocross Me,False,[],False,[]
17986040,Echoes from the Lost Ones (Song of Forgetfulness #2),False,[],False,[]
17987415,"Spartan Frost (Mythos Academy, #4.5)",True,"[9439989, 11022222, 11763146, 13130275]",True,"[15714133, 17448097]"
17987499,"Third Strike (The Slayer Chronicles, #3)",True,"[10637510, 13563138, 34723130]",False,[]
17988263,"Valley of Darkness Part 1 & Part 2 (Fields of Elysium, #2)",True,[16133112],False,[]
17992802,Moon Child,False,[],False,[]
17993493,Atlantis Red Tide (Lost Daughters of Atlantis #2),True,[17925677],True,"[18132868, 18517713, 21950834, 23596997]"
17995764,Keeper of Reign (Reign #1),False,[],False,[]
17997353,"The Tailor (The Grisha, #1.5)",True,"[10194157, 13643163, 24641800]",True,"[14061955, 17790188, 20818790, 14061957]"
17998392,"Fate's Path (Destiny, #2)",True,[18744934],True,[20515740]
17998474,After the Woods,False,[],False,[]
17999143,"Running Girl (Garvie Smith Mystery, #1)",False,[],False,[]
18001649,Georgetown Academy: Season One,False,[],False,[]
18002659,"The Flirting Games (The Flirting, #1)",False,[],True,"[18002666, 19155700]"
18002666,"More Flirting Games (The Flirting, #2)",True,[18002659],True,[19155700]
18004534,"Unmasked (The Vampire Diaries: The Salvation, #3)",True,[17860621],False,[]
18004791,"Marionette (Dollhouse, #3)",True,"[16036514, 16740524, 23622242]",True,[18216608]
18006233,The Mackenzie Legacy (The Athena Effect #2),False,[],False,[]
18006247,"Foreverland is Dead (Foreverland, #2)",True,[13368166],False,[]
18006496,"Queen of Shadows (Throne of Glass, #4)",True,"[7896527, 13415554, 13419891, 13546173, 13565676, 18333581, 20613470]",True,"[31450852, 33590260]"
18007880,"Winter Fire (The Witchling, #3)",True,"[16143684, 16152969, 17454136]",False,[]
18009950,"Liars, Inc.",False,[],False,[]
18012218,"Goddess in Time (Oh. My. Gods., #2.1)",True,"[6453405, 13557105]",False,[]
18012679,"The Edge of the Water (Whidbey Island Saga, #2)",True,[13493448],True,[21878049]
18018509,"Just Like the Movies (If Only . . ., #7)",True,"[18042393, 18594538, 20613581]",True,[25663572]
18038211,Caste (The Corporation Series #1),False,[],False,[]
18038505,"Love, Tink Collection (Love, Tink #1-6)",False,[],False,[]
18039072,"Witch Hunt (Witch Finder, #2)",False,[],False,[]
18039168,"Ever Near (Secret Affinity, #1)",False,[],False,[]
18040275,For Your Heart (Hill Dweller -- Retellings #1),False,[],False,[]
18040360,"Glass Frost (Frost, #2)",True,"[8069816, 13555538, 15700479]",True,"[9639859, 17225892, 11489012, 18748877, 18469570, 11311068, 13270871, 15801791]"
18040375,"Project Gemini (The Mission League, #2)",True,[17267100],False,[]
18041321,"Starbreak (Starglass, #2)",True,[15945897],False,[]
18041639,"Cipher (Cipher, #1)",False,[],False,[]
18041808,"Destiny (Waiting for Forever, #2)",True,[17907267],True,[18257870]
18042393,"Wish You Were Italian (If Only . . ., #2)",True,[18594538],True,"[20613581, 18018509, 25663572]"
18043557,Matt Archer: Legend (Matt Archer #3),True,[15773126],True,[18751053]
18043759,"Remember When (Remember Trilogy, #1)",False,[],False,[]
18044277,The Walls Around Us,False,[],False,[]
18044868,Soul Possessed (The Life After #2),True,[17839818],True,[18370245]
18045583,"Defector (Variants, #2)",True,[16135109],False,[]
18046084,Ascendant,False,[],False,[]
18046135,"Letters to Nowhere (Letters to Nowhere, #1)",False,[],True,"[18524333, 18757113]"
18046383,"Circle of Jinn (Becoming Jinn, #2)",True,[22718738],False,[]
18046385,"The Polaris Uprising (Polaris, #1)",False,[],False,[]
18046744,The Mephisto Mark (The Mephisto Covenant #3),True,[10535171],False,[]
18047974,Skid,True,[23633729],False,[]
18049084,Noggin,False,[],False,[]
18050015,"Scintillate (The Light Key Trilogy, #1)",False,[],True,[22392755]
18052136,"In Time (The Darkest Minds, #1.5)",True,[10576365],True,"[28064676, 16150830, 23016659, 16150831, 25453426]"
18052205,"Origin of the Sphinx (Sphinx, #0.5)",False,[],True,"[29332599, 29412228, 34306933]"
18052849,"Ashes to Ashes (Ashes, #1)",True,[9975679],True,"[11320138, 18952667, 17162435]"
18052934,No One Else Can Have You (No One Else Can Have You #1),False,[],True,[22596955]
18053047,Maybe One Day,False,[],False,[]
18053060,"Dorothy Must Die (Dorothy Must Die, #1)",True,"[17331483, 20827345, 23507358, 23507377, 25742250]",True,"[18602341, 18602406, 30653720]"
18053086,"Five's Legacy (Lorien Legacies: The Lost Files, #7)",True,"[11237412, 13622863, 15752308, 15762770, 16065602]",True,"[18053087, 18738863, 22500624, 25742694, 26242358]"
18053087,"Return to Paradise (Lorien Legacies: The Lost Files, #8)",True,"[11237412, 13622863, 15752308, 15762770, 16065602, 18053086]",True,"[18738863, 22500624, 25742694, 26242358]"
18053185,"Stolen (Taken, #0.5)",False,[],True,"[11044367, 18089999, 15711420]"
18053984,"The Eternity Key (Into the Dark, #2)",True,"[16176186, 23213803]",True,"[16567625, 29058352]"
18054017,"Catalyst (Insignia, #3)",True,"[11115434, 16101515, 17466707]",False,[]
18054085,"The Iron Warrior (The Iron Fey: Call of the Forgotten, #3)",True,"[12614410, 15811405]",False,[]
18054196,"Sugar Coated (The Sugar Coated Trilogy, #1)",False,[],True,[24311073]
18054833,"Ignite (Ignite, #1)",False,[],True,"[17903116, 24307598]"
18056090,"Rebellion (Ixeos Trilogy, #2)",True,[17315864],False,[]
18065780,"Model Misfit (Geek Girl, #2)",False,[],True,"[18665259, 23296910, 27209626, 26094860]"
18067887,"Mindspeak (Mindspeak, #1)",False,[],True,"[18904215, 20888156]"
18068100,"Boy Nobody (The Unknown Assassin, #1)",False,[],True,[18634740]
18072608,The Scarlet Dagger (The Red Sector Chronicles #1),False,[],True,"[18072618, 17214460]"
18072618,Dark Horizons (The Red Sector Chronicles #2),True,[18072608],True,[17214460]
18072782,Love Among Pigeons,False,[],False,[]
18073159,"Hellhound Defined (Kasadya,#4)",False,[],False,[]
18073957,Two (One Universe #2),True,[17251203],False,[]
18074035,"The Wild Adventure of Jasper Renn (Steampunk Chronicles, #3.5)",True,"[9166877, 11130686, 13060608, 15822336, 17787966]",True,[18513756]
18075234,Challenger Deep,False,[],False,[]
18078033,"Last Day of Love (Teardrop, #0.5)",False,[],True,"[16070143, 19401029]"
18078556,Becoming a Legend (Blue Eyes Trilogy #2),True,[17559041],True,[18637628]
18079527,The Impossible Knife of Memory,False,[],False,[]
18079542,The Museum of Intangible Things,False,[],False,[]
18079680,"Wayfarer (Tales of Beauty & Madness, #2)",True,[13541909],False,[]
18079804,"Half Bad (The Half Bad Trilogy, #1)",True,[23361016],True,"[20814989, 20814993]"
18080011,"Every Breath (Every, #1)",False,[],True,"[18516681, 18516682]"
18080504,"The Unleashed (Blemished, #3)",True,"[15730577, 16064396]",False,[]
18080920,"The Transfer (Divergent, #0.1)",False,[],True,"[18668485, 13335037, 13615258, 11735983, 17860199, 18710190]"
18081228,"The Orphan Queen (The Orphan Queen, #1)",True,"[22909758, 22909806, 22909812, 22909818]",False,[]
18085695,"The Violet Hour (The Violet Hour, #1)",False,[],False,[]
18089999,"Frozen (Taken, #2)",True,"[11044367, 18053185]",True,[15711420]
18096111,Last of the Summer Tomatoes (Young Love's Journey #1),False,[],True,[23353847]
18098004,"Dawn (Harvester of Light, #3)",True,[17342900],False,[]
18103924,Imprisoned (Parallel #2),True,[17699681],False,[]
18104285,A Beautiful Fate,False,[],False,[]
18105377,Double Exposure,False,[],False,[]
18105451,"Frostfire (Kanin Chronicles, #1)",False,[],True,"[18132923, 18132925]"
18106467,Script Kiddie (Assured Destruction #2),True,[17376220],False,[]
18106985,"Exquisite Captive (Dark Caravan Cycle, #1)",False,[],True,[18805154]
18107213,"Dance in Shadow and Whisper (The Marionettes of Myth, #1)",False,[],False,[]
18108476,Permanent Shadows (The Punishment Sequence #2),True,[21681394],False,[]
18108617,"Vision of Shadows (Vision, #1)",False,[],False,[]
18108680,"Mara (Unusuals, #1)",False,[],True,[20557540]
18108877,"Timebound (The Chronos Files, #1)",False,[],True,[22009372]
18109740,"Moirai (Aberrant, #2)",True,[17701160],True,[18587757]
18110531,"Adventures in Murder Chasing (Funeral Crashing, #3)",True,"[11776598, 16137007]",True,[25432577]
18110808,"Fallen Crest Public (Fallen Crest High, #3)",True,"[17191012, 21936321, 22469648]",False,[]
18111627,"A Life, Redefined",False,[],False,[]
18111770,The Maze Runner Files,False,[],False,[]
18112934,"Stella (Stella, #1)",False,[],False,[]
18113064,Stevie-girl and the Phantom of Crybaby Bridge (Phantom #3),True,[13453196],False,[]
18114594,"Divided We Fall (Divided We Fall, #1)",False,[],True,"[22571251, 26626466]"
18114990,"After Tuesday (These Days, #1)",False,[],False,[]
18126198,"Four: A Divergent Story Collection (Divergent, #0.1 - 0.4)",False,[],False,[]
18126905,"Luminary (Anomaly, #2)",True,[16124145],True,[18806299]
18129111,"Effortless With You (Effortless With You, #1)",False,[],False,[]
18129411,"Phoenix Overture (Newsoul, #0.5)",False,[],True,"[8573642, 13043180, 13085374]"
18129633,"The Demons of Ghent (Forbidden Spaces, #2)",True,[16110931],True,[23198014]
18131975,"Shades of Avalon (Shades, #2)",True,[9662110],False,[]
18132530,"Counting Shadows (Duplicity, #1)",False,[],False,[]
18132868,Atlantis Rising Tide (Lost Daughters of Atlantis #3),True,"[17925677, 17993493]",True,"[18517713, 21950834, 23596997]"
18132908,"The Defiance (Brilliant Darkness, #2)",True,[13450088],True,[23126188]
18132923,"Ice Kissed (Kanin Chronicles, #2)",True,[18105451],True,[18132925]
18132925,"Crystal Kingdom (Kanin Chronicles, #3)",True,"[18105451, 18132923]",False,[]
18133153,The Scroll (The Gateway Chronicles #5),True,"[11444393, 15728835, 18241346, 23380120]",False,[]
18134013,"Rain (Paper Gods, #2)",True,[13423346],True,"[25214707, 18134015]"
18134015,"Storm (Paper Gods, #3)",True,"[13423346, 18134013, 25214707]",False,[]
18134724,"Break It Up (Someone Else's Fairytale, #2.5)",False,[],False,[]
18134967,Necessary Sacrifices,False,[],False,[]
18135513,"The Dickens Mirror (Dark Passages, #2)",True,[13449631],False,[]
18135573,The Lost Girl (The Lost Boys #2),True,[17612776],False,[]
18135881,"Face of Death (Touch of Death, #3)",True,"[13425797, 15980368]",False,[]
18137007,Phone calls from a rock star (Ross Records #2),False,[],False,[]
18139079,"The Summer I Gave Up Boys (The Summer I Gave Up Boys, #1)",False,[],False,[]
18140047,Love Letters to the Dead,False,[],False,[]
18140842,"In the End (In the After, #2)",True,[12157407],False,[]
18141631,Canes of Divergence (Dusk Gate Chronicles #5),True,"[13355781, 13492559]",True,[21519129]
18142578,Not Pretty Enough,False,[],False,[]
18143003,King of Bad (Super Villain Academy #1),False,[],False,[]
18143898,"Conquest (The Chronicles of the Invaders, #1)",False,[],False,[]
18143994,"Phoenix Island (Phoenix Island, #1)",False,[],True,[21412259]
18145277,Rebels Divided (Rebel #3),True,"[17724228, 22873354]",False,[]
18158189,Twisted Games (The Fate Trilogy #2),True,[13407490],False,[]
18160600,"City Love (City Love, #1)",False,[],True,[31751580]
18160774,The Prophecy (The Fulfillment Series #1),False,[],True,[26544682]
18162472,"See Me (See Me, #1)",False,[],False,[]
18162694,True Love's First Kiss (Queen of the Realm of Faerie 1-3),False,[],False,[]
18162700,"Arms of Anu (Arrow of the Mist, #2)",False,[],False,[]
18164365,"A Demon's Wrath: Part 1 (Peachville High Demons, #6.1a)",False,[],False,[]
18165962,External Forces (The Laws of Motion #1),False,[],False,[]
18166936,The Strange and Beautiful Sorrows of Ava Lavender,False,[],False,[]
18167857,A Million Miles Away (Angel Interceptors #1),False,[],False,[]
18168264,"Heart of the Vampire (Vanderlind Castle, #2)",False,[],False,[]
18168293,The Garden Gate (Threshold #4),True,"[17070769, 17679369]",False,[]
18168636,"The Queen's Choice (Heirs of Chrior, #1)",False,[],True,[22668917]
18168637,"Forever (Temptation, #3)",True,"[13223243, 15774969]",True,[25505556]
18170039,"The Guard (The Selection, #2.5)",True,"[10507293, 16248068, 22054340]",True,"[22917292, 18635016, 22918050, 26074181]"
18170521,Cinderella Steals Home (Cinderella #3),True,[17411903],False,[]
18171236,"Wrong Side of Town (With Me, #3)",True,[16119691],True,[17792641]
18172471,"The Selection Stories: The Prince & The Guard (The Selection, #0.5, 2.5)",False,[],False,[]
18172551,"Pieces of You & Me (Pieces, #1)",False,[],True,[22493289]
18176597,The Mosswoods,False,[],False,[]
18177181,"Psyched (Psyched, #1)",False,[],False,[]
18186704,"James Potter and the Crimson Thread (James Potter, #5)",True,[6333646],False,[]
18186784,The Ice Diamond Cuff (Custodian Novel #4),True,[15734129],False,[]
18187013,"The Raven King (All for the Game, #2)",True,[17259690],True,[23594461]
18189606,Since You've Been Gone,False,[],False,[]
18190078,"Mars Burning (Saving Mars, #4)",True,"[17789087, 25972553]",True,"[19546771, 22015727]"
18191619,"Djinn (Djinn, #1)",False,[],False,[]
18192612,"Second to No One (Second Kiss, #2)",True,[9463563],False,[]
18194555,"Dating for Demons (Half-Blood Vampires, #3)",True,[7635409],False,[]
18196232,"Gateway to Faerie (Gateway to Faerie, #1)",False,[],False,[]
18196427,"Suburban Zombie High (Suburban Zombie High, #1)",False,[],False,[]
18196600,"Created (Talented Saga, #4)",True,"[13466202, 13624476, 16037000]",True,[22324971]
18197223,"Season of Fire (The Remnants, #2)",True,[781069],True,"[690197, 25443847, 286575, 286578, 286579]"
18207105,Solving for Ex,False,[],False,[]
18209547,"Under Nameless Stars (Zenn Scarlett, #2)",True,[16071885],False,[]
18211066,Alpha Goddess (Alpha Goddess #1),False,[],False,[]
18211497,"What Lies Inside (Blood Bound, #1)",False,[],False,[]
18211884,"Shimmer (The Rephaim, #3)",True,"[13414835, 15765699]",False,[]
18212668,"On the Right Track (Vocal Growth, #1)",False,[],True,[23312541]
18212670,"Watercolor (Dragonfly, #3)",True,"[19157339, 24941100]",False,[]
18212914,"Broken Spell (Singularity, #2)",True,[15980406],True,[18212920]
18212920,"Darkest Fate (Singularity, #3)",True,"[15980406, 18212914]",False,[]
18213017,The Delphi Deception (The Delphi Trilogy #2),True,[15766944],False,[]
18214496,"Daemons in the Mist (The Marked Ones Trilogy, #1)",False,[],False,[]
18215029,Caitlin Star (Caitlin Star #1),False,[],True,[22691066]
18215086,"Savage Drift (Monument 14, #3)",True,"[12753231, 16075615, 17933739]",False,[]
18216608,"Music Box (Dollhouse, #4)",True,"[16036514, 16740524, 18004791, 23622242]",False,[]
18216787,"Nail Polish and Feathers (Deep Secrets and Hope, #1)",False,[],True,"[24545010, 26232306, 28790031]"
18221337,"Eramane (Eramane Saga, #1)",False,[],False,[]
18222541,Threatened (Ape Quartet #2),True,[13591678],True,[26800383]
18222699,"Graduation Day (The Testing, #3)",True,"[13326831, 17165932, 17867096]",False,[]
18226997,"Incomplete (Incomplete, #1)",False,[],True,[22021627]
18231278,Fear,False,[],False,[]
18233795,Autumn (Dog Days #1),False,[],True,[18457581]
18239142,"Bloodmark (Bloodmark Saga, #1)",False,[],False,[]
18240996,Finally...One Summer (Just one of the Guys #2),True,[23695094],False,[]
18241263,The Fall,False,[],False,[]
18241299,"Running on Empty (Running On Empty, #1)",False,[],True,[23125033]
18241346,The Six (The Gateway Chronicles #1),True,[11444393],True,"[23380120, 15728835, 18133153]"
18241520,"Love and Decay, Episode Two (Love and Decay, #2)",False,[],True,"[18306402, 20324379, 18487102, 18591087, 18717049, 18744990, 19052254]"
18242889,"The Arrival (The Eslite Chronicles, #1)",True,[17202917],False,[]
18242896,The Here and Now,False,[],False,[]
18243700,"The Assassin's Blade (Throne of Glass, #0.1-0.5)",False,[],False,[]
18243852,"Blindsided (Transparent, #2)",True,[11973377],False,[]
18244295,Awoken,False,[],False,[]
18244599,"The Breathing Series (Breathing, #1-2)",False,[],False,[]
18244846,"Colters' Gift (Colters' Legacy, #5)",True,"[7154141, 7789774, 8358316, 13060819]",False,[]
18244970,Suicide Notes from Beautiful Girls,False,[],False,[]
18245056,"King Sized Beds and Happy Trails (Beds, #1)",True,[21539441],False,[]
18247324,"The Meeting (Vampire Academy, #1.1)",False,[],True,"[2282133, 6527740]"
18248834,The Locket Thief,False,[],False,[]
18248933,Pulled Under (Sixteenth Summer #2),True,[9091814],False,[]
18249082,"Invincible (Invincible, #1)",False,[],False,[]
18249114,"The Dolls (The Dolls, #1)",False,[],True,[23718697]
18249272,Facsimile,False,[],False,[]
18257870,"Determination (Waiting for Forever, #3)",True,"[17907267, 18041808]",False,[]
18259533,"Fractured (Mirrorland, #1)",False,[],False,[]
18259724,"Compliance (Dust Chronicles, #2)",True,"[7731996, 17455516]",True,[20621397]
18263725,The Crossover,False,[],False,[]
18264342,"The Pentrals (The Pentrals, #1)",False,[],False,[]
18269365,"Annie and Fia (Mind Games, #0.5)",False,[],True,"[12578294, 12578370]"
18269478,"Adela Arthur and the Creator's Clock (The Chronicles of A, #1)",False,[],False,[]
18269649,"Forged (Altered, #0.5)",False,[],True,"[22887908, 17899846, 19200019, 24580075]"
18271251,"Silevethiel (The Vaelinel Trilogy, #1)",False,[],False,[]
18273368,My Life From Hell (The Blooming Goddess Trilogy #3),True,"[15749326, 17305421, 19165181]",False,[]
18273449,"Just a Little Reminder (Just a Little, #8)",True,"[16004412, 17208557, 17208562, 17208565, 17402091, 17852849, 17969565]",True,[18600469]
18273636,"The Guardians (The Lost Realm, #1)",False,[],False,[]
18274597,"The War Inside (The Horizons Trilogy, #1)",False,[],True,[22698566]
18275600,"The Mirror (Snow White, #2)",True,[17789688],False,[]
18275917,"Worth the Wait (Waltham Academy, #1)",False,[],True,[23634778]
18276437,Zom-B Mission,False,[],False,[]
18277355,"Have a Little Faith (Faith, #1)",False,[],False,[]
18278952,Popping the Cherry,True,[18884761],False,[]
18281878,Death Spiral (Faith Flores Science Mystery #1),False,[],False,[]
18281987,"Mutation (Kid Sensation, #2)",True,[17886233],False,[]
18282060,"The Finisher (Vega Jane, #1)",False,[],False,[]
18283771,"The Woodlands (The Woodlands, #1)",False,[],True,"[18643872, 18712956, 23093577]"
18284883,"Broken (Beautifully Broken, #1)",False,[],True,[18309964]
18289237,The World of Veronica Roth's Divergent Series,False,[],False,[]
18295805,"Summer State of Mind (Whispering Pines, #2)",False,[],False,[]
18295817,"Unraveled (Crewel World, #3)",True,"[11556960, 16140922]",False,[]
18295852,The Geography of You and Me,False,[],False,[]
18296013,"The Hunt (Project Paper Doll, #2)",True,[11640957],True,[22437523]
18296030,Don't Look Back,False,[],False,[]
18297205,"Broken (The Outsiders, #1)",False,[],False,[]
18297655,"Willowgrove (Hemlock, #3)",True,"[12985143, 13063813]",False,[]
18298225,On the Fence,False,[],False,[]
18298581,"The Gauntlet (The Cage, #3)",True,"[16071187, 26198812, 31146324]",False,[]
18301603,"The Strange Maid (The United States of Asgard, #2)",True,[13021366],True,[24602702]
18302133,"Salt & Storm (Salt & Storm, #1)",False,[],True,[24396880]
18302490,"Brightly (Flicker, #2)",True,[13515176],False,[]
18302520,"Adrenaline Rush (Christy, #1)",False,[],True,"[22887469, 26257335]"
18304322,"Dumplin' (Dumplin', #1)",False,[],False,[]
18306322,"Out of the Dark (Five, #1)",False,[],True,"[21570244, 26829927]"
18306402,"Love and Decay, Episode Three (Love and Decay, #3)",True,[18241520],True,"[20324379, 18487102, 18591087, 18717049, 18744990, 19052254]"
18307001,"Chantress Alchemy (Chantress, #2)",False,[],False,[]
18308621,The Perilous Journey of the Not So Innocuous Girl (The Perilous Journey of the Not So Innocuous Girl #1),False,[],False,[]
18308891,"Sugar Plum (Damselfly Series, #0.5)",False,[],False,[]
18309634,Now That You're Here (Duplexity #1),False,[],True,[23615716]
18309803,"Unmade (The Lynburn Legacy, #3)",True,"[10866624, 15801763, 15992339, 18588890]",False,[]
18309964,"Beautiful (Beautifully Broken, #3)",True,[18284883],False,[]
18310035,"Denounced (Exalted, #2)",False,[],True,[17974548]
18324808,"The Temptation of Demetrio Vigil (The Ghosts of Golden, #1)",False,[],False,[]
18329364,Just Your Average Geek,False,[],False,[]
18331807,"Vain (The Seven Deadly, #1)",False,[],False,[]
18332388,"Going Long (Waiting on the Sidelines, #2)",True,[18807019],False,[]
18332925,"Exile (Exile, #1)",False,[],True,[22864423]
18333581,"The Assassin and the Healer (Throne of Glass, #0.2)",True,[13415554],True,"[13419891, 13546173, 13565676, 7896527, 20613470, 18006496, 31450852, 33590260]"
18333898,"Take Me On (Pushing the Limits, #4)",True,"[10194514, 13561164, 16069024, 17233800, 18808865, 21859363]",True,[25263399]
18335634,"Clockwork Princess (The Infernal Devices, #3)",True,"[7171637, 10025305]",False,[]
18336965,My Heart and Other Black Holes,False,[],False,[]
18337353,"Dumb Jock: The Musical (Dumb Jock, #4)",True,"[13419076, 15847736]",False,[]
18338816,The Last Girl (The Last Trilogy #1),False,[],False,[]
18339146,"Love Sucks and Then You Die (Eve & Adam, #0.5)",False,[],True,[17286884]
18339363,The Rain Is a Lie,False,[],False,[]
18339894,"The A-Word (Sweet Dead Life, #2)",True,[12561585],False,[]
18340469,Red River (Tent City #2),False,[],False,[]
18343196,"Killer Instinct (Killer Instinct, #1)",False,[],False,[]
18344121,The Sowing,False,[],False,[]
18357173,"Hansel and Gretel (Faerie Tale Collection, #5)",False,[],True,"[17561485, 17673256, 17673252]"
18360128,"Night of Cake & Puppets (Daughter of Smoke & Bone, #2.5)",True,[8490112],True,[13618440]
18361683,"The Trials of Renegade X (Renegade X, #2)",True,[18715014],True,[18631196]
18361934,"Taking It All (Surrender Trilogy, #3)",False,[],False,[]
18362750,All is Silence,False,[],False,[]
18362856,"The Lotus Effect (Rise Of The Ardent, #1)",False,[],False,[]
18363841,Darkest Worlds: A Dystopian Anthology,False,[],False,[]
18364539,Teenage Dirtbag (Dirt #1),False,[],True,[18514607]
18364906,"Crushing on the Bully (Crushing on You, #2)",True,[17974786],False,[]
18365306,Unbreathable,False,[],False,[]
18365924,"Immortal Combat (Disharmony, #3)",True,[13233397],False,[]
18367504,"The Second Shadow (The Second Sign, #2)",True,[16089573],False,[]
18367540,Black Amaranth (Vulcan Legacies #1),False,[],False,[]
18369644,"Contrition (The Perception Trilogy, #3)",True,"[15812886, 16154919, 17231974]",False,[]
18369838,"Camp Crush (Camp Boyfriend, #2.5)",True,"[16692604, 17371981]",True,[16692605]
18370245,Soul Betrayed (The Life After #3),True,"[17839818, 18044868]",False,[]
18370779,"Rock War (Rock War, #1)",False,[],True,[25863225]
18371573,"The Cracks in the Kingdom (The Colours of Madeleine, #2)",True,[8661987],False,[]
18371666,"Invisible (The Twixt, #2)",True,[12411687],False,[]
18372527,Streaks of Blue,False,[],False,[]
18374747,Hat Trick (Hat Trick #1),False,[],False,[]
18377391,"Pepped Up (Pepper Jones, #1)",False,[],False,[]
18377406,Land of Masks and Moonlight (Glimpsing Stars #2),True,[16225646],False,[]
18377623,"Brush of Shade (The Whisperer's Chronicles, #1)",False,[],False,[]
18387010,"When Stars Die (Stars, #1)",False,[],False,[]
18387278,"While You're Away (While You're Away, #1)",False,[],True,[18387294]
18387294,"While You're Away (While You're Away, #2)",True,[18387278],False,[]
18388385,"Night Fall: What Rises must Fall (Wolf Sirens, #3)",False,[],True,[20369433]
18392459,We All Looked Up,False,[],False,[]
18392495,The Boy Most Likely To,False,[],False,[]
18392767,"Before (Betwixt, #0.5)",False,[],True,[15840340]
18392772,Beyond (Betwixt Novella #1.5),False,[],False,[]
18394146,"Dead Dreams (Dead Dreams, #1)",False,[],False,[]
18394951,Four Rubbings (The Stone Witch #1),False,[],False,[]
18395233,"Dead to Me (The Heir Chronicles, #3.5)",True,"[213647, 500743, 2866413]",True,"[9409614, 18469705]"
18397323,"The Revelation of Gabriel Adam (Revelation Saga, #1)",False,[],False,[]
18400178,"Cycles (Cycles, #1)",False,[],False,[]
18402202,Sweet Unrest,False,[],False,[]
18403921,"Introductions (The Ghost Bird, #1)",False,[],True,"[28362407, 31257244, 18411969, 18714697, 20321703, 22391912, 23486206, 23004842, 23004844, 23004848, 25448932, 25448939]"
18404156,"A Girl Called Fearless (A Girl Called Fearless, #1)",False,[],True,[23014305]
18404162,"Deadly Little Sins (Prep School Confidential, #3)",True,"[13411546, 17905353]",False,[]
18406862,"Sinner (The Wolves of Mercy Falls, #4)",True,[9409458],False,[]
18411969,"First Days (The Ghost Bird, #2)",True,"[18403921, 28362407, 31257244]",True,"[18714697, 20321703, 22391912, 23486206, 23004842, 23004844, 23004848, 25448932, 25448939]"
18431723,"Secrets and Lies (Truth or Dare, #2)",True,"[294735, 1170445, 15777797]",True,[20409692]
18431858,Danger! Bad Boy  (Beware of Bad Boy #2),True,[17338329],False,[]
18453185,"Nantucket Red (Nantucket, #2)",True,[13597696],False,[]
18453186,"The Hangman's Revolution (W.A.R.P., #2)",True,[10915176],False,[]
18453187,The Sacrifice (The Enemy #4),True,"[6605625, 8038788, 21888731]",True,"[17402901, 20550277]"
18457362,Survival Colony  Nine,False,[],False,[]
18457581,"Spring (Dog Days, #3)",True,[18233795],False,[]
18458891,"Warrior Beautiful (Riders of Paradesos, #1)",False,[],False,[]
18459648,"Pride and Prep School (Snark and Circumstance, #3)",True,"[17238956, 17970101]",False,[]
18459855,"Another Day (Every Day, #2)",True,"[13262783, 16071620]",False,[]
18459857,The Disappearance of Ember Crow (The Tribe #2),True,[13552764],True,[18872201]
18460140,The Line That Binds (The Line That Binds #1),False,[],False,[]
18460392,All the Bright Places,False,[],False,[]
18460649,"BZRK: Origins (BZRK, #0.5)",False,[],True,"[13642246, 18710282]"
18461151,Waterborn (The Emerald #1),False,[],False,[]
18464510,Atone (A Fairytale Trilogy #2),False,[],True,[23352798]
18465419,The Circle (The Circle #1),False,[],True,[6983512]
18466065,"Deviation (The Sophisticates, #1)",False,[],False,[]
18466571,"Unchosen (The Reaper Diaries, #2)",True,[12394032],False,[]
18466765,Rising Fang,False,[],False,[]
18467531,"Relax, I'm a Ninja (Relax, I'm a Ninja, #1)",False,[],True,[22744396]
18469077,"Pretty in Pearls (Fins, #3.5)",True,"[8235919, 11056634]",False,[]
18469570,"Aeralis (The Frost Chronicles, #5)",True,"[8069816, 9639859, 11489012, 13555538, 15700479, 17225892, 18040360, 18748877]",True,"[11311068, 13270871, 15801791]"
18469705,"The Sorcerer Heir (The Heir Chronicles, #5)",True,"[213647, 500743, 2866413, 9409614, 18395233]",False,[]
18470187,"Raven's Gate (The Gatekeepers, #1)",True,"[15845605, 29455380]",True,"[16098340, 17570001, 20701398, 22847838]"
18475593,"Winterspell (Winterspell, #1)",True,[21393345],False,[]
18478946,"Dangerous Creatures (Dangerous Creatures, #1)",True,[19016490],True,[22798836]
18480712,"Shock Me (Shock Me, #1)",False,[],True,"[22916493, 23117929]"
18481271,"Unite Me (Shatter Me, #1.5, #2.5)",True,"[10429045, 13104080, 13623150, 17331518]",True,"[13188676, 34992929]"
18482265,"Boys Don't Knit (in Public) (Boys Don't Knit, #1)",False,[],False,[]
18482373,"I Hate Goodbye (The Kihanna Saga, #2)",False,[],False,[]
18484204,"Portrait of a Girl Running (Portraits, #1)",False,[],False,[]
18484316,"The Consequences of Forever (Haven, #1)",True,[17664919],True,[18484332]
18484332,"The Heart of a Girl (Haven, #2)",True,"[17664919, 18484316]",False,[]
18484563,"Storm Warning (Broken Heartland, #1)",False,[],False,[]
18487102,"Love and Decay, Episode Six (Love and Decay, #6)",True,"[18241520, 18306402, 20324379]",True,"[18591087, 18717049, 18744990, 19052254]"
18487902,"Snow White Black Swan (The Grimm Diaries Prequels,  #15)",True,"[15700312, 15742925, 15831760, 17263239, 17762110]",True,[18487922]
18487922,"The Sleeping Swan (The Grimm Diaries Prequels, #18)",True,"[15700312, 15742925, 15831760, 17263239, 17762110, 18487902]",False,[]
18488433,"The Storyspinner (The Keepers' Chronicles, #1)",False,[],True,[25732113]
18488781,"Winning Me Over (Unexpected Love, #2)",False,[],True,[20805267]
18489227,"Ending ELE (ELE, #5)",True,"[14059265, 16070429, 16231403, 17342303]",False,[]
18489512,"Embers & Ice (Rouge, #2)",False,[],False,[]
18490660,"Reckoning (Silver Blackthorn, #1)",False,[],True,"[22537705, 26114479]"
18490688,"Dirty Wings (Metamorphoses, #2)",True,[16045120],True,[22813444]
18490721,"The Island of Excess Love (Love in the Time of Global Warming, #2)",True,[16059426],False,[]
18492775,Daughter of Nothing (The Scion Chronicles #1),False,[],True,[22832941]
18493112,Sword of Damocles,False,[],False,[]
18498291,"Twelve (The Last Thirteen, #2)",True,[13568345],True,[20721529]
18500151,"The Thumper Amendment (The Age of Amy, #2)",True,[15107118],False,[]
18500665,"End of Days (Penryn & the End of Days, #3)",True,[11500217],False,[]
18506066,Vision,False,[],False,[]
18509623,"The Girl from the Well (The Girl from the Well, #1)",False,[],False,[]
18513756,"The Girl with the Windup Heart (Steampunk Chronicles, #4)",True,"[9166877, 11130686, 13060608, 15822336, 17787966, 18074035]",False,[]
18513759,"The Dark World (Dark World, #1)",False,[],False,[]
18514117,Dorm Room 210,False,[],False,[]
18514607,"Flinging Dirt (Dirt, #2)",True,[18364539],False,[]
18515286,"Shattered Ties (Ties, #1)",False,[],False,[]
18516023,"Kitty Hawk and the Hunt for Hemingway's Ghost (Kitty Hawk Flying Detective Agency, #2)",True,[16145727],True,[17861210]
18516681,"Every Word (Every, #2)",True,[18080011],True,[18516682]
18516682,"Every Move (Every, #3)",True,"[18080011, 18516681]",False,[]
18517713,Atlantis Tide Breaker (Lost Daughters of Atlantis #3.5),True,"[17925677, 17993493, 18132868]",True,"[21950834, 23596997]"
18517794,"Alliance (The Paladin Prophecy, #2)",True,[13354420],True,[23770294]
18518642,"Fall Forever (Fall For Me, #2)",True,[12363624],True,[20652982]
18518923,"Chaos (Guards of the Shadowlands, #3)",True,"[13482750, 17667916, 17733363, 22884154]",False,[]
18519239,"Snitch (Bea Catcher Chronicles, #2)",True,[16290044],False,[]
18522639,"Rain (Rain, #1)",False,[],True,[22753693]
18522974,Cursed (Voodoo Nights #1),False,[],False,[]
18524037,"The Defectors (The Defectors, #1)",False,[],True,[22460024]
18524302,"Burn (Scan, #2)",True,[13451410],False,[]
18524333,"Return to Sender (Letters to Nowhere, #2)",True,[18046135],True,[18757113]
18524684,The Elect (Allison's Story #1),False,[],False,[]
18525702,"Of Neptune (The Syrena Legacy, #3)",True,"[12425532, 13574751, 15513156, 17791629, 21408380]",False,[]
18579803,"Paranoia (The Night Walkers, #2)",True,[12260608],True,[22385288]
18583939,"The Night Is Found (The Magdeburg Trilogy, #3)",True,"[15780926, 17234033]",False,[]
18584779,"Relationships 101 (Dear Diary, #3)",True,"[1007958, 1007960, 13415148]",True,[11512707]
18584855,Heartless,False,[],False,[]
18585216,The Army of the Lost (Mall Rats #3),True,[13600140],True,[10652356]
18586128,Almost Demon,False,[],False,[]
18586953,"Claudette in the Shadows (Winter Saga, #0.5)",False,[],True,"[10793020, 11761455, 27803959, 12971630, 35424749, 13224793]"
18587097,"Cross Me off Your List (Saturn, #3)",True,"[21949375, 22019162]",False,[]
18587757,"Isaura (Aberrant, #3)",True,"[17701160, 18109740]",False,[]
18588030,"Colony East (Toucan, #2)",True,[15772644],False,[]
18588763,On the Edge,False,[],False,[]
18588890,"The Night After I Lost You (The Lynburn Legacy, #1.5)",True,"[10866624, 15992339]",True,"[15801763, 18309803]"
18589903,"Beyond the Parallel (Parallelogram, #4)",True,"[10401039, 13385431, 16117446]",False,[]
18590095,"Remember Jamie Baker (Jamie Baker, #3)",True,"[7238737, 16162774]",False,[]
18590476,"Zero Hour (Department 19, #4)",True,[11797478],True,[22673888]
18591005,"Ignite (Project Integrate, #0.5)",False,[],True,[18591009]
18591009,"Unite (Project Integrate, #1)",True,[18591005],False,[]
18591087,"Love and Decay, Episode Seven (Love and Decay, #7)",True,"[18241520, 18306402, 18487102, 20324379]",True,"[18717049, 18744990, 19052254]"
18592880,Magic,False,[],False,[]
18593175,"Finding Cinderella (Hopeless, #2.5)",True,"[15717943, 17340050]",False,[]
18594538,"Fool Me Twice (If Only . . ., #1)",False,[],True,"[18042393, 20613581, 18018509, 25663572]"
18596463,"Awkwardly Ever After (Smith High, #4)",True,"[11325353, 16281004, 17318450]",False,[]
18596588,"Twist of Fate (Circle of Spies, #3)",True,"[13372106, 16158941]",False,[]
18596891,"Finding Charley (Full Circle, #2)",False,[],False,[]
18597708,"Water's Edge (Troubled Times Series, #1)",False,[],False,[]
18599572,"The Intern (The Intern, #1)",False,[],True,[23437630]
18599667,(Don't You) Forget About Me,False,[],False,[]
18599754,Say What You Will,False,[],False,[]
18600469,"Just a Little Sequel (Just a Little, #9)",True,"[16004412, 17208557, 17208562, 17208565, 17402091, 17852849, 17969565, 18273449]",False,[]
18601430,"Deep Blue (Waterfire Saga, #1)",False,[],True,[20646690]
18602289,Free to Fall,False,[],False,[]
18602341,"The Wicked Will Rise (Dorothy Must Die, #2)",True,"[17331483, 18053060, 20827345, 23507358, 23507377, 25742250]",True,"[18602406, 30653720]"
18602406,"Yellow Brick War (Dorothy Must Die, #3)",True,"[17331483, 18053060, 18602341, 20827345, 23507358, 23507377, 25742250]",True,[30653720]
18602610,"Earthquake (Earthbound, #2)",True,[16101072],False,[]
18607158,"Just Call My Name (I'll Be There, #2)",False,[],False,[]
18616281,A Tragic Heart,False,[],False,[]
18619423,"Positively Mine (Freshman Forty, #1)",False,[],False,[]
18619593,"The Sound of Us (Radio Hearts, #1)",False,[],True,[22901217]
18619622,"Echoes of Balance (The Ways Trilogy, #1)",False,[],False,[]
18619662,"The Art of Falling (Oceanside High, #1)",False,[],False,[]
18621651,"Gasp (Visions, #3)",True,"[13146312, 17039870]",False,[]
18625140,"Hear Me Scream (Sorrows, #3)",False,[],False,[]
18625184,"Rebellion (Extraction, #2)",True,[16210411],True,[23847993]
18625293,"Daynight (Daynight, #1)",False,[],True,[17401137]
18625316,"Amber's Faerie Tale (The Light Tamer, #2.5)",False,[],True,[17341492]
18626330,"Blue Love (The Love Series, #1)",True,[11515721],True,"[12291793, 17700264, 17700269, 17700271]"
18627443,"The Burnouts (Quarantine, #3)",True,"[12620969, 16280108]",True,[29058345]
18629550,"ARV-3 (The After Light Saga, #1)",False,[],True,[22458368]
18630496,"Perfected (Perfected, #1)",False,[],True,[23310649]
18630504,"Descent (Kissed by Death, #3)",True,"[13055677, 16129272]",False,[]
18631196,"The Betrayal of Renegade X (Renegade X, #3)",True,"[18361683, 18715014]",False,[]
18631867,Sway (Sway #1),False,[],False,[]
18632674,The Perimeter (Outside #3),True,"[10863979, 16368826]",False,[]
18632855,"Endless (Shadowlands, #3)",True,[14805480],False,[]
18632859,"False Future (False Memory, #3)",True,"[10194494, 13454648]",False,[]
18633358,"Getting A Life, Even If You're Dead (No Going Back, #1)",False,[],False,[]
18633571,"Darla's Story (Ashfall, #0.5)",False,[],True,"[9644151, 9867814, 15741928]"
18634165,The Dead and Empty World (The Forest of Hands and Teeth #0.1-0.4),False,[],False,[]
18634733,"License to Spill (Pretenders, #2)",True,[13618700],False,[]
18634740,"I Am the Mission (The Unknown Assassin, #2)",True,[18068100],False,[]
18634795,"Since Last Summer (Rules of Summer, #2)",True,[15723152],False,[]
18635004,"Sleep No More (Charlotte Westing Chronicles, #1)",False,[],True,[22076576]
18635016,"The One (The Selection, #3)",True,"[10507293, 16248068, 18170039, 22054340, 22917292]",True,"[22918050, 26074181]"
18637628,Winning the Legend (Blue Eyes Trilogy #3),True,"[17559041, 18078556]",False,[]
18643872,"The Wall (The Woodlands, #2)",True,[18283771],True,"[18712956, 23093577]"
18651952,"Wicked Games (Wicked Games, #1)",False,[],True,[24980595]
18652243,Outcast (Defiance 0.5),False,[],False,[]
18652641,"Mirror X (The Van Winkle Project, #1)",False,[],False,[]
18655355,Stone Rider,False,[],False,[]
18657327,"Transcendent (Starling, #3)",True,"[9248345, 17332590]",False,[]
18657517,"Lovely Vicious (Lovely Vicious, #1)",False,[],False,[]
18658149,"The Last Changeling (The Last Changeling, #1)",False,[],False,[]
18660357,"Trailer Park Princess (Switching Tracks, #1)",False,[],False,[]
18660447,The Fill-In Boyfriend,False,[],False,[]
18662771,"Accidental Crush (Accidental Crush, #1)",False,[],False,[]
18663321,"Heirs of War (Heirs of War, #1)",False,[],False,[]
18663797,"Foretold (Sisters of Fate, #1)",False,[],True,[18663798]
18663798,"Forecast (Sisters of Fate, #2)",True,[18663797],False,[]
18664167,Mind Games,False,[],False,[]
18665259,"Picture Perfect (Geek Girl, #3)",True,[18065780],True,"[23296910, 27209626, 26094860]"
18667753,Popular: Vintage Wisdom for a Modern Geek,False,[],False,[]
18667769,The Merciless,False,[],False,[]
18667779,Everything Leads to You,False,[],False,[]
18667792,Conversion,False,[],False,[]
18667797,"Battle Angel (Immortal City, #3)",False,[],False,[]
18667800,Love and Other Foreign Words,False,[],False,[]
18668485,"The Initiate (Divergent, #0.2)",True,[18080920],True,"[13335037, 13615258, 11735983, 17860199, 18710190]"
18668639,"Thirteen (Adam Grant, #1)",False,[],True,[23146408]
18680367,World of Ash (Ash and Ruin #1),False,[],True,[22027398]
18681547,"ЯED (True Reign, #2)",False,[],False,[]
18683518,"Captivate (Submerged Sun, #1)",False,[],True,[22475352]
18683883,Balancer (The Final Deity #1),False,[],True,[24942809]
18686977,"Dark Craving (The Watchers, #4.5)",True,"[10551037, 10592898, 15821972]",True,[28575508]
18687595,Thunderstone (Legacy in Legend #1),False,[],False,[]
18691033,"Autumn Falls (Autumn Falls, #1)",False,[],True,"[22638095, 27209230]"
18692289,"Meta (Meta, #1)",False,[],False,[]
18692431,"Everything, Everything",False,[],False,[]
18693707,"Rebel Nation (Viral Nation, #2)",True,[15985355],False,[]
18693829,"The Art of Wishing (The Art of Wishing, #1)",False,[],True,[16166550]
18699460,"Wildflower (Wildflower, #1)",False,[],True,[23251931]
18705209,"The Blood of Olympus (The Heroes of Olympus, #5)",True,"[9520360, 12127750, 12127810]",False,[]
18710121,Absolutely Nothing (Jason Steed #3),False,[],True,"[22831291, 30295052]"
18710190,"Allegiant (Divergent, #3)",True,"[11735983, 13335037, 13615258, 17860199, 18080920, 18668485]",False,[]
18710209,"Tiny Pretty Things (Tiny Pretty Things, #1)",False,[],True,[26198216]
18710282,"BZRK: Apocalypse (BZRK, #3)",True,"[13642246, 18460649]",False,[]
18710739,"Blackbird (Blackbird, #1)",False,[],True,[20860316]
18710799,"Restoration (Razorland, #2.5)",True,"[7137327, 10193062, 15362992, 16066962]",True,[25740472]
18711456,"How to Hook a Bookworm (How To, #3)",True,[17976672],False,[]
18712956,"The Wounded (The Woodlands, #3)",True,"[18283771, 18643872]",True,[23093577]
18714697,"Forgiveness and Permission (The Ghost Bird, #4)",True,"[18403921, 18411969, 28362407, 31257244]",True,"[20321703, 22391912, 23486206, 23004842, 23004844, 23004848, 25448932, 25448939]"
18715014,"The Rise of Renegade X (Renegade X, #1)",False,[],True,"[18361683, 18631196]"
18717049,"Love and Decay, Episode Nine (Love and Decay, #9)",True,"[18241520, 18306402, 18487102, 18591087, 20324379]",True,"[18744990, 19052254]"
18718848,Mosquitoland,False,[],False,[]
18719071,The Twistedly True Tale of Ruby Hood (Ruby Hood #1),False,[],False,[]
18719133,"Neutral Mask (Jasper Dent, #0.6)",True,"[17254986, 20736260]",True,"[23122971, 15790832, 15790833, 20454051]"
18719296,"The Paris Mysteries (Confessions, #3)",True,"[13515025, 13521399, 15742858, 17333276]",False,[]
18719570,"Suddenly You (The Jane Austen Academy Series, #4)",True,"[13485642, 15705217]",True,"[16039713, 16039714]"
18720003,"The Warrior (Dante Walker, #3)",True,"[16479479, 17699776]",False,[]
18720683,"Wanderlust (Edgewood, #2)",False,[],True,[18774213]
18721048,"Spellweaver (The Spellweaver Chronicles, #1)",False,[],False,[]
18721567,"Rough Waters (Drenaline Surf, #2)",True,[20573773],False,[]
18722333,"New Sight (New Sight, #1)",False,[],False,[]
18722924,"Drowned (Drowned, #1)",False,[],False,[]
18723597,"Before You (Before & After, #1)",False,[],True,[21535293]
18731483,"Secret of Omordion (Omordion Trilogy, #1)",False,[],False,[]
18733563,"Fledgling (Dragonrider Chronicles, #1)",False,[],True,"[22542586, 23344338]"
18735913,"The Selection Series 0.5, 1-2 Box Set (The Selection, #0.5, 1-2)",False,[],False,[]
18738863,"Five's Betrayal (Lorien Legacies: The Lost Files, #9)",True,"[11237412, 13622863, 15752308, 15762770, 16065602, 18053086, 18053087]",True,"[22500624, 25742694, 26242358]"
18740114,"Keeper, part 1 (Hidden Bloodlines #1)",False,[],False,[]
18741771,"The Unlikely Debut of Ellie Sweet (Ellie Sweet, #2)",True,[17880101],False,[]
18744421,Fractured Innocence (IFICS #2),True,[16136176],False,[]
18744934,"Destiny (Destiny, #1)",False,[],True,"[17998392, 20515740]"
18744990,"Love and Decay, Episode Ten (Love and Decay, #10)",True,"[18241520, 18306402, 18487102, 18591087, 18717049, 20324379]",True,[19052254]
18746546,"Dead of Winter (The Arcana Chronicles, #3)",True,"[13450339, 16175040]",True,"[24419968, 25946891, 31453592]"
18746776,"Akata Warrior (Akata Witch, #2)",True,[7507944],False,[]
18748877,Fugitive (The Frost Chronicles #4.5),True,"[8069816, 9639859, 11489012, 13555538, 15700479, 17225892, 18040360]",True,"[18469570, 11311068, 13270871, 15801791]"
18749236,"GAMELAND: Deep Into The Game (S. W. Tanpepper's GAMELAND, #1)",False,[],False,[]
18751053,Matt Archer: Bloodlines (Matt Archer #4),True,"[15773126, 18043557]",False,[]
18751961,"Birthright (Talmassa Chronicles, #1)",False,[],False,[]
18753250,Hunter (The New Heroes/Quantum Prophecy #7),True,[10315753],False,[]
18754911,"Hush (Lush, #2)",True,[17866680],False,[]
18754928,"Eleanor (The Unseen, #1)",False,[],True,"[23398087, 27132529]"
18757051,"Orenda (Orenda, #1)",False,[],False,[]
18757113,"Return to You (Letters to Nowhere, #3)",True,"[18046135, 18524333]",False,[]
18758066,"The Before (The Farm, #0.5)",False,[],True,[16250637]
18759207,"A Gallagher Wedding (Gallagher Girls, #6.5)",True,"[568645, 852470, 5267365, 6950688, 10560331, 13580951, 16301336]",False,[]
18761296,"Gifts of the Blood (Angel's Edge, #1)",False,[],True,"[10784510, 18761323]"
18761323,"Blood Redemption (Angel's Edge, #3)",True,"[10784510, 18761296]",False,[]
18769644,"Hidden Enemy (Lorien Legacies: The Lost Files, #7-9)",False,[],False,[]
18769918,"The Year of Chasing Dreams (The Year, #2)",True,[15836743],False,[]
18774016,"The Young World (The Young World, #1)",False,[],True,[23251754]
18774213,"Absolution (Edgewood, #3)",True,[18720683],False,[]
18774843,"Goose (Paper Aeroplanes, #2)",True,[17315134],False,[]
18777107,Nymph (The Love Oracles #1),False,[],False,[]
18777799,"Fall (Twinmaker, #3)",True,[17296692],False,[]
18782855,Princess of Thorns,False,[],False,[]
18798983,"The Wrath and the Dawn (The Wrath and the Dawn, #1)",True,[28574935],False,[]
18800159,"Uncaged (The Singular Menace, #1)",False,[],True,[27245911]
18801345,"The Looking Glass (The Looking Glass, #1)",False,[],False,[]
18801694,"We Can Work It Out (The Lonely Hearts Club, #2)",True,"[6609714, 23160681, 23160684]",False,[]
18805154,"Blood Passage (Dark Caravan Cycle, #2)",True,[18106985],False,[]
18806133,"Undiscovered (Unremembered, #1.5)",False,[],True,"[9791902, 9791910]"
18806240,Bone Gap,False,[],False,[]
18806259,"Storm Siren (Storm Siren, #1)",False,[],True,"[22586972, 22586973]"
18806299,"Revolutionary (Anomaly, #3)",True,"[16124145, 18126905]",False,[]
18807019,"Waiting on the Sidelines (Waiting on the Sidelines, #1)",False,[],True,[18332388]
18808865,Red at Night (Pushing the Limits #3.5),True,"[10194514, 13561164, 16069024, 17233800, 21859363]",True,"[18333898, 25263399]"
18809304,"When Day Breaks (KGI, #9)",True,"[11222139, 14741092]",True,[20453985]
18809838,Prep School Experiment,False,[],False,[]
18810282,Blur  (Blur Trilogy #1),False,[],False,[]
18811324,"The Islands at the End of the World (Islands at the End of the World, #1)",False,[],True,[23461945]
18811623,"The Boy in the Smoke (Shades of London, #0.5)",False,[],True,"[13595639, 15721638, 17412895]"
18812437,Let's Get Lost,False,[],False,[]
18812716,"Sanctum (Asylum, #2)",True,"[13557662, 13597728]",True,"[23429364, 23429355]"
18813022,"Echo Across Time (The Echo Saga, #1)",False,[],False,[]
18813034,"Unusual Awakening (Rylee Everley, #1)",False,[],True,[20807862]
18815422,"Fable (An Unfortunate Fairy Tale, #3)",True,"[13402447, 14745338, 20417847]",True,[20561849]
18816364,"Once Upon a Road Trip (Once Upon a Road Trip, #1)",False,[],True,[22598400]
18841284,"Resurrection (Apocalypse Chronicles, #2)",True,[16621789],False,[]
18844837,"Spark (Spark Trilogy, #1)",False,[],True,"[20950716, 22930604, 23784978, 25857262, 30255594]"
18850680,"Mindwar (Mindwar, #1)",False,[],False,[]
18857916,"Misty Falls (Benedicts, #4)",True,"[8314214, 10410278, 28007282]",True,[28078289]
18857981,"The Samantha Project (The Samantha Project, #1)",False,[],True,"[18858024, 17726205]"
18858024,The Golden Couple (The Samantha Project #2),True,[18857981],True,[17726205]
18866743,"Destined for Doon (Doon, #2)",True,[17745703],True,[27779008]
18872201,"The Foretelling of Georgie Spider (The Tribe, #3)",True,"[13552764, 18459857]",False,[]
18873615,"The Longest Night (Drake Chronicles, #6.5)",True,"[6707693, 7234801, 7801124, 13170035, 13517537, 13559525, 13604849]",False,[]
18879761,I Was Here,False,[],False,[]
18880684,"Magic Unbound (Fae Unbound, #1)",False,[],True,[21470242]
18883163,"Mind Games (Lock & Mori, #2)",False,[],False,[]
18883251,"Mindstormer (Mindwalker, #2)",True,[18883256],False,[]
18883256,"Mindwalker (Mindwalker, #1)",False,[],True,[18883251]
18884761,"A Girl Called Malice (Facing the Music, #2)",False,[],True,[18278952]
18889290,"Forbidden (Forbidden, #1)",False,[],True,[23385196]
18896633,Flotsam & Jetsam (The Forest of Hands and Teeth #0.2),False,[],True,"[3432478, 8535273]"
18904215,"Mindsiege (Mindspeak, #2)",True,[18067887],True,[20888156]
18904565,Forager (Forager #1),False,[],False,[]
18907836,"Vivaldi in the Dark (Vivaldi in the Dark, #1)",False,[],True,"[22845557, 22017484]"
18930013,"Angels in the Dark (Fallen Shorts, #0.1-3.8)",False,[],False,[]
18935998,"Undaunted (Fetch, #2)",True,[13517617],False,[]
18940732,"Rebels (Safe Lands, #3)",True,"[16103816, 17679367]",False,[]
18952667,"Dust to Dust (Ashes, #2)",True,"[9975679, 11320138, 18052849]",True,[17162435]
18966359,"The Believers (Breeders, #2)",True,"[15791488, 17335604]",False,[]
18989342,Fae (Fae #1),False,[],False,[]
18999077,"The System (Killables, #3)",True,[12355133],False,[]
19011170,"After the Storm (Angel Island, #2)",True,[17258025],False,[]
19012155,"Embassy (Recovery, #1)",False,[],True,[24254604]
19016490,"Dangerous Dream (Dangerous Creatures, #0.5)",False,[],True,"[18478946, 22798836]"
19031631,"Ex-Factor (Diamond Girls, #1)",False,[],True,[23562847]
19032994,"Disruption (Disruption, #1)",False,[],True,[19035609]
19034958,Swipe (Virals #3.5),True,"[7744611, 8709640]",True,[21973270]
19035609,"Corruption (Disruption, #2)",True,[19032994],False,[]
19052254,"Love and Decay, Episode Twelve (Love and Decay, #12)",True,"[18241520, 18306402, 18487102, 18591087, 18717049, 18744990, 20324379]",False,[]
19070293,The Concealing (Spirit Warriors #1),False,[],False,[]
19081402,"Consequences: Opal & Origin (Lux, #3-4)",False,[],False,[]
19081403,"Beginnings: Obsidian & Onyx (Lux, #1-2)",False,[],False,[]
19084683,Ditched,False,[],False,[]
19099494,"Deliverance (Defiance, #3)",True,"[11410430, 17331289]",False,[]
19101411,"Winter Untold (Summer Unplugged, #3)",False,[],False,[]
19112850,Phantoms In Philadelphia,False,[],False,[]
19116893,"The Reaping (The Burn, #3)",True,"[12830940, 16122329]",False,[]
19134295,The Gift Stones,False,[],False,[]
19141099,"Mercy Mode (Contaminated, #2)",True,[16238696],False,[]
19155700,"Further Flirting Games (The Flirting, #3)",True,"[18002659, 18002666]",False,[]
19157339,"Dragonfly (Dragonfly, #1)",False,[],True,"[24941100, 18212670]"
19162788,Rebels - Ezra's Gamble,False,[],False,[]
19165181,"A Date of Godlike Proportions (The Blooming Goddess Trilogy, #2.5)",True,"[15749326, 17305421]",True,[18273368]
19167813,Learning to Swim,False,[],False,[]
19171004,"Lingering Echoes (Lingering Echoes, #1)",True,[20257289],False,[]
19178034,"Rival Love (Rival Love, #1)",False,[],True,[23349609]
19193256,"Reave (Reave Series, #1)",False,[],False,[]
19193489,Run To You Part II: Second Glance,False,[],False,[]
19194602,Shattered Veil,False,[],False,[]
19200019,"Reborn (Altered, #3)",True,"[17899846, 18269649, 22887908]",True,[24580075]
19208103,"The Little Android (The Lunar Chronicles, #0.6)",True,[13254289],True,"[11235712, 16075962, 13206760, 13206828, 20813789, 22489107, 13206900, 25689074]"
19212429,"84 Ribbons: A Dancer's Journey (Ballet Trilogy, #1)",False,[],False,[]
19214578,"Innocents (Dusty, #1)",False,[],True,[21845849]
19216865,"Awakening (Children of the After, #1)",False,[],False,[]
19241969,Blood Crown,False,[],False,[]
19242106,Beautiful Mess (Beautiful Mess #1),False,[],False,[]
19245811,"Famous in Love (Famous in Love, #1)",False,[],True,[23299217]
19263293,"Play With Me (Grover Beach Team, #1)",False,[],True,"[19263535, 22304062, 22999528, 23573898, 27252268]"
19263535,"Ryan Hunter (Grover Beach Team, #2)",True,[19263293],True,"[22304062, 22999528, 23573898, 27252268]"
19274338,"The Mind Keepers (Mind Readers, #4)",True,"[9858714, 13436713]",False,[]
19278261,"Mirrored (Kendra Chronicles, #3)",True,"[544891, 11859244]",False,[]
19279000,Essence (Eve #1),True,[9297774],True,[12924253]
19286536,"Party Games (Fear Street Relaunch, #1)",False,[],True,"[23848058, 25663595, 28220872, 29939078]"
19286673,Loop (Loop #1),False,[],True,[22456905]
19295525,"Lone Wolf (Aramov, #4)",True,"[9222713, 12431689, 12431923]",False,[]
19299992,"Red Moon Rising (The Valley of Ten Crescents, #3)",False,[],False,[]
19314543,"Gambit (The Prodigy Chronicles, #1)",False,[],False,[]
19346424,Don't Let Go (PERSEFoNE #3),False,[],False,[]
19346451,"The Revenge of Seven (Lorien Legacies, #5)",True,"[7747374, 8659601, 12971616, 15861491]",True,[27161189]
19346457,Undead with Benefits,False,[],False,[]
19346537,"The Girl of Fire and Thorns Stories (Fire and Thorns, #0.5-0.7)",False,[],False,[]
19351259,"Marked (Soul Guardians, #1)",False,[],True,"[12464361, 13484803, 13505953, 19352028]"
19352028,Mortal (Soul Guardians #6),True,"[12464361, 13484803, 13505953, 19351259]",False,[]
19359110,Losing Lauren,False,[],False,[]
19364719,Slasher Girls & Monster Boys,False,[],False,[]
19368253,First World Problems (Solving For Ex #2),False,[],False,[]
19370304,The Smell of Other People's Houses,False,[],False,[]
19383531,"American Savage (The Savages, #2)",False,[],False,[]
19387834,Beloved Luna (Beloved #1),False,[],False,[]
19395559,The Dark King,False,[],False,[]
19401029,"Waterfall (Teardrop, #2)",True,"[16070143, 18078033]",False,[]
19445725,"Unleashed (Uninvited, #2)",True,[13645645],False,[]
19456618,"Forsaken (The Forsaken Saga, #1)",True,[12987192],True,"[15784722, 17561818]"
19469554,Kyle Demore and the Timekeeper's Key (Kyle Demore #1),False,[],False,[]
19478190,"The Body in the Woods (Point Last Seen, #1)",False,[],True,[22718684]
19481404,Borderlands (Chasing the Valley #2),True,[17739850],True,[21856005]
19481931,"The Kalarthri (The Way to Freedom, #1)",False,[],False,[]
19486754,Ghost House (The Ghost House Saga #1),False,[],True,[30653574]
19535998,"Tabula Rasa (Tabula Rasa, #1)",False,[],False,[]
19540832,"Contributor (Contributor, #1)",True,[15753677],False,[]
19542841,More Happy Than Not,False,[],False,[]
19546544,"Pukawiss The Outcast (The Two-spirit Chronicles, #1)",False,[],False,[]
19546771,Striking Mars (Saving Mars #5),True,"[17789087, 18190078, 25972553]",True,[22015727]
19547058,"Watcher of Worlds (Whispering Woods, #3)",True,[13544083],False,[]
19547856,Simon vs. the Homo Sapiens Agenda,False,[],False,[]
19548182,"Starcrossed (Starstruck, #2)",False,[],True,[22313756]
19548777,"Fractured (Fractured, #1)",False,[],True,"[17415258, 17569655]"
19549841,"Seraphina (Seraphina, #1)",True,[15715106],True,[16085457]
19721475,"Wicked Hunger (Someone Wicked This Way Comes, #1)",False,[],False,[]
19736444,Zom-B Family,False,[],False,[]
19826826,"Devil's Frost (The Spellspinners of Melas County, #3)",True,"[9515613, 16032159]",False,[]
19877735,"Bound (The Guardians, #1)",False,[],True,"[13568569, 34405595]"
19974208,"Perfectly Flawed (Flawed, #1)",False,[],True,"[23438288, 28116714]"
20256238,"Delete (Shift, #3)",True,"[11077783, 13420494]",False,[]
20256261,"Crushed (Soul Eaters, #2)",True,[17345314],True,[23164707]
20257289,"Rumors (Lingering Echoes, #0.5)",False,[],True,[19171004]
20262398,"Entombed (Gravediggers, #3)",True,"[13623855, 17383924]",False,[]
20308308,The Girl and the Raven (The Girl and the Raven #1),False,[],False,[]
20309175,My True Love Gave to Me: Twelve Holiday Stories,False,[],False,[]
20313195,Fourth Shadow (Run To You #4),False,[],True,[20313224]
20313224,Fifth Touch (Run To You #5),True,[20313195],False,[]
20318149,"The Gift (Ondine Quartet, #2.1)",False,[],True,"[16153860, 16153866]"
20321703,"Drop of Doubt (The Ghost Bird, #5)",True,"[18403921, 18411969, 18714697, 28362407, 31257244]",True,"[22391912, 23486206, 23004842, 23004844, 23004848, 25448932, 25448939]"
20324379,"Love and Decay: Kane's Law (Love and Decay, #5.5)",True,"[18241520, 18306402]",True,"[18487102, 18591087, 18717049, 18744990, 19052254]"
20326834,"Paris Cravings (Paris & Pastry, #1)",False,[],False,[]
20338342,When,False,[],False,[]
20345202,"The Girl at Midnight (The Girl at Midnight, #1)",False,[],True,"[27245910, 28872472]"
20345368,"Bridge of Snow (The Winner's Trilogy, #0.5)",False,[],True,"[16069030, 20443207, 20443235]"
20351498,"The Variables (Virulent, #3)",True,[17285841],False,[]
20359138,Loving,False,[],False,[]
20359647,"In a Handful of Dust (Not a Drop to Drink, #2)",True,[13112869],False,[]
20360041,"Archon's Queen (The Awakened, #2)",False,[],False,[]
20360301,"The Maze Runner Series  (The Maze Runner #0.5, #1-3)",False,[],False,[]
20369433,"Dusk In Shade: The Wolves Rise at Sunset (Wolf Sirens, #4)",True,[18388385],False,[]
20381546,"Cowboys & Kisses (Teens of Black Falls Texas, #1)",False,[],False,[]
20384954,Falls the Shadow (Falls the Shadow #1),False,[],False,[]
20387343,Solstice,False,[],False,[]
20391541,"The Ghost Files 2 (The Ghost Files, #2)",False,[],True,"[22056601, 27852886]"
20405624,Glitch (Lost in Time #1),False,[],False,[]
20409231,"Killer Instinct (The Naturals, #2)",True,[13597723],True,[24849026]
20409692,Kiss and Tell (Truth or Dare #3),True,"[294735, 1170445, 15777797, 18431723]",False,[]
20413411,Zom-B Bride,False,[],False,[]
20413430,Zom-B Circus,False,[],False,[]
20413494,Zom-B Fugitive,False,[],False,[]
20413502,Zom-B Goddess,False,[],False,[]
20417847,"Jared's Quest (An Unfortunate Fairy Tale, #1.5)",True,[13402447],True,"[14745338, 18815422, 20561849]"
20419003,Made for You,False,[],False,[]
20419044,"Messenger of Fear (Messenger of Fear, #1)",False,[],True,"[22468132, 24336355]"
20423826,The Subtle Beauty,False,[],False,[]
20424731,"Remember Me (Collective, #2)",True,[22573508],True,[23269128]
20425512,Violence Begets...,False,[],False,[]
20427668,"Worlds Collide (Sunset Rising, #2)",True,[17312777],True,[23463467]
20435721,Alliance (Paradise Reclaimed #3),True,[15769793],False,[]
20438715,"Sacrifice (Daughters of Lilith, #3)",True,"[14112002, 15993686]",False,[]
20443207,"The Winner's Crime (The Winner's Trilogy, #2)",True,"[16069030, 20345368]",True,[20443235]
20443235,"The Winner's Kiss (The Winner's Trilogy, #3)",True,"[16069030, 20345368, 20443207]",False,[]
20451964,"The Illusionists (Fearsome Dreamer, #2)",True,[17930217],False,[]
20452217,"Dead Zone (Blackout, #2)",True,[17331454],False,[]
20453985,"Brighter Than the Sun (KGI, #11)",True,"[11222139, 14741092, 18809304]",False,[]
20454051,"Blood of My Blood (Jasper Dent, #3)",True,"[15790832, 15790833, 17254986, 18719133, 20736260, 23122971]",False,[]
20454076,"Day 21 (The 100, #2)",True,[17332969],True,[23264825]
20454525,"The Low Notes (Wexley Falls, #1)",False,[],False,[]
20455682,"Polaris (Avalon, #2)",True,[17368140],False,[]
20464654,Far-Knowing,False,[],False,[]
20464946,"Saving Raine (The Drone Wars, #1)",False,[],False,[]
20483018,Blightborn (The Heartland Trilogy #2),True,"[904965, 1002520, 17817631]",True,"[904966, 904942, 645886, 904940, 904939, 904946, 904962, 904947, 904960, 904957, 1215871, 1215869, 1215870]"
20486808,What My Heart Wants (Y.A. #3),True,"[17881387, 25003900]",False,[]
20490484,"18 Truths (My So Called Afterlife, #2)",True,[17253972],True,[23588492]
20492095,Uncovering Cobbogoth (Cobbogoth #1),False,[],True,[25773335]
20492486,"Taking The Reins (The Rosewoods, #1)",False,[],True,"[20814947, 21971806, 23453058, 27210505]"
20493997,100 Sideways Miles,False,[],False,[]
20499652,"Bluescreen (Mirador, #1)",False,[],False,[]
20500053,The Unintentional Time Traveler,False,[],False,[]
20500616,The Five Stages of Andrew Brawley,False,[],False,[]
20506151,"Polar Opposites (Super Villian Academy, #2)",False,[],False,[]
20506382,"Before the Full Moon Rises (Chronicles of the Secret Prince, #1)",False,[],False,[]
20510241,"The Calling (Endgame, #1)",False,[],True,"[24465662, 27067085]"
20515740,Synchrony (Destiny #2),True,"[17998392, 18744934]",False,[]
20517739,Far From You,False,[],False,[]
20518838,"The Vault of Dreamers (The Vault of Dreamers, #1)",False,[],True,"[23310692, 31145067]"
20519011,"The Accidental Highwayman: Being the Tale of Kit Bristol, His Horse Midnight, a Mysterious Princess, and Sundry Magical Persons Besides (Adventures of Kit Bristol, #1)",False,[],False,[]
20521902,Undercover with the Hottie,False,[],False,[]
20522640,"Mortal Heart (His Fair Assassin, #3)",False,[],False,[]
20527595,"Carnelian (Chalcedony Chronicles, #1)",False,[],True,"[23116865, 27395877]"
20527683,"The Fragile Fall (Undone, #1)",False,[],False,[]
20535475,"Fractured Suns (Broken Skies, #2)",True,[20764638],False,[]
20542942,"The Shadow Prince (Mortal Enchantment, #1)",False,[],False,[]
20549288,"The Perfectionists (The Perfectionists, #1)",False,[],False,[]
20550277,The Hunted (The Enemy #6),True,"[6605625, 8038788, 17402901, 18453187, 21888731]",False,[]
20551638,True Fire,False,[],False,[]
20553852,"You're Bacon Me Crazy (Wish, #4)",True,"[6620466, 8369680, 17696143, 27856404]",False,[]
20555564,"Find Me (Life After the Outbreak, #2)",True,[20582519],True,[21826329]
20557173,"The War of Roses (The Vampire Diaries; Evensong, #2)",False,[],False,[]
20557540,"Miyuki (Unusuals, #2)",True,[18108680],False,[]
20558350,Enmity,False,[],False,[]
20558569,Legacy (The Biodome Chronicles #1),False,[],True,[23393134]
20560137,"An Ember in the Ashes (An Ember in the Ashes, #1)",False,[],True,"[25558608, 30809786, 31520883]"
20561819,Nobody's Goddess (Never Veil #1),False,[],True,[25745858]
20561849,"Reign (An Unfortunate Fairy Tale, #4)",True,"[13402447, 14745338, 18815422, 20417847]",False,[]
20566339,"The One (Holders, #1.5)",True,[13579352],True,[17457717]
20573773,"Chasing Forever Down (Drenaline Surf, #1)",False,[],True,[18721567]
20577546,The Headhunters Race (Headhunters #1),False,[],False,[]
20579287,"The Queen of Zombie Hearts (White Rabbit Chronicles, #3)",True,"[11300302, 15755296, 23287087]",True,"[24893241, 27800153]"
20579291,Lies We Tell Ourselves,False,[],False,[]
20581358,Just Sing (Seven Oaks #1),False,[],False,[]
20581502,"The Devil's Temptation (The Devil's Triangle, #2)",True,[13610688],False,[]
20582519,"Save Me (Life After the Outbreak, #1)",False,[],True,"[20555564, 21826329]"
20587108,Valhalla,False,[],False,[]
20590654,"The Beast of Callaire (The Legend Mirror, #1)",False,[],False,[]
20596632,"Justice Buried (Starbright, #1)",True,[16032324],False,[]
20601687,Even in Paradise,False,[],False,[]
20613470,"Heir of Fire (Throne of Glass, #3)",True,"[7896527, 13415554, 13419891, 13546173, 13565676, 18333581]",True,"[18006496, 31450852, 33590260]"
20613491,"Trial by Fire (Worldwalker, #1)",False,[],True,"[22469323, 23008469]"
20613581,"Not in the Script (If Only . . . , #3)",True,"[18042393, 18594538]",True,"[18018509, 25663572]"
20613701,"Lailah (The Styclar Saga, #1)",True,[24298660],False,[]
20618013,"Flirty Dancing (The Ladybirds, #1)",False,[],True,"[22096015, 25800990, 28480437]"
20618110,Solitaire,False,[],False,[]
20618118,"The Great Wolf (Legacy of Kilkenny, #3)",True,"[13086546, 13486788]",False,[]
20618864,First Impression (Shadow Maven #1),False,[],False,[]
20620652,"Schasm (Schasm, #1)",False,[],True,"[20739400, 22449923]"
20621397,"Glory (Dust Chronicles, #3)",True,"[7731996, 17455516, 18259724]",False,[]
20621463,"Released from the Darkness (Concealed in the Shadows, #2)",True,[17929925],False,[]
20640755,"The Book of Ivy (The Book of Ivy, #1)",False,[],True,[23198876]
20641763,A Grimm Legacy (Grimm Tales #1),False,[],True,[28101587]
20643052,"Ink and Bone (The Great Library, #1)",False,[],True,"[25890355, 30956356]"
20646295,"The Sign of the Jaguar (Corpus, #1.5)",True,[13455112],True,"[17617762, 25431243]"
20646454,Keeper (Mindjack Origins #4),True,"[14059393, 15928642]",False,[]
20646690,"Dark Tide (Waterfire Saga, #3)",True,[18601430],False,[]
20646965,"Southern Desire (Savannah, #4.5)",False,[],False,[]
20648285,Silvern (Gilded #2),True,[16173250],True,[24816175]
20651787,Kissing in Cars (Kiss and Make Up #1),False,[],False,[]
20651953,"The Grimm Chronicles, Vol. 2",False,[],False,[]
20652088,"Ash & Bramble (Ash & Bramble, #1)",False,[],True,[20652096]
20652096,"Rose & Thorn (Ash & Bramble, #2)",True,[20652088],False,[]
20652982,"Louder Than Words (Fall For Me, #4)",True,"[12363624, 18518642]",False,[]
20653947,"Water Born (The Drowning, #2)",True,[16120205],False,[]
20654223,"A Night Without Stars (The Lola Chronicles, #1)",False,[],False,[]
20654544,"Fae (Auri, #2)",True,[11185432],False,[]
20655582,Deviations (Deviations #1),False,[],False,[]
20658816,"Ryder's Redemption (Badboy Rockers, #2)",False,[],False,[]
20659824,"Spelled (Sayers Witch Series, #1)",False,[],False,[]
20661211,"The White Door (The Visitor's Series, #3)",False,[],False,[]
20661244,"Just You (Just You, #1)",False,[],False,[]
20662291,"Stand-Off (Winger, #2)",True,[11861815],False,[]
20664074,"The New Girl (Heartside Bay, #1)",False,[],True,"[20767248, 21956824, 22605715, 22554593, 22605732]"
20694229,"So I'm a Double Threat (Double Threat, #1)",False,[],True,"[13632601, 15766817]"
20698530,"P.S. I Still Love You (To All the Boys I've Loved Before, #2)",True,[15749186],True,[35247769]
20698989,"The Secret Life of Trystan Scott: The Complete Collection Volumes 1-5 (The Secret Life of Trystan Scott, #1-5)",False,[],False,[]
20701398,"The Gatekeeper's Secret (Gatekeeper's Saga, #5)",True,"[15845605, 16098340, 17570001, 18470187, 29455380]",True,[22847838]
20701994,"yolo (Internet Girls, #4)",True,"[301023, 301024, 563321]",False,[]
20702025,"Winterkill (Winterkill, #1)",False,[],True,"[24795952, 28818319]"
20702546,"Gabi, a Girl in Pieces",False,[],False,[]
20705736,"Infinite Repeat (The Art of Lainey, #0.5)",False,[],True,[16068910]
20706293,The Daughter of Smoke and Bone Trilogy,False,[],False,[]
20707942,Lost in Starlight (Starlight Saga #1),False,[],True,[23316633]
20708244,"Death & the Zombie Apocalypse (Zombie Apocalypse, #2)",True,[14740543],False,[]
20721529,Eleven (The Last Thirteen #3),True,"[13568345, 18498291]",False,[]
20726924,Rumble,False,[],False,[]
20734103,"The Infinity Cage (TimeRiders, #9)",True,"[6773432, 8129464, 8827905, 10726285, 12337271]",False,[]
20734692,"Of Fire and Ash (Fairy Queens, #1.5)",False,[],True,[28185220]
20736260,"Lucky Day (Jasper Dent, #0.1)",False,[],True,"[17254986, 18719133, 23122971, 15790832, 15790833, 20454051]"
20737990,"Unglued (Holding On, #2)",False,[],False,[]
20739303,John Dreamer,False,[],False,[]
20739318,"Love and Decay 2, Episode One (Love and Decay 2, #1)",False,[],True,"[20877471, 21316930, 21527341, 21938881, 22470981, 22599991]"
20739400,Fissure Free (Schasm #2),True,[20620652],True,[22449923]
20743588,"Ellie Quin in Wonderland (Ellie Quin, #4)",True,"[17164526, 17164537, 17164540]",False,[]
20743686,Reflection Pond,False,[],False,[]
20748874,"The Last Soulkeeper (The Soulkeepers, #6)",True,[17250126],False,[]
20753330,"Jubilee Manor (Landry Park, #2)",True,[13479780],False,[]
20757532,Shutter,False,[],False,[]
20759481,"Hunt for Jade Dragon (Michael Vey, #4)",True,"[12988089, 16074409]",True,"[27158739, 33921998]"
20759498,"Compulsion (The Heirs of Watson Island, #1)",False,[],True,"[23450710, 28954200]"
20764288,"The Undelightened (The Undelightened, #1)",False,[],True,[32865995]
20764638,"Broken Skies (Broken Skies, #1)",False,[],True,[20535475]
20767248,"The Trouble with Love (Heartside Bay, #2)",True,[20664074],True,"[21956824, 22605715, 22554593, 22605732]"
20772346,"Parallel Hearts (Parallel Hearts Trilogy, #1)",False,[],False,[]
20788168,"To Love Me (To Know Me, #2)",False,[],True,[21499171]
20788224,The Beautiful Ones,False,[],False,[]
20797462,"XIA (Xenofreak Nation, #3)",False,[],False,[]
20799109,"The Returned (The Archived, #3)",True,"[10929432, 13638131, 23475666]",False,[]
20801166,A Little Something Different,False,[],False,[]
20801439,"Circle of Five (Pha Yul, #1)",False,[],True,[23477479]
20805267,"Finding Me Again (Unexpected Love, #3)",True,[18488781],False,[]
20807862,"Awakening Dream (Rylee Everley, #2)",True,[18813034],False,[]
20808365,"OMG! I'm in Love with a Geek! (Hattie Moore, #2)",True,[16281720],False,[]
20809397,"Pray The Gay Away (A Southern Thing, #1)",False,[],False,[]
20810860,"Broken (Avena, #2)",True,[13265293],True,[23662029]
20811091,"Horrorscape (Horrorscape, #2)",True,[16161543],False,[]
20813789,"Carswell's Guide to Being Lucky (The Lunar Chronicles, #3.1)",True,"[11235712, 13206760, 13206828, 13254289, 16075962, 19208103]",True,"[22489107, 13206900, 25689074]"
20814947,"Playing the Part (The Rosewoods, #3)",True,[20492486],True,"[21971806, 23453058, 27210505]"
20814989,"Half Wild (The Half Bad Trilogy, #2)",True,"[18079804, 23361016]",True,[20814993]
20814993,"Half Lost (The Half Bad Trilogy, #3)",True,"[18079804, 20814989, 23361016]",False,[]
20816036,"Intangible (Aerling, #2)",False,[],False,[]
20818790,"Little Knife (The Grisha, #2.6)",True,"[10194157, 13643163, 14061955, 17790188, 17997353, 24641800]",True,[14061957]
20820994,I'll Give You the Sun,False,[],False,[]
20821111,"The Young Elites (The Young Elites, #1)",False,[],True,"[23846013, 28588345]"
20821121,"Strike (The SYLO Chronicles, #3)",True,[16101054],False,[]
20821306,"Zodiac (Zodiac, #1)",False,[],True,"[24930075, 28529955]"
20821546,"Diamonds in the Rough (The Secret Diamond Sisters, #2)",True,[17160608],True,[23168396]
20821763,"The Forgotten Fairytales (Forgotten Fairytales, #1)",False,[],True,[22458690]
20822775,"Falling (Falling Angels Saga, #4)",True,"[12680203, 16155061]",False,[]
20823207,"Flawed (Perfection, #2)",True,[13541871],False,[]
20826785,Catch Me When I Fall (Dreamcatcher #1),False,[],True,[24464898]
20827345,"The Witch Must Burn (Dorothy Must Die, #0.2)",True,[17331483],True,"[23507358, 23507377, 25742250, 18053060, 18602341, 18602406, 30653720]"
20829530,"Balance (The Neumarian Chronicles, #3)",True,[13647847],False,[]
20830614,"Saving Yesterday (TimeShifters, #1)",False,[],False,[]
20849558,"The Fall (The Siren, #2)",True,"[6970490, 9536655]",True,[12925333]
20860126,"Life in the Palace (The Palace Saga, #1)",True,[162719],False,[]
20860316,"Deadfall (Blackbird, #2)",True,[18710739],False,[]
20860637,"Splinters (The Prospero Chronicles, #1)",False,[],False,[]
20868374,"Eternal Dawn (Vampire Queen, #3)",True,[10151689],False,[]
20868595,"Instinct (Chronicles of Nick, #6)",True,"[6696602, 8677937, 10542244, 16704220]",True,"[22559712, 22559726]"
20869621,"Seek Me in Shadows (Boundless, #2)",True,[16037505],False,[]
20871635,The Rose in the Briar,False,[],False,[]
20872439,"The Isle (The Ward, #2)",False,[],False,[]
20873188,"The Second Guard (Second Guard, #1)",False,[],False,[]
20877471,"Love and Decay 2, Episode Two (Love and Decay 2, #2)",True,[20739318],True,"[21316930, 21527341, 21938881, 22470981, 22599991]"
20877929,"Admission (Pandora Jones, #1)",False,[],True,[23153256]
20880620,Into the Dark,False,[],False,[]
20882802,"Banded (Banded, #1)",False,[],True,[22850111]
20885228,Family Ties,False,[],False,[]
20888156,"Mindsurge (Mindspeak, #3)",True,"[18067887, 18904215]",False,[]
20890243,"Death Whispers (The Death Series, #1)",False,[],True,"[15827230, 13454639]"
20890250,"Reap (The Harvest Saga, #1)",False,[],False,[]
20890931,The Hidden Princess (Hidden Among Us #2),True,[13552772],False,[]
20899178,"Rising Tide: Dark Innocence (The Maura DeLuca Trilogy, #1)",False,[],False,[]
20906693,"Existing (Existing, #1)",False,[],False,[]
20911403,"Love, Lucy",False,[],False,[]
20919760,Lessons in Love,False,[],False,[]
20922567,"Contessa (Choisie, #1)",False,[],True,[21420137]
20922678,"Fury (The Cure, #1)",False,[],True,[24960946]
20922826,What We Saw,False,[],False,[]
20929530,"An English Boy in New York (Boys Don't Knit, #2)",False,[],False,[]
20929586,"Vivian Versus America (Vivian Apple, #2)",True,[17825130],False,[]
20929842,dEaDINBURGH: Vantage  (Din Eidyn Corpus #1),False,[],True,[24356511]
20930200,"Shift (Realms, #1)",False,[],True,[30301482]
20932047,"Antidote (Red Plague, #2)",False,[],False,[]
20932616,"Tiger's Promise (The Tiger Saga, #0.5)",False,[],True,"[9284655, 9662386, 7849341, 12677913, 12474623]"
20933305,"Twisted (Twisted, #1)",False,[],False,[]
20935599,Mary Hades (Mary Hades #1),False,[],True,[22392431]
20937791,"I Wish (I Wish, #1)",False,[],True,[24822667]
20944621,"Feuds (The Feuds, #1)",True,[22718588],True,[23014695]
20950716,"Spark (Spark, #1)",True,[18844837],True,"[22930604, 23784978, 25857262, 30255594]"
20957924,This Is Not a Love Story,False,[],False,[]
20958632,The Darkest Part of the Forest,False,[],False,[]
20980648,"Waistcoats & Weaponry (Finishing School, #3)",True,[15723286],False,[]
20981049,"Prom Impossible (Prom Impossible, #1)",False,[],False,[]
20982578,"Brush Strokes (Bloomfield, #1)",False,[],True,"[22041903, 27577048]"
20983351,"Lies I Told (Lies I Told, #1)",False,[],True,[25056008]
20983362,"Passenger (Passenger, #1)",False,[],True,[20983366]
20983366,"Wayfarer (Passenger, #2)",True,[20983362],False,[]
20986914,Impervious (Ascension #1),False,[],False,[]
20990490,Life's What You Make It (Love's Great Adventure #1),False,[],False,[]
20995607,"Wraithsong (Desirable Creatures, #1)",False,[],True,[24830447]
21018154,"Bookishly Ever After (Ever After, #1)",True,[11147397],False,[]
21051717,"The Prophecy of Arcadia (Arcadian Wars, #1)",False,[],False,[]
21054834,"Sweet Honey (Chocolate Box Girls, #5)",False,[],False,[]
21066034,"Not Today, But Someday (Emi Lost & Found, #0.5)",False,[],False,[]
21100995,"Anywhere (Nowhere, #2)",True,[17369312],False,[]
21316930,"Love and Decay 2, Episode Three (Love and Decay 2, #3)",True,"[20739318, 20877471]",True,"[21527341, 21938881, 22470981, 22599991]"
21393345,"Summerfall (Winterspell, #0.5)",False,[],True,[18475593]
21393526,"Magonia (Magonia, #1)",False,[],True,[28512547]
21396155,"The Forbidden Wish (The Forbidden Wish, #1)",False,[],False,[]
21402784,"The Wicked Awakening of Anne Merchant (The V Trilogy, #2)",False,[],False,[]
21408380,"Girls Day Out (The Syrena Legacy, #2.5)",True,"[12425532, 13574751, 15513156, 17791629]",True,[18525702]
21411034,Teen Frankenstein (High School Horror #1),False,[],False,[]
21411579,Destined (Fates #0.5),False,[],False,[]
21412259,"Devil's Pocket (Phoenix Island, #2)",True,[18143994],False,[]
21412697,Skin Stealers,False,[],False,[]
21413206,The Aqua Secret (The Aqua Saga #1),False,[],True,[21806369]
21413855,"The Haunting of Sunshine Girl (The Haunting of Sunshine Girl, #1)",False,[],True,"[25898175, 31423605]"
21413922,Driving Lessons,False,[],False,[]
21414439,"Truthwitch (The Witchlands, #1)",False,[],True,"[29939390, 22094961, 22094965]"
21415849,"Unforeseen (Kingdom Keepers, #6.5)",True,[15818617],False,[]
21416891,Below (Broken Sky Chronicles #1),False,[],False,[]
21416935,Grace and the Guiltless,False,[],False,[]
21417381,"As Red as Blood (Lumikki Andersson, #1)",False,[],True,"[23222516, 24965090]"
21419593,The Recruit (MTG Agencies #1),False,[],True,"[23634755, 25613324, 29938656]"
21420065,"An Uncommon Blue (Colorblind, #1)",False,[],False,[]
21420137,"Dear Jon (Choisie, #3)",True,[20922567],False,[]
21421559,The Deep (The Island #3),True,"[17825118, 22619628, 24750282]",False,[]
21421609,"Assassin's Heart (Assassin's Heart, #1)",False,[],True,[32075448]
21425080,"A Soul to Take (Soul Stealers Trilogy, #1)",False,[],False,[]
21448697,Sapphire (Asterian Trilogy #1),False,[],True,[33826550]
21456821,"Scorpion Mountain (Brotherband Chronicles, #5)",True,[13589152],False,[]
21457212,Bound by Time,False,[],False,[]
21460578,"Dark of the Moon (Shipwrecked, #2)",False,[],False,[]
21466631,"Boundary (Books of Eva, #2)",True,[17262735],False,[]
21466802,"A French Princess in Versailles (The French Girl series, #3)",True,[17161874],True,[22615594]
21469053,"Stone in the Sky (Tin Star, #2)",True,[17255996],False,[]
21469068,I'll Meet You There,False,[],False,[]
21469090,"Dream a Little Dream (The Silver Trilogy, #1)",False,[],True,[25858039]
21469095,The Secrets We Keep,False,[],False,[]
21469108,The Ghosts of Heaven,False,[],False,[]
21469162,"Fight for Power (The Rule of Three, #2)",True,[17934467],True,[21897654]
21469933,Shadow of the War Machine (The Secret Order #3),True,"[13597740, 13629923]",False,[]
21470242,Queen of the Fae (Fae Unbound #2),True,[18880684],False,[]
21471358,IA: Initiate (IA #1),False,[],True,[29242720]
21472900,Martyr,False,[],False,[]
21473811,"The Wondrous and the Wicked (The Dispossessed, #3)",False,[],False,[]
21482237,"The Problem with Crazy (Crazy In Love, #1)",False,[],True,[21797067]
21493022,"Finally Mine (Finally Love, #1)",False,[],False,[]
21493775,"Blood to Blood (Angelica Brown, #1)",False,[],True,[22966358]
21499049,"Harp's Song (Harp's Song, #1)",False,[],False,[]
21499171,"To Forgive Me (To Know Me, #3)",True,[20788168],False,[]
21518013,"Summer Demons (Seasons of Change, #1)",False,[],False,[]
21518344,Unhooked,False,[],False,[]
21519129,"Leaves of Revolution (Dusk Gate Chronicles, #6)",True,"[13355781, 13492559, 18141631]",False,[]
21519379,"Gypsy (The Cavy Files, #1)",False,[],True,"[22005849, 26041284]"
21521965,"Starring Kitty (Reel Friends, #1)",False,[],True,[23524515]
21524446,"A Thousand Nights (A Thousand Nights, #1)",False,[],True,[28375641]
21525975,Burning,False,[],False,[]
21527341,"Love and Decay 2, Episode Four (Love and Decay 2, #4)",True,"[20739318, 20877471, 21316930]",True,"[21938881, 22470981, 22599991]"
21529068,In a Jam (Roller Girls #3),True,[17888623],True,[21529073]
21529073,"Boot Camp Blues (Roller Girls, #4)",True,"[17888623, 21529068]",False,[]
21529626,"The Hunted (The Living, #2)",True,[13515320],False,[]
21532100,The Boarding School Experiment,False,[],False,[]
21532188,The Accidental TV Star (Accidental #2),True,[15717280],True,"[21532348, 23672144, 33028773]"
21532348,Accidental Action Star (Accidental #3),True,"[15717280, 21532188]",True,"[23672144, 33028773]"
21535293,"After Us (Before & After, #2)",True,[18723597],False,[]
21539441,"True Love and Magic Tricks (Beds, #0.5)",False,[],True,[18245056]
21546201,"Origins (Endgame: The Training Diaries, #1)",False,[],True,"[22500613, 23213836]"
21568710,Malcolm's Journal,False,[],False,[]
21568719,The Scar,False,[],False,[]
21569527,"The Heart of Betrayal (The Remnant Chronicles, #2)",True,[16429619],True,[25944798]
21569869,Blood Oath,False,[],False,[]
21570244,"Out of the Pit (Five, #2)",True,[18306322],True,[26829927]
21570318,Crimson Bound,False,[],False,[]
21681394,"Oath of Servitude (The Punishment Sequence, #1)",False,[],True,[18108476]
21777537,"Legend of the Timekeepers (The Last Timekeepers, #0.5)",False,[],True,[31831121]
21793182,"Starflight (Starflight, #1)",False,[],True,[25026403]
21795576,Everything That Makes You,False,[],False,[]
21797067,Eleven Weeks (Crazy in Love #2),True,[21482237],False,[]
21798470,"School of Deaths (The Scythe Wielder's Secret, #1)",False,[],False,[]
21800559,"Radicals (Blood and Fire, #2)",True,[22023638],False,[]
21800619,"Chasing Shadows (Tala Prophecy, #2)",False,[],False,[]
21802177,"The Journey of the Marked (The Miyran Heir, #1)",False,[],False,[]
21805717,Only Ever Yours,False,[],False,[]
21806369,"Aqua (Aqua, #1)",True,[21413206],False,[]
21816250,The Fourth Sage (The Circularity Saga #1),False,[],False,[]
21817274,"Tales of Ever (Tales of Ever, #1-6)",False,[],False,[]
21819466,Arctic Storm (Watch Eyes Trilogy #1),False,[],False,[]
21825776,"Endless Water, Starless Sky (Bright Smoke, Cold Fire, #2)",True,[28448239],False,[]
21825918,"His Reverie (Reverie, #1)",False,[],True,[22864422]
21826050,Coral & Bone,False,[],False,[]
21826329,"Hold Me (Life After the Outbreak, #3)",True,"[20555564, 20582519]",False,[]
21843172,"Nameless (Nameless, #1)",False,[],True,"[28247422, 32991897]"
21845849,"Delinquents (Dusty, #2)",True,[19214578],False,[]
21848017,"The Beautiful-Ugly (The Beautiful-Ugly Trilogy, #1)",False,[],True,"[21848164, 21848195]"
21848164,"Into the Abyss (The Beautiful-Ugly Trilogy, #2)",True,[21848017],True,[21848195]
21848195,"Where All the Rivers Run (The Beautiful-Ugly Trilogy, #3)",True,"[21848017, 21848164]",False,[]
21848242,"Ivory Terrors (The Cavaliers, #3)",True,[17522801],False,[]
21851226,"Leighton's Summer (SYNSK, #2)",False,[],False,[]
21853636,All the Rage,False,[],False,[]
21853685,Boarding School Girls,False,[],False,[]
21853753,"Dreamfire (Dream Walker, #1)",False,[],True,[25663775]
21853839,Hunted (Dark Reflections #2),False,[],True,[23596003]
21856005,Skyfire (Chasing the Valley #3),True,"[17739850, 19481404]",False,[]
21857830,"Fractured Dream (The Dreamer Saga, #1)",False,[],False,[]
21859363,"Breaking the Rules (Pushing the Limits, #1.5)",True,"[10194514, 16069024]",True,"[13561164, 17233800, 18808865, 18333898, 25263399]"
21859420,The Coalition (Coalition #1),False,[],False,[]
21863930,"One, Two, Three (Broken Dreams: Natalya's Story #1)",True,[25636267],False,[]
21872573,"Dream Family (Dream, #4)",True,[12205360],True,"[22012362, 22294867]"
21873092,The Bone Queen (The Books of Pellinor Prequel),False,[],False,[]
21873331,"If I Stay Collection (If I Stay, #1-2)",False,[],False,[]
21878049,"The Edge of the Shadows (Whidbey Island Saga, #3)",True,"[13493448, 18012679]",False,[]
21881461,"The Rift (Rootless, #2)",True,[13591672],False,[]
21882262,"The Trouble with Faking (The Trouble Series, #3)",True,"[23354047, 29358518]",True,[35856700]
21882602,Troll Mountain,False,[],False,[]
21888731,"The Fear (The Enemy, #3)",True,"[6605625, 8038788]",True,"[18453187, 17402901, 20550277]"
21894650,The Day Human Prince (Day Human Trilogy #1),False,[],False,[]
21896076,"Play On (Lewis Creek, #1)",False,[],True,[25970036]
21897654,"Will to Survive (The Rule of Three, #3)",True,"[17934467, 21469162]",False,[]
21899019,"Choices (Kiera's Quest, #4)",True,"[12937815, 15796325]",False,[]
21912431,"Overpowered (The Powered Trilogy, #2)",True,[28235555],True,[23204668]
21926625,"Happenstance (Happenstance, #1)",False,[],True,[22398328]
21929537,"A Tale of Light and Shadow (A Tale of Light and Shadow, #1)",False,[],False,[]
21932898,"The Reign (Verindon, #3)",True,[17951133],False,[]
21933437,"Vowed (The Blackhart Legacy, #2)",False,[],True,[24105936]
21935528,"The Untimely Deaths of Alex Wayfare (Alex Wayfare, #2)",True,[17878473],False,[]
21936321,"Fallen Crest High (Fallen Crest High, #1)",True,[22469648],True,"[17191012, 18110808]"
21936807,"City 1 (Revolution 19, #3)",True,[13667361],False,[]
21936988,"The Sin Eater’s Daughter (The Sin Eater’s Daughter, #1)",True,[31303411],True,[31291543]
21938881,"Love and Decay 2, Episode Six (Love and Decay 2, #6)",True,"[20739318, 20877471, 21316930, 21527341]",True,"[22470981, 22599991]"
21944665,"The Artisans (The Artisans, #1)",False,[],True,[25757247]
21946861,What Tomorrow May Bring,False,[],False,[]
21948194,The Chosen Ones,False,[],False,[]
21949375,"American Girl on Saturn (Saturn, #1)",False,[],True,"[22019162, 18587097]"
21950834,Atlantis Dark Tides (Lost Daughters of Atlantis #4),True,"[17925677, 17993493, 18132868, 18517713]",True,[23596997]
21951245,Descent (A Lost Tribe #1),False,[],True,[25263716]
21956824,"More Than a Love Song (Heartside Bay, #3)",True,"[20664074, 20767248]",True,"[22605715, 22554593, 22605732]"
21969786,More Than This,False,[],False,[]
21971806,"Reading Between the Lines (The Rosewoods, #4)",True,"[20492486, 20814947]",True,"[23453058, 27210505]"
21971874,"Birthright (Descendant, #2)",True,[16122086],False,[]
21973270,"Terminal (Virals, #5)",True,"[7744611, 8709640, 19034958]",False,[]
21975949,"The Coming Storm (The Misshapes, #1)",False,[],False,[]
21976510,Dark Hope (Archangel Prophecies #1),False,[],False,[]
21979832,"The Girl from Everywhere (The Girl from Everywhere, #1)",False,[],True,[30653880]
22005849,"Alliance (The Cavy Files, #2)",True,[21519379],True,[26041284]
22008489,"Blue (Blue, #1)",False,[],True,[27396086]
22009372,"Time's Echo (The Chronos Files, #1.5)",True,[18108877],False,[]
22009384,The Edge of Forever (The Edge of Forever #1),False,[],False,[]
22011554,"Turning 16 (Turning 16, #1)",False,[],True,[25273540]
22012362,"Waking Dream (Dream, #5)",True,"[12205360, 21872573]",True,[22294867]
22012747,Chaos (The Realmwalker Chronicles #1),False,[],False,[]
22015727,Mars Rising (Saving Mars #6),True,"[17789087, 18190078, 19546771, 25972553]",False,[]
22017147,Jupiter Winds (Jupiter Winds #1),False,[],True,[30656232]
22017484,Rhapsody on a Theme (Vivaldi in the Dark #3),True,"[18907836, 22845557]",False,[]
22018255,"Starlet's Man (The Starlet, #0.5)",False,[],True,"[16291113, 16291209, 17866941]"
22019162,"Kids in Love (Saturn, #2)",True,[21949375],True,[18587097]
22019274,"Revenge, Ice Cream, and Other Things Best Served Cold (Broken Hearts & Revenge, #2)",False,[],True,[22019279]
22019279,"Hearts, Fingers, and Other Things to Cross (Broken Hearts & Revenge, #3)",True,[22019274],False,[]
22019704,"The Artful (Shadows of the City, #1)",False,[],False,[]
22021611,"Just One Night (Just One Day, #2.5)",True,"[12842134, 17623975]",False,[]
22021627,"Complete (Incomplete, #2)",True,[18226997],False,[]
22023638,"Halo (Blood and Fire, #1)",False,[],True,[21800559]
22024061,"Very Wicked Beginnings (Briarcrest Academy, #1.5)",False,[],False,[]
22024480,"Eden, Dawn (The Chronicles of Paradise, #1)",False,[],False,[]
22027398,Time of Ruin (Ash and Ruin #2),True,[18680367],False,[]
22029529,Kaleidoscope: Diverse YA Science Fiction and Fantasy Stories,False,[],False,[]
22038811,Dead Investigation,False,[],False,[]
22040226,"Found (Mickey Bolitar, #3)",True,"[9838800, 13593563]",False,[]
22041903,"Simple Beginnings (Bloomfield, #2)",True,[20982578],True,[27577048]
22046915,"Eden's Ore: Secrets (Eden's Ore, #1)",False,[],True,[25353382]
22048837,"Torn: True Love (Torn Love, #1)",False,[],True,[22772408]
22050853,"The New Agenda (The New Agenda, #2)",False,[],True,"[23485097, 25769701]"
22052760,Paradigm (Paradigm #1),False,[],False,[]
22053004,"Time Lock (Red Moon, #3)",True,[17369278],False,[]
22053410,"Perfect Ruin (The Internment Chronicles, #1)",False,[],True,"[17333927, 17558080, 17571270]"
22054340,"The Queen (The Selection, #0.4)",False,[],True,"[10507293, 16248068, 18170039, 22917292, 18635016, 22918050, 26074181]"
22056601,"The Ghost Files 3 (The Ghost Files, #3)",True,[20391541],True,[27852886]
22057437,"Come and Get Me (The Keatyn Chronicles, #6)",True,"[13557124, 16073993, 16173484, 16401102, 16401232]",False,[]
22059376,100 Proof Stud (The Darcy Walker Series #3),True,[16139620],False,[]
22059569,TimeBomb (Timebomb Trilogy #1),False,[],True,[29976178]
22060502,"The Extraction List (The Extraction List, #1)",False,[],False,[]
22061971,"The Prey (The Prey, #1)",False,[],True,[25439510]
22062231,After Days (After Days Trilogy #1),False,[],True,[23668896]
22065067,"Sword and Verse (Sword and Verse, #1)",False,[],True,[28449180]
22067637,"Hear Me Now (Count on Me, #2)",True,[22813154],True,"[22554927, 23312601]"
22070953,"The Wanderers (The Wanderers, #1)",False,[],True,[27240681]
22071887,"This Night So Dark (Starbound, #1.5)",True,[13138635],True,[13138734]
22076576,"Sleep of Death (Charlotte Westing Chronicles, #2)",True,[18635004],False,[]
22077289,House of Sand and Secrets (Hobverse #2),True,[11388429],False,[]
22091258,Unleashed,False,[],False,[]
22094961,"Bloodwitch (The Witchlands, #3)",True,"[21414439, 29939390]",True,[22094965]
22094965,"Untitled (The Witchlands, #4)",True,"[21414439, 22094961, 29939390]",False,[]
22095547,"Serpentine (Serpentine, #1)",False,[],True,[28537304]
22096015,"Love Bomb (Ladybirds, #2)",True,[20618013],True,"[25800990, 28480437]"
22103716,Chronicles: The Library of Illumination (The Library of Illumination #1-5),False,[],False,[]
22106358,Liccle Bit,False,[],False,[]
22139767,The Ghost of You (The Ghost of You #1),False,[],False,[]
22204865,"Soulless (Maiden of Time, #2)",False,[],False,[]
22206798,"Delirium: The Complete Collection: Delirium, Hana, Pandemonium, Annabel, Raven, Requiem",False,[],False,[]
22206799,"Gone Series Complete Collection: Gone, Hunger, Lies, Plague, Fear, Light",False,[],False,[]
22208238,"Maximum Ride Forever (Maximum Ride, #9)",True,"[13139, 13152, 33676, 1829709, 3393124, 6431790, 7201913, 11946245]",False,[]
22231395,My Forever (Infinite Love #2),True,[24088823],False,[]
22231876,"The Fool (Virtual Arcana, #0)",False,[],True,"[23305087, 23305104]"
22249765,Under the Never Sky: The Complete Series Collection,False,[],False,[]
22260666,"Elected (The Elected Series, #1)",False,[],True,[22736512]
22271138,Gene Cards (Skyler Donohue #1),False,[],False,[]
22294867,"Dream Home (Dream, #7)",True,"[12205360, 21872573, 22012362]",False,[]
22295304,"Shadowshaper (Shadowshaper, #1)",False,[],True,[34051373]
22296822,The Edge of Everything,False,[],False,[]
22297138,"The Novice (Summoner, #1)",False,[],True,[31687423]
22297294,Girl Against the Universe,False,[],False,[]
22297731,"Scar Girl (The Scar Boys, #2)",True,[16068954],False,[]
22299763,"Crooked Kingdom (Six of Crows, #2)",True,[23437156],False,[]
22304062,"T is for...(Grover Beach Team, #3)",True,"[19263293, 19263535]",True,"[22999528, 23573898, 27252268]"
22311987,"Counteract  (Resistance, #1)",False,[],True,"[26046894, 30356956]"
22313756,"Starbound (Starstruck, #3)",True,[19548182],False,[]
22318573,"Tear You Apart (Beau Rivage, #2)",True,"[12680998, 16086828]",False,[]
22324971,"Exiled: Kenly's Story (Talented Saga, #5)",True,"[13466202, 13624476, 16037000, 18196600]",False,[]
22328546,"Red Queen (Red Queen, #1)",True,"[25362018, 25944381]",True,"[23174274, 30226723, 27188596]"
22359983,"Riot of Storm and Smoke (Threats of Sky and Sea, #2)",False,[],True,[25450479]
22361166,"Breaking Walls (Breaking, #2)",False,[],False,[]
22370534,Driven (Reflections #9),True,"[13511275, 17232241, 17333916]",True,[23596037]
22385288,"Mania (The Night Walkers, #3)",True,"[12260608, 18579803]",False,[]
22391592,Night of Pan,False,[],False,[]
22391912,"House of Korba (The Ghost Bird, #7)",True,"[18403921, 18411969, 18714697, 20321703, 28362407, 31257244]",True,"[23486206, 23004842, 23004844, 23004848, 25448932, 25448939]"
22392431,Possess (Mary Hades #2),True,[20935599],False,[]
22392755,"Deviate (The Light Key Trilogy, #2)",True,[18050015],False,[]
22396591,The Dead House,False,[],False,[]
22398328,"Happenstance 3 (Happenstance, #3)",True,[21926625],False,[]
22398595,Stolen Moon (Light Chronicles #2),True,"[289601, 9677397, 25953603]",False,[]
22401692,The Romeo Catchers (The Casquette Girls #2),True,[25917801],False,[]
22402154,"Flat-Out Celeste (Flat-Out Love, #2)",True,"[11096647, 17611379]",False,[]
22403051,"Quake (Pulse, #3)",True,"[8592303, 14760527]",True,"[9509236, 13044990, 13181735, 16076614]"
22408549,"Eye On Orion (Orion, #1)",False,[],True,"[27220377, 35066264]"
22427505,Away From The Sun (The Starborn Ascension #2),False,[],False,[]
22428828,"Welcome to Shadowhunter Academy (Tales from the Shadowhunter Academy, #1)",False,[],True,"[23380998, 23380999, 23381005, 23381006, 23381009, 23381014]"
22429350,The Start of Me and You,False,[],False,[]
22429623,"The Marked Girl (Marked Girl, #1)",False,[],True,[32313930]
22432577,"Please Remain Calm (This Is Not a Test, #1.5)",False,[],False,[]
22437523,"The Trials (Project Paper Doll, #3)",True,"[11640957, 18296013]",False,[]
22444090,True Colors (Landry's True Colors #1),False,[],True,"[25145859, 28551083]"
22445807,"I Am Rebecca (I Am Not Esther, #2)",False,[],True,[25959337]
22445886,"Until the Beginning (After the End, #2)",True,[13601681],False,[]
22445986,"Nephilius (Walker Saga, #5)",False,[],False,[]
22446013,Soulless,False,[],False,[]
22449285,"The Remedy (The Program, #0.5)",False,[],True,"[11366397, 17948607, 23666204, 27420597]"
22449923,When Fully Fused (Schasm #3),True,"[20620652, 20739400]",False,[]
22452354,"Wicked Path (Daath Chronicles, #2)",True,[17797999],False,[]
22456905,"Twist (Loop, #2)",True,[19286673],False,[]
22458368,"Sanctum (The After Light Saga, #2)",True,[18629550],False,[]
22458690,"Forget Me Not (Forgotten Fairytales, #2)",True,[20821763],False,[]
22459608,"Until Beth (Life & Beth, #1)",False,[],False,[]
22460024,"The Last Uprising (The Defectors, #3)",True,[18524037],False,[]
22460322,"The World Forgot (Ever-Expanding Universe, #3)",True,[16126015],True,[17334473]
22465605,"Miss Mayhem (Rebel Belle, #2)",True,[8475505],True,[25518205]
22465896,"Phobic (The Forbidden Doors, #1)",False,[],True,"[407353, 88522, 1265504, 407358, 88523, 88498, 1265503]"
22466255,"The Dark Water (The Well's End, #2)",True,[16101138],False,[]
22466429,Kids of Appetite,False,[],False,[]
22468132,The Snake (Messenger of Fear  #1.5),True,[20419044],True,[24336355]
22469323,"Firewalker (Worldwalker, #2)",True,[20613491],True,[23008469]
22469648,"Mason (Fallen Crest High, #0.5)",False,[],True,"[21936321, 17191012, 18110808]"
22470981,"Love and Decay 2, Episode Ten (Love and Decay 2, #10)",True,"[20739318, 20877471, 21316930, 21527341, 21938881]",True,[22599991]
22472172,"Sticks and Stones (The Wish Makers, #1)",False,[],True,[22571053]
22472626,"Hope: Infinity Series Short Story (Infinity, #1.5)",False,[],False,[]
22475352,"Impulse (Submerged Sun, #2)",True,[18683518],False,[]
22483750,"Stung (Struck, #2)",True,"[12432229, 13486348, 17522283]",True,[27254713]
22489107,"Fairest (The Lunar Chronicles, #3.5)",True,"[11235712, 13206760, 13206828, 13254289, 16075962, 19208103, 20813789]",True,"[13206900, 25689074]"
22493289,Picking up the Pieces (Pieces #1),True,[18172551],False,[]
22494015,How I Fall (How I Fall #1),False,[],True,[24110210]
22494087,"King (The Dragon King Chronicles, #3)",True,[10129062],False,[]
22494146,"Blood Pact (Blood Pact, #1)",False,[],False,[]
22500613,"Descendant (Endgame: The Training Diaries, #2)",True,[21546201],True,[23213836]
22500624,The Navigator (Lorien Legacies: The Lost Files #11),True,"[11237412, 13622863, 15752308, 15762770, 16065602, 18053086, 18053087, 18738863]",True,"[25742694, 26242358]"
22501055,Under a Painted Sky,False,[],False,[]
22504696,"In the Time of Dragon Moon (Wilde Island Chronicles, #3)",False,[],False,[]
22510983,"Girl Online (Girl Online, #1)",False,[],True,"[23208406, 30340276]"
22511892,Inked (Inked #1),False,[],False,[]
22521951,Written in the Stars,False,[],False,[]
22522202,"Until Friday Night (The Field Party, #1)",False,[],True,"[26135139, 32333318]"
22523293,"Current Impressions (Never Forgotten, #2)",False,[],False,[]
22524302,"Aftermath (The Afterworld Saga, #1)",False,[],False,[]
22535190,"The Exile's Gift (The Numair Chronicles, #2)",True,[17312156],False,[]
22535481,"A Wicked Thing (A Wicked Thing, #1)",False,[],True,[24574656]
22537667,"Tunnel Vision (Tunnel Vision, #1)",False,[],True,[28643226]
22537705,"Renegade (Silver Blackthorn, #2)",True,[18490660],True,[26114479]
22539894,"Etherworld (Elusion, #2)",True,[12369550],False,[]
22542586,"Avian (Dragonrider Chronicles, #2)",True,[18733563],True,[23344338]
22545158,"SeaMonster (The Aquarathi, #1.5)",True,[17397760],False,[]
22554593,"Never a Perfect Moment (Heartside Bay, #5)",True,"[20664074, 20767248, 21956824, 22605715]",True,[22605732]
22554927,"Take Me with You (Count on Me, #3)",True,"[22067637, 22813154]",True,[23312601]
22555473,"Blackout (Darkness Trilogy, #1)",False,[],True,[17183843]
22559712,"Invision (Chronicles of Nick, #7)",True,"[6696602, 8677937, 10542244, 16704220, 20868595]",True,[22559726]
22559726,"Intensity (Chronicles of Nick, #8)",True,"[6696602, 8677937, 10542244, 16704220, 20868595, 22559712]",False,[]
22561320,"Velvet (Velvet, #1)",False,[],True,[25543733]
22561373,"Falling From The Sky (Bear Creek, #1)",False,[],False,[]
22571053,"Break My Bones (The Wish Makers, #2)",True,[22472172],False,[]
22571251,"Burning Nation (Divided We Fall, #2)",True,[18114594],True,[26626466]
22571272,"Fire & Flood (Fire & Flood, #1)",False,[],False,[]
22571275,"All Fall Down (Embassy Row, #1)",False,[],True,"[24644814, 30254923]"
22571365,"A Book of Spirits and Thieves (Spirits and Thieves, #1)",False,[],True,[23367270]
22573508,"Forget Me Not (Collective, #1)",False,[],True,"[20424731, 23269128]"
22574139,Miles from Nowhere (Roadside Assistance #3),False,[],False,[]
22586972,"Siren's Fury (Storm Siren, #2)",True,[18806259],True,[22586973]
22586973,"Siren's Song (Storm Siren, #3)",True,"[18806259, 22586972]",False,[]
22587685,"A Blaze of Magic (Chosen Saga, #2)",True,"[13304535, 26722146]",True,[26824716]
22587941,Dystopia (Dystopia #1),True,[17341729],True,"[17835822, 17835828]"
22589133,Never say Forever (Never series #1),True,[17937501],False,[]
22593010,"Out of Ruins (From the Wreckage, #2)",True,[32717145],True,[23124475]
22596955,"Nothing Bad Is Going to Happen (No One Else Can Have You, #2)",True,[18052934],False,[]
22598400,Once Upon an Ever After (Once Upon a Road Trip #2),True,[18816364],False,[]
22599991,"Love and Decay 2, Episode Eleven (Love and Decay 2, #11)",True,"[20739318, 20877471, 21316930, 21527341, 21938881, 22470981]",False,[]
22604923,"Harmonic (Dissonance, #1.5)",True,[17334538],True,[23262675]
22605715,"A Date with Fate (Heartside Bay, #4)",True,"[20664074, 20767248, 21956824]",True,"[22554593, 22605732]"
22605732,"Kiss at Midnight (Heartside Bay, #6)",True,"[20664074, 20767248, 21956824, 22554593, 22605715]",False,[]
22614886,"Until Midnight (Alienated, #1.5)",True,[13574417],True,"[17316770, 26180279]"
22615594,"A French Diva in New York (The French Girl series, #4)",True,"[17161874, 21466802]",False,[]
22616196,"The Crossing (Daughters of the Sea, #4)",True,"[12246388, 15767909]",True,[23348153]
22616620,Rise of the Fey (Morgana Trilogy Book II),False,[],False,[]
22619628,"Appaloosa Summer (Island Series, #1)",True,[17825118],True,"[24750282, 21421559]"
22638095,"Autumn's Kiss (Autumn Falls, #2)",True,[18691033],True,[27209230]
22638200,"The Sparks (Feud, #1)",False,[],True,[34847142]
22663320,"The Pretty App (App, #2)",True,[16248159],False,[]
22663515,"Nearly Found (Nearly Gone, #2)",True,[13409664],False,[]
22663629,Shallow Graves,False,[],False,[]
22668917,"The Empty Throne (Heirs of Chrior, #2)",True,[18168636],False,[]
22669934,"Senior Year Bites (The Clanless, #1)",False,[],False,[]
22670108,"Jacob, King of Portalia (The Pillars of Life Trilogy, #1)",False,[],False,[]
22673888,"Darkest Night (Department 19, #5)",True,"[11797478, 18590476]",False,[]
22674815,"Fire in the Woods (Fire in the Woods, #1)",False,[],True,"[23344658, 31950064]"
22678308,The Shadow Prison (The Ninth Chosen #1),False,[],False,[]
22691066,Caitlin Star and the Guardian of Forever (Caitlin Star #2),True,[18215029],False,[]
22692312,"Hidden Monster (Monsters Among Us, #1)",False,[],False,[]
22692740,Symptoms of Being Human,False,[],False,[]
22698031,Divergent Series Box Set (Books 1-4 Plus World of Divergent),False,[],False,[]
22698566,"The Gray Horizon (The Horizons Trilogy, #2)",True,[18274597],False,[]
22701879,Not If I See You First,False,[],False,[]
22715908,"Cold Burn of Magic (Black Blade, #1)",False,[],True,[25923471]
22718588,"Rival: A Feuds Novella (The Feuds, #0.5)",False,[],True,"[20944621, 23014695]"
22718684,"Blood Will Tell (Point Last Seen, #2)",True,[19478190],False,[]
22718710,"Love Fortunes and Other Disasters (Grimbaud, #1)",False,[],True,[25819497]
22718736,Sweet,False,[],False,[]
22718738,"Becoming Jinn (Becoming Jinn, #1)",False,[],True,[18046383]
22719283,"Under the Lights (Daylight Falls, #2)",True,[17869397],False,[]
22724488,"Cinder & Ella (Cinder & Ella, #1)",False,[],True,[32330513]
22724889,Ruined (Stratford High #1),False,[],False,[]
22728670,"The Heroes of Olympus Boxed Set (The Heroes of Olympus, #1-5)",False,[],False,[]
22733612,"Silver Eve (Guardians of Tarnec, #2)",False,[],False,[]
22734368,Dead Moon Awakens: A tale of Cherokee myth and Celtic magic (Mystic Gates #1),False,[],False,[]
22736512,Suspected (The Elected Series #2),True,[22260666],False,[]
22736613,Hold Me Closer: The Tiny Cooper Story,False,[],False,[]
22739984,Out of Time (Out of Time #1),False,[],False,[]
22740204,A Crack in Everything,False,[],False,[]
22741571,"Paper Hearts (The Heartbreaker Chronicles, #2)",False,[],False,[]
22744396,"Trust Me, I'm a Ninja (Relax, I'm a Ninja, #2)",True,[18467531],False,[]
22749788,Undertow (Undertow #1),False,[],True,"[23719241, 28114497]"
22752127,The Serpent King,False,[],False,[]
22752758,"The House of the Stone (The Lone City, #1.5)",True,"[16068780, 23254391]",True,"[24585267, 28512427]"
22753693,"The Storm (The Rain, #2)",True,[18522639],False,[]
22755233,"Embers (The Wings of War, #1)",False,[],False,[]
22757044,"Fatal Abduction (IFCS, #3)",False,[],False,[]
22757327,"Third Life: Taken (Life First, #3)",True,[25747431],False,[]
22757923,"War Kids (War Kids, #1)",False,[],False,[]
22772408,"Tore: Divided Love (Torn Love, #2)",True,[22048837],False,[]
22798303,Thárros,False,[],False,[]
22798836,"Dangerous Deception (Dangerous Creatures, #2)",True,"[18478946, 19016490]",False,[]
22812331,"Crimson Oath (Crimson Oath, #1)",False,[],False,[]
22813154,"Count on Me (Count on Me, #1)",False,[],True,"[22067637, 22554927, 23312601]"
22813444,"About a Girl (Metamorphoses, #3)",True,"[16045120, 18490688]",False,[]
22817368,"Untitled (The Conqueror's Saga, #3)",False,[],False,[]
22819890,"A Time to Reap (The Legend of Carter Gabel, #1)",False,[],False,[]
22822954,"Under Cover (Agent 21, #5)",True,"[9942091, 15797038, 17903264]",True,[26001164]
22823042,"Collide (The Collide, #1)",False,[],False,[]
22824383,"Unspoken (Shadow Falls: After Dark, #3)",True,[17905355],False,[]
22831291,Royal Decree (Jason Steed #4),True,[18710121],True,[30295052]
22832941,Child of Lies (The Scion Chronicles #2),True,[18492775],False,[]
22836575,99 Days,False,[],False,[]
22836576,"The Death Code (The Murder Complex, #2)",True,[13576132],False,[]
22838892,The Elementalists,False,[],False,[]
22840182,The Summer of Chasing Mermaids,False,[],False,[]
22840374,"Never Ever (Never Ever, #1)",False,[],False,[]
22840398,Illusionarium,False,[],False,[]
22840402,"Invisible Monsters (Talker 25, #2)",False,[],False,[]
22843267,"Defect: Part Two (Defect, #2)",False,[],False,[]
22845557,The Devil's Trill Sonata (Vivaldi in the Dark #2),True,[18907836],True,[22017484]
22846823,Defending Taylor,False,[],False,[]
22847838,"The Gatekeeper's Promise (Gatekeeper's Saga, #6)",True,"[15845605, 16098340, 17570001, 18470187, 20701398, 29455380]",False,[]
22850111,"Liberated (Banded, #3)",True,[20882802],False,[]
22851315,"Deceptive (Illusive, #2)",True,[17182499],False,[]
22852890,"Prophecy (Calypso, #1)",False,[],True,[196655]
22858765,"Unspeakable (Freedom, #1)",True,[22921756],False,[]
22859138,Just Pretending (Hearts to Follow #1),False,[],True,"[25109148, 23211110]"
22864422,"Her Destiny (Reverie, #2)",True,[21825918],False,[]
22864423,"Encore to an Empty Room (Exile, #2)",True,[18332925],False,[]
22864767,"Beneath Scarlett Valley (Scarlett Valley, #1)",False,[],False,[]
22871024,"Dreamwalkers (Dreamwalkers, #1)",False,[],False,[]
22872556,The Dragon Holder (Forbidden Forest #1),False,[],False,[]
22873354,The Rebel Trap (Rebel #2),True,[17724228],True,[18145277]
22880946,"Unclaimed (Unclaimed, #1)",False,[],False,[]
22882069,"Antebellum Awakening (The Network Series, #2)",True,"[25321022, 25663437]",True,[25801832]
22882859,"Goddess Legacy (Goddess Series, #1)",False,[],True,"[17493622, 17571867]"
22884154,"Vigilante (Guards of the Shadowlands, #2.5)",True,"[13482750, 17667916, 17733363]",True,[18518923]
22884568,Panic Origin Story,False,[],False,[]
22886868,"The Shepherd's Crown (Discworld, #41; Tiffany Aching, #5)",False,[],False,[]
22887469,"Hotwire (Christy, #2)",True,[18302520],True,[26257335]
22887908,"Betrayed (Altered, #1.5)",True,[18269649],True,"[17899846, 19200019, 24580075]"
22889912,"Hexed: The Sisters of Witchdown (Hexed Novels, #1)",False,[],False,[]
22891924,Crown of Ice,False,[],False,[]
22891927,Tempting Death,True,[23344457],False,[]
22892325,"When Gods and Vampires Roamed Miami (Goddess War, #0.5)",True,[26114677],True,"[13246736, 17561810]"
22892448,The Color Project,False,[],False,[]
22895360,Inside the World of Die for Me,False,[],False,[]
22896451,Will the Real Prince Charming Please Stand Up?,False,[],False,[]
22896551,None of the Above,False,[],False,[]
22896573,"The Last Seer (Order of the Seers, #3)",False,[],False,[]
22901217,We Own the Night (Radio Hearts #2),True,[18619593],False,[]
22909758,"The Hidden Prince (The Orphan Queen, #0.1)",False,[],True,"[22909806, 22909812, 22909818, 18081228]"
22909806,"The Glowing Knight (The Orphan Queen, #0.2)",True,[22909758],True,"[22909812, 22909818, 18081228]"
22909812,"The Burning Hand (The Orphan Queen, #0.3)",True,"[22909758, 22909806]",True,"[22909818, 18081228]"
22909818,"The Black Knife (The Orphan Queen, #0.4)",True,"[22909758, 22909806, 22909812]",True,[18081228]
22910900,The Rest of Us Just Live Here,False,[],False,[]
22911299,"Smoked (Scorched, #3)",True,[16006945],False,[]
22913616,"The Girl in the Gray Sweatshirt (Immortal Game, #0.5)",False,[],True,"[13508415, 13508421, 25688995]"
22916493,"Sparks (Shock Me, #2)",True,[18480712],True,[23117929]
22917292,"The Favorite (The Selection, #2.6)",True,"[10507293, 16248068, 18170039, 22054340]",True,"[18635016, 22918050, 26074181]"
22918050,"The Heir (The Selection, #4)",True,"[10507293, 16248068, 18170039, 18635016, 22054340, 22917292]",True,[26074181]
22920573,"Remembrandt (Remembrandt, #1)",False,[],True,"[26798701, 32049866]"
22921756,"Finding Willow (Freedom, #0.5)",False,[],True,[22858765]
22929092,"Sisters of Blood and Spirit (The Sisters of Blood and Spirit, #1)",False,[],True,[26016506]
22929574,"Because You'll Never Meet Me (Because You'll Never Meet Me, #1)",False,[],True,[30038977]
22930604,"Kill Switch (Spark, #1.1)",True,"[18844837, 20950716]",True,"[23784978, 25857262, 30255594]"
22931212,"Along for the Ride (Along for the Ride, #1)",False,[],True,[22931221]
22931221,"You Belong With Me (Along for the Ride, #2)",True,[22931212],False,[]
22957044,Rebel Song (Rebel Song #1),False,[],False,[]
22957534,Parallel Triangles,False,[],False,[]
22960811,"Boil (Salem's Revenge, #2)",False,[],False,[]
22966358,Heart To Heart (Angelica Brown #2),True,[21493775],False,[]
22974410,Induction Day (Butterman Travel series #2),False,[],False,[]
22980103,"Devoted (Angel Academy, #1)",True,[14741366],False,[]
22999141,"Emancipated (Emancipated, #1)",False,[],True,[29106302]
22999528,"Kiss with Cherry Flavor (Grover Beach Team, #4)",True,"[19263293, 19263535, 22304062]",True,"[23573898, 27252268]"
22999921,"Heat of the Moment (Moment of Truth, #1)",False,[],True,[23364927]
23000013,"Wet Paint (Transitions, #2)",True,[17702165],False,[]
23003785,"Walking Wolf Road (The Wolf Road Chronicles, #1)",False,[],False,[]
23004842,"The Other Side of Envy (The Ghost Bird, #8)",True,"[18403921, 18411969, 18714697, 20321703, 22391912, 23486206, 28362407, 31257244]",True,"[23004844, 23004848, 25448932, 25448939]"
23004844,"The Healing Power of Sugar (The Ghost Bird, #9)",True,"[18403921, 18411969, 18714697, 20321703, 22391912, 23004842, 23486206, 28362407, 31257244]",True,"[23004848, 25448932, 25448939]"
23004848,"First Kiss (The Ghost Bird, #10)",True,"[18403921, 18411969, 18714697, 20321703, 22391912, 23004842, 23004844, 23486206, 28362407, 31257244]",True,"[25448932, 25448939]"
23005688,The Ship,False,[],False,[]
23008376,"The Ruby Iyer Diaries (Ruby Iyer Series, #0.5)",False,[],True,[23158258]
23008469,"Witch's Pyre (Worldwalker, #3)",True,"[20613491, 22469323]",False,[]
23009402,Saint Anything,False,[],False,[]
23014305,"A Girl Undone (A Girl Called Fearless, #2)",True,[18404156],False,[]
23014610,"Hide and Seek (Jess Tennant, #3)",False,[],False,[]
23014695,"Torn (The Feuds, #2)",True,"[20944621, 22718588]",False,[]
23014840,"The Summer Marked (The Winter People, #2)",False,[],False,[]
23014901,"Prodigal (The Lost Imperials, #2)",False,[],True,[23014905]
23014905,"Riven (The Lost Imperials, #3)",True,[23014901],False,[]
23015872,"Traffick (Tricks, #2)",True,[5510384],False,[]
23016659,Sparks Rise (The Darkest Minds #2.5),True,"[10576365, 16150830, 18052136, 28064676]",True,"[16150831, 25453426]"
23058402,The Art of Being Normal,False,[],False,[]
23093577,The Wanted (The Woodlands #4),True,"[18283771, 18643872, 18712956]",False,[]
23109035,Atlanta Burns (Atlanta Burns #1),False,[],True,[26209460]
23111822,"Link (The Shadow of Light, #1)",False,[],False,[]
23116865,Chrysoprase (Chalcedony Chronicles #2),True,[20527595],True,[27395877]
23117815,Dia of the Dead (Dia of the Dead #1),False,[],False,[]
23117929,"Collide (Shock Me, #3)",True,"[18480712, 22916493]",False,[]
23118840,"Liliana (Liliana, #1)",False,[],False,[]
23119672,"Along Came a Wolf (The Yellow Hoods, #1)",False,[],True,"[23156034, 24316301]"
23121889,"Dehumanize Us (Fabricated World, #1)",False,[],False,[]
23122971,"Blood Boy (Jasper Dent, #0.8)",True,"[17254986, 18719133, 20736260]",True,"[15790832, 15790833, 20454051]"
23122980,Forever Light,False,[],False,[]
23124475,"All That Remains (From The Wreckage, #3)",True,"[22593010, 32717145]",False,[]
23125033,"Temporary High (Running On Empty, #2)",True,[18241299],False,[]
23126188,"The Fire Sisters (Brilliant Darkness, #3)",True,"[13450088, 18132908]",False,[]
23129879,"Oryon (Changers, #2)",True,[17675386],True,[29633749]
23130360,"Ash (Destined, #1)",True,[11778281],False,[]
23146408,"Spiders (Adam Grant, #2)",True,[18668639],False,[]
23149128,Extraordinary Means,False,[],False,[]
23151530,"Henge (Le Fay, #1)",False,[],True,[27233749]
23152360,"Redemption (Aurelia, #3)",False,[],False,[]
23152378,"The Girl Who Read the Stars (Otherworld, #1.5)",True,"[17708622, 28238589]",True,[15780961]
23153256,"Deception (Pandora Jones, #2)",True,[20877929],False,[]
23154286,"Something Like Lightning (Something Like, #5)",True,[10213367],False,[]
23156034,"Breadcrumb Trail (The Yellow Hoods, #2)",True,[23119672],True,[24316301]
23157773,Untitled Beauty (Somewhere-in-Between #1),False,[],True,[31821174]
23158258,"The Many Lives of Ruby Iyer (Ruby Iyer Series, #1)",True,[23008376],False,[]
23160681,"Two of Us (The Lonely Hearts Club, #1.2)",True,[6609714],True,"[23160684, 18801694]"
23160684,"From Me to You (The Lonely Hearts Club, #1.3)",True,"[6609714, 23160681]",True,[18801694]
23162056,"The Ugly Stepsister (Unfinished Fairy Tales, #1)",False,[],False,[]
23162817,"Sound of Sirens (Tales of Skylge, #1)",False,[],True,"[23439989, 23976387]"
23164707,"Crossed (Soul Eaters, #3)",True,"[17345314, 20256261]",False,[]
23168396,"Diamonds are Forever (The Secret Diamond Sisters, #3)",True,"[17160608, 20821546]",False,[]
23168406,"Rogue (Talon, #2)",True,[17331828],True,"[17342750, 28821387, 17342753]"
23168570,"Voyage (Powerless Nation, #2)",False,[],False,[]
23168765,"The Nightmare Charade (The Arkwell Academy, #3)",True,"[12411635, 17910091]",False,[]
23168806,"Seriously Wicked (Seriously Wicked, #1)",False,[],False,[]
23168992,The Soul Thief,False,[],False,[]
23173254,"The Neptune Challenge (The Neptune Project, #2)",True,[10739664],False,[]
23174274,"Glass Sword (Red Queen, #2)",True,"[22328546, 25362018, 25944381]",True,"[30226723, 27188596]"
23197010,"Ruination (Worlds Apart, #1)",False,[],True,[24431110]
23197289,"A Conspiracy of Princes (Allies & Assassins, #2)",False,[],False,[]
23197837,The Belles (The Belles #1),True,[12814519],False,[]
23198014,"Urban Legends (Forbidden Spaces, #3)",True,"[16110931, 18129633]",False,[]
23198675,"Meritropolis (Meritropolis, #1)",False,[],False,[]
23198876,"The Revolution of Ivy (The Book of Ivy, #2)",True,[20640755],False,[]
23199314,"A Sky Unbroken (Earth & Sky, #3)",True,"[17875055, 25060087]",False,[]
23203106,Wink Poppy Midnight,False,[],False,[]
23203542,"The Silence of Six (SOS, #1)",True,[23776277],True,[27071332]
23204668,Empire Rising (City of Legends Series #3),True,"[21912431, 28235555]",False,[]
23208406,"Girl Online On Tour (Girl Online, #2)",True,[22510983],True,[30340276]
23208417,This Raging Light,False,[],False,[]
23211110,Stage Lights (Hearts to Follow #3),True,"[22859138, 25109148]",False,[]
23211137,Hearts to Follow (Hearts to Follow #1-3),False,[],False,[]
23213803,"Into The Dark (Into The Dark, #1)",True,[16176186],True,"[18053984, 16567625, 29058352]"
23213836,"Existence (Endgame: The Training Diaries, #3)",True,"[21546201, 22500613]",False,[]
23215471,"Royal Wedding (The Princess Diaries, #11)",True,"[38980, 93727, 93728, 93729, 93731, 93732, 93739, 439275]",False,[]
23222016,Legacy (Legacy #1),True,"[10072160, 17732260]",True,[25620450]
23222516,"As White as Snow (Lumikki Andersson, #2)",True,[21417381],True,[24965090]
23245593,Fierce Reads: Kisses and Curses,False,[],False,[]
23251754,"The New Order (The Young World, #2)",True,[18774016],False,[]
23251931,"The Road to You (Wildflower, #2)",True,[18699460],False,[]
23253921,"Demon Road (Demon Road, #1)",False,[],True,[26791238]
23254391,"The Wishing Well (The Lone City, #0.2)",False,[],True,"[16068780, 22752758, 24585267, 28512427]"
23255448,The 52nd (The 52nd #1),False,[],False,[]
23257464,"The Game of Lives (The Mortality Doctrine, #3)",True,"[16279856, 17700320]",False,[]
23262675,Resonance (Dissonance #2),True,"[17334538, 22604923]",False,[]
23263328,"The Fine Art of Pretending (The Fine Art of Pretending, #1)",False,[],True,[27132749]
23263567,Reluctant Prince (Kingdom of Cymmera #1),False,[],False,[]
23264438,Silverwood  (Silverwood #1),False,[],False,[]
23264825,"Homecoming (The 100, #3)",True,"[17332969, 20454076]",False,[]
23265488,"Captive Films: Season 1 (Captive Films, #4)",False,[],True,"[23265492, 23265494]"
23265492,"Captive Films: Season 1 (Captive Films, #5)",True,[23265488],True,[23265494]
23265494,"Captive Films: Season 1 (Captive Films, #6)",True,"[23265488, 23265492]",False,[]
23266378,"The Next Together (The Next Together, #1)",False,[],True,"[33287842, 30241752, 24550848]"
23266680,The Union (The Union #1),False,[],True,"[25440951, 27152245, 35678728]"
23267424,The Beautiful-Ugly (The Beautiful-Ugly Trilogy #1-3),False,[],False,[]
23267628,"The Fever Code (The Maze Runner, #0.6)",True,[13089710],True,"[6186357, 7631105, 12878132, 7864437]"
23269128,"Never Forgotten (Collective, #3)",True,"[20424731, 22573508]",False,[]
23272028,"A Study in Charlotte (Charlotte Holmes, #1)",False,[],True,"[30256105, 33810737]"
23277377,The Bad Boy's Heart (Bad Boy Series #2),False,[],False,[]
23278280,"Off the Page (Between the Lines, #2)",True,"[11262424, 12067972, 12283261]",True,"[13248357, 17158158]"
23278532,"Alive (The Generations Trilogy, #1)",False,[],True,"[25489021, 28227834]"
23281902,"This Broken Wondrous World (Man Made Boy, #2)",True,[17297488],False,[]
23281932,"Tracked (Tracked, #1)",False,[],False,[]
23285789,Crushed (Rushed #2),False,[],False,[]
23287087,"Cole… Meet Ali (White Rabbit Chronicles, #1.5)",True,[11300302],True,"[15755296, 20579287, 24893241, 27800153]"
23287168,"The Night We Said Yes (The Night We Said Yes, #1)",False,[],False,[]
23287177,"Endgame: The Complete Training Diaries (Endgame: The Training Diaries, #1-3)",False,[],False,[]
23287180,The Islanders Vol. 1,False,[],False,[]
23288804,"No Love Allowed (Dodge Cove, #1)",False,[],False,[]
23291161,"Possession of My Heart (The Three Immortal Blades, #2)",False,[],False,[]
23292999,"The Almost King (Tellus, #2)",False,[],True,[32467656]
23296910,"All That Glitters (Geek Girl, #4)",True,"[18065780, 18665259]",True,"[27209626, 26094860]"
23299217,"Truly, Madly, Famously (Famous in Love, #2)",True,[19245811],False,[]
23299512,"This Savage Song (Monsters of Verity, #1)",False,[],True,[32075662]
23299513,"The Shadow Queen (Ravenspire, #1)",False,[],True,[30255943]
23302521,"Grip (Slip, #2)",True,[23626921],True,[23733149]
23302838,"Goldenhand (Abhorsen, #5)",True,[518848],False,[]
23305087,"The Magician (Virtual Arcana, #1)",True,[22231876],True,[23305104]
23305104,"The High Priestess (Virtual Arcana, #2)",True,"[22231876, 23305087]",False,[]
23305614,Finding Audrey,False,[],False,[]
23308087,"Flame in the Mist (Flame in the Mist, #1)",False,[],True,[31394243]
23309610,The Creeping,False,[],False,[]
23310649,"Tarnished (Perfected, #2)",True,[18630496],False,[]
23310689,"Pyromantic (Firebug, #2)",True,[16117921],False,[]
23310692,"The Rule of Mirrors (The Vault of Dreamers, #2)",True,[20518838],True,[31145067]
23310749,"Hellraisers (The Devil's Engine, #1)",False,[],True,[29225046]
23310751,First & Then,False,[],False,[]
23310761,Tonight the Streets Are Ours,False,[],False,[]
23310763,The Anatomical Shape of a Heart,False,[],False,[]
23312541,Unicorns and Rainbow Poop (Vocal Growth #2),True,[18212668],False,[]
23312601,"Here & Now (Count on Me, #5)",True,"[22067637, 22554927, 22813154]",False,[]
23314948,"Powerless (The Hero Agenda, #1)",False,[],True,[27015385]
23316633,Gideon Lee (Starlight Chronicles #1),True,[20707942],False,[]
23339995,"Of Shadows and Obsession (Of Metal and Wishes, #0.5)",False,[],True,"[17303139, 17558151]"
23340748,"Enchanted (Summer Solstice, #1)",False,[],False,[]
23341252,This Is Our Story,False,[],False,[]
23341894,Every Last Word,False,[],False,[]
23342518,"The Eternals (The Eternals, #1)",False,[],False,[]
23344222,"The Potion Diaries (Potion, #1)",False,[],True,[26065653]
23344338,"Traitor (Dragonrider Chronicles, #3)",True,"[18733563, 22542586]",False,[]
23344352,Gods of Chaos (Red Magic #2),False,[],False,[]
23344457,"Death Becomes Me (Call Me Grim, #2)",False,[],True,[22891927]
23344658,"Ashes in the Sky (Fire in the Woods, #2)",True,[22674815],True,[31950064]
23346358,The Accident Season,False,[],False,[]
23346503,"Arena 13 (Arena 13, #1)",False,[],True,[26210501]
23347755,"The City of Light  (The Secret of the Tirthas, #1)",False,[],False,[]
23348153,Eventide: The Reclamation Of Fallon (Daughters of the Sea #4.5),True,"[12246388, 15767909, 22616196]",False,[]
23349304,"The Weight of Destiny (Misfits, #1)",True,[291896],False,[]
23349609,"Rival Hearts (Rival Love, #2)",True,[19178034],False,[]
23352798,From the Ashes (Fairytale Collection #3),True,[18464510],False,[]
23353847,Two Red Leaves (Young Love's Journey #2),True,[18096111],False,[]
23354047,"Trouble Is a Friend of Mine (Trouble, #1)",False,[],True,"[29358518, 21882262, 35856700]"
23354348,The Six (The Six #1),False,[],True,[28075399]
23355798,"Alpha Unleashed (Alpha Girl, #5)",False,[],True,[27262881]
23357071,Frozen Charlotte,False,[],False,[]
23357360,Fairly Certain (Love of Fairs #1),False,[],False,[]
23358109,"Black Widow: Forever Red (Black Widow, #1)",False,[],False,[]
23359246,"The House of Night Series: Books 1-12 (House of Night, #1-12)",False,[],False,[]
23361016,"Half Lies (The Half Bad Trilogy, #0.5)",False,[],True,"[18079804, 20814989, 20814993]"
23361172,Paperweight,False,[],False,[]
23362529,The Weight of Stars,False,[],False,[]
23362839,The Letting,False,[],False,[]
23364927,"From This Moment (Moment of Truth, #3)",True,[22999921],False,[]
23367169,Breeder,False,[],False,[]
23367261,"Crystal Storm (Falling Kingdoms, #5)",True,"[12954620, 16000044, 17342700, 31434056]",False,[]
23367270,"The Darkest Magic (Spirits and Thieves, #2)",True,[22571365],False,[]
23369370,"Hello, Goodbye, and Everything in Between",False,[],False,[]
23380120,The Calling (Gateway #1),True,"[11444393, 18241346]",True,"[15728835, 18133153]"
23380998,"The Lost Herondale (Tales from the Shadowhunter Academy, #2)",True,[22428828],True,"[23380999, 23381005, 23381006, 23381009, 23381014]"
23380999,"The Whitechapel Fiend (Tales from the Shadowhunter Academy, #3)",True,"[22428828, 23380998]",True,"[23381005, 23381006, 23381009, 23381014]"
23381005,"The Evil We Love (Tales from the Shadowhunter Academy, #5)",True,"[22428828, 23380998, 23380999]",True,"[23381006, 23381009, 23381014]"
23381006,"Pale Kings and Princes (Tales from the Shadowhunter Academy, #6)",True,"[22428828, 23380998, 23380999, 23381005]",True,"[23381009, 23381014]"
23381009,"The Fiery Trial (Tales from the Shadowhunter Academy, #8)",True,"[22428828, 23380998, 23380999, 23381005, 23381006]",True,[23381014]
23381014,"Angels Twice Descending (Tales from the Shadowhunter Academy, #10)",True,"[22428828, 23380998, 23380999, 23381005, 23381006, 23381009]",False,[]
23382858,"Under My Skin (Immortality Strain, #1)",False,[],False,[]
23384431,Gamescape: Overworld (Nova Project #1),False,[],False,[]
23385196,"Banished (Forbidden, #2)",True,[18889290],False,[]
23389307,"The Last Orphans (The Last Orphans, #1)",False,[],True,"[25063013, 27421119]"
23391795,"A Darker Past (The Darker Agency, #2)",True,[17370021],False,[]
23393134,Elements (The Biodome Chronicles #2),True,[20558569],False,[]
23395680,"Illuminae (The Illuminae Files, #1)",False,[],True,[24909347]
23397596,"The Archer (Arrow's Flight, #2)",False,[],False,[]
23398087,"Celeste (The Unseen, #2)",True,[18754928],True,[27132529]
23398742,"Nova (Spectre War, #1)",False,[],False,[]
23399192,Rook,False,[],False,[]
23399911,Born of Treasure (Treasure Chronicles #2),True,[24959247],True,[32024855]
23420876,The Darkness Within,False,[],False,[]
23429355,"Catacomb (Asylum, #3)",True,"[13557662, 13597728, 18812716, 23429364]",False,[]
23429364,"The Bone Artists (Asylum, #2.5)",True,"[13557662, 13597728, 18812716]",True,[23429355]
23430471,"Riders (Riders, #1)",False,[],True,[31702811]
23436633,"Reason and Romance (River Valley, #1)",False,[],False,[]
23437156,"Six of Crows (Six of Crows, #1)",False,[],True,[22299763]
23437630,"Faking It (The Intern, #2)",True,[18599572],False,[]
23438288,"Flawed (Flawed, #1)",True,[19974208],True,[28116714]
23439989,"Light Of Lorelei (Tales of Skylge, #2)",True,[23162817],True,[23976387]
23447923,The Inexplicable Logic of My Life,False,[],False,[]
23450710,"Persuasion (The Heirs of Watson Island, #2)",True,[20759498],True,[28954200]
23453058,"Making Ripples (The Rosewoods, #6)",True,"[20492486, 20814947, 21971806]",True,[27210505]
23453083,"Trust Me, I'm Trouble (Trust Me, #2)",True,[17341550],False,[]
23461945,"The Girl at the Center of the World (Islands at the End of the World, #2)",True,[18811324],False,[]
23463467,"New World Order (Sunset Rising, #3)",True,"[17312777, 20427668]",False,[]
23465064,A Keeper's Destiny (The Portal Prophecies #1),False,[],False,[]
23473284,Pegasus and the Rise of the Titans (Pegasus #5),False,[],False,[]
23475666,"Leave the Window Open (The Archived, #2.5)",True,"[10929432, 13638131]",True,[20799109]
23477479,"Gran-sdur: The Games (Pha Yul, #2)",True,[20801439],False,[]
23480844,Firsts,False,[],False,[]
23485097,"The Mainframe (The New Agenda, #3)",True,[22050853],True,[25769701]
23486206,"Touch of Mischief (The Ghost Bird, #7.5)",True,"[18403921, 18411969, 18714697, 20321703, 22391912, 28362407, 31257244]",True,"[23004842, 23004844, 23004848, 25448932, 25448939]"
23487321,"Because You Exist (Light in the Dark Series, #1)",False,[],True,[34747352]
23487625,Anyone?,False,[],False,[]
23491605,"Possession (Song and Shadow, #1)",False,[],False,[]
23492735,The Epic Adventures of Lydia Bennet,False,[],False,[]
23495112,"The Impostor Queen (The Impostor Queen, #1)",False,[],True,[28684363]
23497914,Jump Girl (The Go Girls Chronicles #2),False,[],True,[29539144]
23502345,"The Selection Series 1-3 Box Set (The Selection, #1-3)",False,[],False,[]
23505867,"Awoken (The Lucidites, #1)",False,[],True,"[23597960, 23598011]"
23506947,For the Win (Playing for Keeps #1),False,[],False,[]
23507358,"The Wizard Returns (Dorothy Must Die, #0.3)",True,"[17331483, 20827345]",True,"[23507377, 25742250, 18053060, 18602341, 18602406, 30653720]"
23507377,"Heart of Tin (Dorothy Must Die, #0.4)",True,"[17331483, 20827345, 23507358]",True,"[25742250, 18053060, 18602341, 18602406, 30653720]"
23508203,"Enchantment Lake (Northwoods, #1)",True,[17384776],False,[]
23510548,"What Is Lost (What Is Hidden, #2)",False,[],False,[]
23515866,"Angel in Training (Louisiangel, #1)",False,[],True,[26088931]
23519661,"Love, Lattes and Angel (Mutants, #3)",False,[],True,[25746600]
23522181,My Fairly Dangerous Godmother (My Fair Godmother #3),False,[],False,[]
23524515,"Spotlight on Sunny (Reel Friends, #2)",True,[21521965],False,[]
23524610,One,False,[],False,[]
23527476,"Dorothy Must Die: Stories (Dorothy Must Die, #0.1-0.3)",False,[],False,[]
23532981,Railhead,False,[],False,[]
23534277,"Between the Shadow and the Soul (Darkest Soul, #1)",False,[],False,[]
23546634,The Way I Used to Be,False,[],False,[]
23546669,"Of Phantoms and Fury (Of Monsters and Madness, #2)",False,[],False,[]
23556036,"Storm Fall (Rebel Wing, #2)",False,[],True,[24280767]
23557114,"The Thing I Didn't Know I Didn't Know (Russel Middlebrook The Futon Years, #1)",False,[],False,[]
23557133,Where Dead Bodies Lie (Body Dowser #1),False,[],False,[]
23562847,"Defenseless (Diamond Girls, #3)",True,[19031631],False,[]
23565752,The Last Protector (The Star Child #3.5),True,"[13139452, 17293205]",False,[]
23566793,Claiming Excalibur (Legendary Saga #2),False,[],True,[32195340]
23566919,"Crossing the Line (The Raven Files, #1)",False,[],True,[26066859]
23567293,"The Voicemail of Magnus Bane (The Bane Chronicles, #11)",True,"[17334061, 17334062, 17334063, 17334064, 17334065, 17334066, 17334068, 17334074, 17334077, 17334079]",False,[]
23567756,"Crow Moon (Crow Moon, #1)",False,[],False,[]
23573898,"Dating Trouble (Grover Beach Team, #5)",True,"[19263293, 19263535, 22304062, 22999528]",True,[27252268]
23575041,Destined for Dreams: Book One,False,[],False,[]
23580207,Pretty in Black (Pretty in Black #1),False,[],True,"[13261716, 13261720]"
23582485,Those Who Lived (Fallen World #3.5),True,"[8573632, 13449858, 17373172]",False,[]
23584923,"The Other Inheritance (Inheritance, #1)",True,[17696600],True,[34470414]
23585287,"Enslavement (One Bright Future, #1)",False,[],False,[]
23588492,"18 Thoughts (My So Called Afterlife, #3)",True,"[17253972, 20490484]",False,[]
23588893,"Uprising (Emerge Series, #2)",False,[],False,[]
23589225,"Revive (The Sheysu's Gold Series, #1)",False,[],False,[]
23589935,"Awakening You (Unraveling You, #3)",False,[],True,[25219742]
23592235,"Am I Normal Yet? (The Spinster Club, #1)",False,[],True,"[26255907, 29740718, 30360631]"
23594461,"The King's Men (All for the Game, #3)",True,"[17259690, 18187013]",False,[]
23594872,"Phase One: Identify (Territory of the Dead, #1)",False,[],False,[]
23596003,"Shattered (Dark Reflections, #4)",True,[21853839],False,[]
23596037,"Marked (Reflections, #11)",True,"[13511275, 17232241, 17333916, 22370534]",False,[]
23596997,Atlantis Twisting Tides (Lost Daughters of Atlantis #4.5),True,"[17925677, 17993493, 18132868, 18517713, 21950834]",False,[]
23597960,"Stunned (The Lucidites, #2)",True,[23505867],True,[23598011]
23598011,"Revived (The Lucidites, #3)",True,"[23505867, 23597960]",False,[]
23598680,Chasing Echoes,False,[],False,[]
23605226,"Underworld (Reaper, #2)",True,"[13027757, 15988916]",False,[]
23607866,Kensei,False,[],False,[]
23615709,Goodbye Stranger,False,[],False,[]
23615716,"While You Were Gone (Duplexity, #2)",True,[18309634],False,[]
23622242,"Thirteen (Dark Carousel, #0.5)",False,[],True,"[16036514, 16740524, 18004791, 18216608]"
23626921,"Slip (Slip, #1)",False,[],True,"[23302521, 23733149]"
23633729,"Rivals (Skid, #2)",False,[],True,[18047974]
23634613,"Maps (Life According to Maps, #1)",False,[],True,"[25860843, 27874100]"
23634755,The Mission (MTG Agencies #2),True,[21419593],True,"[25613324, 29938656]"
23634778,"Worth the Time (Waltham Academy, #2)",True,[18275917],False,[]
23656448,"Bad Intentions (Bad Intentions, #1)",False,[],False,[]
23662029,"Fearless (Avena, #3)",True,"[13265293, 20810860]",False,[]
23666204,"The Recovery (The Program, #2.5)",True,"[11366397, 17948607, 22449285]",True,[27420597]
23668896,Sanctuary (After Days Trilogy #2),True,[22062231],False,[]
23672144,"Accidental Rock Star (Accidental, #4)",True,"[15717280, 21532188, 21532348]",True,[33028773]
23677316,"Burning Glass (Burning Glass, #1)",False,[],True,[28370765]
23677341,We Are the Ants,False,[],False,[]
23686004,Fifteen (The Dreamwalker Diaries #1),False,[],True,[31426485]
23688067,"Rise (Order of the Krigers, #1)",False,[],False,[]
23688842,"Uprising (The Witches of the Glass Castle, #2)",False,[],False,[]
23689875,Soul Crossed,True,[24718511],False,[]
23690041,A Falling Starr: The Complete Trilogy (A Falling Starr #1-3),False,[],False,[]
23690541,Wicka (The Chronicles of Elizabeth Blake #1),False,[],False,[]
23695094,"Old Enough to Love... (Just One of the Guys, #1)",False,[],True,[18240996]
23703457,Savage Run,False,[],False,[]
23705140,"Wild Sky (Night Sky, #2)",False,[],False,[]
23710701,"Vampire Addiction (The Vampires of Athens, #1)",False,[],False,[]
23714082,"The Assassin's Masque (Palace of Spies, #3)",False,[],False,[]
23714521,Orbiting Jupiter,False,[],False,[]
23718697,"Midnight Dolls (The Dolls, #2)",True,[18249114],False,[]
23719240,"The Edge (Peak, #2)",True,[721003],False,[]
23719241,"Raging Sea (Undertow, #2)",True,[22749788],True,[28114497]
23719270,"Vengeance Road (Vengeance Road, #1)",False,[],False,[]
23732270,"Love and Decay 3, Episode One (Love and Decay 3, #1)",False,[],True,[25231684]
23733149,"Flip (Slip, #3)",True,"[23302521, 23626921]",False,[]
23734628,Carry On,False,[],False,[]
23746099,"The Infinite (Gates of Thread and Stone, #2)",True,[17904985],False,[]
23770294,"Rogue (The Paladin Prophecy, #3)",True,"[13354420, 18517794]",False,[]
23776277,SOS (SOS #0.5),False,[],True,"[23203542, 27071332]"
23784978,"Stray (Spark, #2)",True,"[18844837, 20950716, 22930604]",True,"[25857262, 30255594]"
23805689,Never Fall (Faithfully Yours #2),True,[24005179],False,[]
23842764,"Drawn (Terra Sempre Saga, #1)",False,[],True,[28937728]
23846013,"The Rose Society (The Young Elites, #2)",True,[20821111],True,[28588345]
23846024,"The Conjurer's Riddle (The Inventor's Secret, #2)",True,[10123237],True,[29236555]
23847993,"Evolution (Extraction, #3)",True,"[16210411, 18625184]",False,[]
23848058,"The Lost Girl (Fear Street Relaunch, #3)",True,[19286536],True,"[25663595, 28220872, 29939078]"
23866541,Dorothy Must Die: The Other Side of the Rainbow Collection: No Place Like Oz / Dorothy Must Die / The Witch Must Burn / The Wizard Returns / The Wicked Will Rise,False,[],False,[]
23866547,"The Selection Series 1-4 Book Set (The Selection, #1-4)",False,[],False,[]
23867175,"Bridges Burned (Going Down in Flames, #2)",False,[],True,[28230006]
23870576,Killshot (Icarus #1),False,[],False,[]
23898354,"Such A Secret Place (Stolen Tears, #1)",False,[],False,[]
23899848,"Hostage (The Change, #2)",True,[33777895],True,[25735941]
23918260,Weresisters (Weresisters #1),False,[],False,[]
23966802,Boy Band,False,[],False,[]
23976387,"Fire of Fryslan (Tales of Skylge, #3)",True,"[23162817, 23439989]",False,[]
23976764,Purenet (The Sanction #1),False,[],False,[]
23995301,"The Maze Runner and The Scorch Trials: The Collector's Edition (Maze Runner, #1-2)",False,[],False,[]
24005179,"Never Let Go (Faithfully Yours, #1)",False,[],True,[23805689]
24016773,Rocco's Wings (Tales of Terrakesh #1),False,[],False,[]
24033058,"Glitter (Glitter Duology, #1)",False,[],False,[]
24037735,Forever Now (Forever #1),True,"[10893510, 16109165]",False,[]
24039396,Fans of the Impossible Life,False,[],False,[]
24061013,"Whispers in Eternity (Eternity, #1)",False,[],False,[]
24088823,"Learning to Live (Infinite Love, #1)",False,[],True,[22231395]
24105936,"Judged (The Blackhart Legacy, #3)",True,[21933437],False,[]
24110210,How I Fly (How I Fall #2),True,[22494015],False,[]
24120519,"Library of Souls (Miss Peregrine's Peculiar Children, #3)",True,[29358487],False,[]
24146076,Carousel,False,[],False,[]
24157098,Bound by Blood and Sand (Bound by Blood and Sand #1),False,[],False,[]
24202895,Sound,False,[],False,[]
24233695,"Insight Kindling (The Call to Search Everywhen, #2)",False,[],True,[24781113]
24237009,Escape (Lake of Sins #1),False,[],False,[]
24237818,"Revelation (Unbelief, #3)",False,[],False,[]
24242959,"Flipping the Scales (Flipping the Scales, #1)",False,[],False,[]
24248906,Cloudwish (The Six Impossiverse #3),False,[],True,[8579486]
24254604,"Resonance (Recovery, #2)",True,[19012155],False,[]
24269629,The Stillness of the Sky (Flipped Fairy Tale #2),False,[],False,[]
24280767,"Torn Sky (Rebel Wing, #3)",True,[23556036],False,[]
24292376,"Lux and Lies (Whitebird Chronicles, #1)",False,[],False,[]
24298660,"Gabriel Short Story (The Styclar Saga, #0.1)",False,[],True,[20613701]
24306090,Boy in the Mirror (The Infinity Trials Book 1),False,[],False,[]
24307598,Engage: An Ignite Novella (Ignite #2.5),True,"[17903116, 18054833]",False,[]
24311073,"Silver Lined (The Sugar Coated Trilogy, #3)",True,[18054196],False,[]
24313673,Golden (Golden #1),False,[],True,[34092016]
24316301,"All the King's-Men (The Yellow Hoods, #3)",True,"[23119672, 23156034]",False,[]
24321005,"I Knew You Were Trouble (Jessie Jefferson, #2)",False,[],True,[27408101]
24331460,Untamed City (Untamed City #0.5-1),False,[],False,[]
24336355,"The Tattooed Heart (Messenger of Fear, #2)",True,"[20419044, 22468132]",False,[]
24338298,Never Always Sometimes,False,[],False,[]
24345709,"Dark & Twisted Games (Hearts of Faeylon, #1)",False,[],False,[]
24356511,dEaDINBURGH: Alliances  (Din Eidyn Corpus #2),True,[20929842],False,[]
24360093,"Dominated (The Enforcers, #2)",True,[24376960],True,[30112307]
24376960,"Mastered (The Enforcers, #1)",False,[],True,"[24360093, 30112307]"
24380140,"Spelled (The Storymakers, #1)",False,[],False,[]
24380247,Joshua's Island (James Madison Series Book 1),True,[29118089],False,[]
24396204,"H.A.L.F.: The Deep Beneath (H.A.L.F., #1)",False,[],False,[]
24396880,"Drift & Dagger (Salt & Storm, #2)",True,[18302133],False,[]
24397043,The Hollow Boy (Lockwood & Co. #3),False,[],False,[]
24397067,"Red's Untold Tale (Once Upon A Time, #4)",False,[],False,[]
24402708,"Gathering Frost (Once Upon a Curse, #1)",False,[],True,[26805518]
24419968,"Day Zero (The Arcana Chronicles, #3.5)",True,"[13450339, 16175040, 18746546]",True,"[25946891, 31453592]"
24422492,"Never Never: Part Two (Never Never, #2)",False,[],False,[]
24431110,Resignation (Worlds Apart #2),True,[23197010],False,[]
24439164,Glassford Girl (Emily Heart Time Jumper #1),False,[],False,[]
24464898,Find Me If You Dare (Dreamcatcher #2),True,[20826785],False,[]
24465662,"Sky Key (Endgame, #2)",True,[20510241],True,[27067085]
24465724,"Happily Ever After (The Selection, #0.4, 0.5, 2.5, 2.6)",False,[],False,[]
24471961,"Stones and Finger Bones (The Black Towers, #1)",False,[],False,[]
24481697,"Map of Fates (The Conspiracy of Us, #2)",True,[17134589],False,[]
24485589,Hunted,False,[],False,[]
24497125,"Losing at Love (Outer Banks Tennis Academy, #2)",False,[],False,[]
24514006,"Fractured Energy (The Energy Series, #3)",True,"[13365830, 25147215, 25429929]",True,[26894210]
24528469,Hold (Hold & Hide #1),False,[],False,[]
24529123,This Is Where It Ends,False,[],False,[]
24530721,"Marker of Hope (Creatura, #3)",True,[25204053],False,[]
24536856,"Drawn In (Paper Dreams Chronicles, #1)",False,[],False,[]
24545010,"High Heels and Lipstick (Deep Secrets and Hope, #3)",True,[18216787],True,"[26232306, 28790031]"
24550848,"The Last Beginning (The Next Together, #2)",True,"[23266378, 30241752, 33287842]",False,[]
24573794,"Angels of Moirai (Angels of Moirai, #1)",False,[],False,[]
24574656,"Kingdom of Ashes (A Wicked Thing, #2)",True,[22535481],False,[]
24580075,"Played (Altered, #3.5)",True,"[17899846, 18269649, 19200019, 22887908]",False,[]
24585267,"The White Rose (The Lone City, #2)",True,"[16068780, 22752758, 23254391]",True,[28512427]
24595372,"Dance of Fire (Dance of Shadows, #2)",True,[12788061],False,[]
24602702,"The Apple Throne (The United States of Asgard, #3)",True,"[13021366, 18301603]",False,[]
24614849,"Krait's Redemption (The Cat's Eye Chronicles, #5)",False,[],False,[]
24623385,"Ice Like Fire (Snow Like Ashes, #2)",True,[17399160],True,"[26808625, 28512486]"
24638201,"Vendetta (Blood for Blood, #1)",False,[],True,"[25022128, 25059637]"
24641800,"The Demon in the Wood (The Grisha, #0.1)",False,[],True,"[13643163, 10194157, 17997353, 14061955, 17790188, 20818790, 14061957]"
24641801,"Hide Omnibus (Hide, #1-5)",False,[],False,[]
24644285,"The Territory (The Territory, #1)",True,[25325258],True,[25989102]
24644814,"See How They Run (Embassy Row, #2)",True,[22571275],True,[30254923]
24646108,"The Tethering (The Tethering, #1)",False,[],False,[]
24657660,"Reign of Shadows (Reign of Shadows, #1)",False,[],True,[30037865]
24660093,The Year of Lightning,False,[],False,[]
24675122,"Go Your Own Way (Go Your Own Way, #1)",False,[],False,[]
24676384,"Curses & Ash (Coral & Bone, #2)",False,[],False,[]
24687626,"Crushed (The Witch-Game, #1)",False,[],True,[13556426]
24690468,"Down Under with the Hottie (Investigating the Hottie, #3)",False,[],False,[]
24690795,"Traveler (Seeker, #2)",True,"[8466360, 8872641, 12374158, 12603698, 13265450, 27235785]",True,[28585057]
24700491,The Scorpio Project (Andromeda #3),False,[],False,[]
24718511,"Soul Corrupted (Of Demons and Angels, #2)",False,[],True,[23689875]
24724627,The First Time She Drowned,False,[],False,[]
24727117,The Mark of Cain,False,[],False,[]
24727118,13 Days of Midnight,False,[],False,[]
24750282,"Wednesday Riders (Island Series, #2)",True,"[17825118, 22619628]",True,[21421559]
24762394,True Calling (true calling #1),False,[],True,"[25187579, 25055647, 25055692]"
24763621,"Wintersong (Wintersong, #1)",False,[],True,[30694168]
24764918,Firebrand,False,[],False,[]
24781113,"Time for the Lost (The Call to Search Everywhen, #3)",True,[24233695],False,[]
24790901,"The Abyss Surrounds Us (The Abyss Surrounds Us, #1)",False,[],True,[26219455]
24795517,"The Pointless Book 2 (The Pointless Book, #2)",False,[],False,[]
24795952,"Darkthaw (Winterkill, #2)",True,[20702025],True,[28818319]
24799229,"Circus (Insanity, #3)",False,[],True,[28165791]
24804505,"Forget Tomorrow (Forget Tomorrow, #1)",False,[],True,"[26091228, 32453735]"
24816175,"Brazen (Gilded, #3)",True,"[16173250, 20648285]",False,[]
24820291,"The Zodiac Legacy: The Dragon's Return (Zodiac Legacy, #2)",False,[],False,[]
24822667,"Wishing for You (I Wish, #2)",True,[20937791],False,[]
24830447,"Blufire  (Desirable Creatures, #2)",True,[20995607],False,[]
24837202,Fragile Bones: Harrison & Anna,False,[],False,[]
24846548,Gathering Deep,False,[],False,[]
24846577,The Thorn and the Sinking Stone,False,[],False,[]
24848077,"Translucent (Translucent, #1)",False,[],True,[25385523]
24849026,"All In (The Naturals, #3)",True,"[13597723, 20409231]",False,[]
24850589,"The Star Maiden (The Star Maiden, #1)",False,[],False,[]
24858624,"Stolen Luck (Luck, #1)",False,[],False,[]
24885527,"The 13th Reality: The Journal of Curious Letters / The Hunt for Dark Infinity (The 13th Reality, #1-2)",False,[],False,[]
24885532,"Bits & Pieces (Rot & Ruin, #5)",True,"[7157310, 9917998, 13147460, 13424356, 13647095, 16145729]",False,[]
24885599,"The Mara Dyer Trilogy (Mara Dyer, #1-3)",False,[],False,[]
24885747,"Visions (Visions, #1-3)",False,[],False,[]
24885765,"Diary of a Haunting (Diary of a Haunting, #1)",False,[],True,[28954050]
24886378,"Witch Hunter (The Witch Hunter, #1)",True,"[13597755, 25737209]",False,[]
24890986,"Frosted Kisses (The Cupcake Queen, #2)",False,[],False,[]
24893241,"A Mad Zombie Party (White Rabbit Chronicles, #4)",True,"[11300302, 15755296, 20579287, 23287087]",True,[27800153]
24909347,"Obsidio (The Illuminae Files, #3)",True,[23395680],False,[]
24910026,Lorali,False,[],False,[]
24911347,"Summer Alone (Summer Alone, #1)",False,[],False,[]
24916719,"Catwalk Criminal (Jessica Cole: Model Spy, #3)",False,[],False,[]
24921954,"The Thousandth Floor (The Thousandth Floor, #1)",False,[],True,[32711705]
24924110,Lifespan of Starlight,False,[],False,[]
24930075,"Wandering Star (Zodiac, #2)",True,[20821306],True,[28529955]
24934065,"Rebel of the Sands (Rebel of the Sands, #1)",False,[],True,"[29739361, 29739428]"
24935906,"Breaking Free: Learning to Fly (Breaking Free, #2)",False,[],False,[]
24941100,Dragonfly (Dragonfly #1),True,[19157339],True,[18212670]
24942699,Always Remembered,False,[],False,[]
24942809,Taker (The Final Deity #2),True,[18683883],False,[]
24949193,"Playing by the Rules (Secrets and Lies, #1)",False,[],False,[]
24959247,"Treasure, Darkly (Treasure Chronicles #1)",False,[],True,"[23399911, 32024855]"
24960946,"Melancholy: Episode One (The Cure, #2)",True,[20922678],False,[]
24965090,"As Black as Ebony (Lumikki Andersson, #3)",True,"[21417381, 23222516]",False,[]
24965436,"The Mortal Heart (Beautiful Creatures: The Untold Stories, #1)",False,[],False,[]
24969678,Lux Series Extras,False,[],False,[]
24974996,Dear Martin,False,[],False,[]
24980186,"Chimera (Universe Eventual, #1)",False,[],False,[]
24980595,"Reckless Hearts (Wicked Games, #2)",True,[18651952],False,[]
24980610,Light of Day,False,[],False,[]
24983973,"Untitled (The Dark Heroine, #3)",False,[],False,[]
25002945,"Fated (Vanguard Legacy, #3)",True,[17784128],False,[]
25003900,Breaking Me (Y.A. #0.5),False,[],True,"[17881387, 20486808]"
25012088,The Secret (Seacliff High Mystery #1),False,[],False,[]
25014114,History Is All You Left Me,False,[],False,[]
25016375,"The Anatomy of Curiosity (The Curiosities, #2)",True,[13574710],False,[]
25017130,"Fairy Keeper (World of Aluvia, #1)",False,[],True,"[28531533, 30116302]"
25019692,"A Story of Now (A Story of Now, #1)",False,[],True,[25748763]
25022128,"Inferno (Blood for Blood, #2)",True,[24638201],True,[25059637]
25026403,"Starfall (Starflight, #2)",True,[21793182],False,[]
25047297,"Andrea and the 5-Day Challenge (Aubrey Christian Academy, #1)",False,[],False,[]
25050783,"Tick (Tick, #1)",False,[],False,[]
25055647,"Beyond Reach (True Calling, #2)",True,"[24762394, 25187579]",True,[25055692]
25055692,Light Of A Thousand Stars (True Calling #2.5),True,"[24762394, 25055647, 25187579]",False,[]
25056008,"Promises I Made (Lies I Told, #2)",True,[20983351],False,[]
25059516,"Wild Reckless (Harper Boys, #1)",False,[],False,[]
25059637,"Mafiosa (Blood for Blood, #3)",True,"[24638201, 25022128]",False,[]
25060087,"The Clouded Sky (Earth & Sky, #2)",True,[17875055],True,[23199314]
25062038,Little & Lion,False,[],False,[]
25063013,The Harvest (The Last Orphans #2),True,[23389307],True,[27421119]
25063750,"Did I Mention I Love You? (The DIMILY Trilogy, #1)",False,[],True,"[26857520, 28321049]"
25063781,Summer Days and Summer Nights: Twelve Love Stories,False,[],False,[]
25064648,"The Reader (Sea of Ink and Gold, #1)",False,[],False,[]
25067046,Lost Stars,False,[],False,[]
25081261,"Poison's Kiss (Poison's Kiss, #1)",False,[],True,[34371260]
25088424,"Scion (Supernaturals, #3)",False,[],False,[]
25103677,"Fading Away (Hardest Mistakes, #1)",False,[],True,[25199521]
25105196,"Untamed (Splintered, #3.5)",True,"[12558285, 17449197]",False,[]
25109148,Changed? (Hearts to Follow #2),True,[22859138],True,[23211110]
25109563,"The Eye of Odin (The Raiders of Folklore, #1)",False,[],False,[]
25109970,"Incite (Endgame: The Zero Line Chronicles, #1)",False,[],True,[26795328]
25113893,A Real Work of Art,False,[],False,[]
25116648,"Happy Again (This Is What Happy Looks Like, #1.5)",True,[15790873],False,[]
25121674,"Akaela (Mayake Chronicles, #1)",False,[],True,[26146013]
25124193,"Confessions of a Queen B* (The Queen B*, #1)",False,[],True,"[25639457, 25639472]"
25127374,"A View from Forever (Thompson Sisters, #2)",False,[],False,[]
25138743,"First Impressions: A Firebird Ficlet (Firebird, #1.1)",True,[17234658],True,"[17234659, 28960100]"
25145859,"Best Friends... Forever? (Landry's True Colors, #2)",True,[22444090],True,[28551083]
25147215,"Lost Energy (The Energy Series, #2)",True,"[13365830, 25429929]",True,"[24514006, 26894210]"
25151797,"Touching Fate (The Fated, #1)",True,[11284750],True,"[31342605, 16092898]"
25164304,Of Fire and Stars,False,[],False,[]
25168166,"Swords & Stilettos (Enlighten Series, #1)",False,[],False,[]
25175898,"Stars (Wendy Darling, #1)",False,[],True,"[28650500, 32446959]"
25181955,"Spellslinger (Spellslinger, #1)",False,[],False,[]
25182758,Resilience (Regina Shen #1),False,[],True,"[25182782, 25487343]"
25182782,Vigilance (Regina Shen #2),True,[25182758],True,[25487343]
25184383,Kill the Boy Band,False,[],False,[]
25187579,"Lovestruck (True Calling, #1.5)",True,[24762394],True,"[25055647, 25055692]"
25196481,"Scream (Lakeview, #3)",True,[16488672],False,[]
25199521,"Broken Sunrise (Hardest Mistakes, #3)",True,[25103677],False,[]
25202767,"Way Down Dark  (The Australia Trilogy, #1)",False,[],True,"[27278661, 30124424]"
25203675,"The Star-Touched Queen (The Star-Touched Queen, #1)",True,[33965619],False,[]
25204053,"Fruit of Misfortune (Creatura, #2)",False,[],True,[24530721]
25206843,Aimee and the Heartthrob (Backstage Pass #1),False,[],True,[25691985]
25209521,"Oblivion (Lux, #1.5)",True,"[12578077, 13183957]",True,[13047090]
25210273,"Hidden Heart (Hidden Saga, #2)",True,[17916291],True,"[26809725, 28523062, 29414176]"
25214707,Rise (Paper Gods #2.5),True,"[13423346, 18134013]",True,[18134015]
25215710,"A Faerie's Secret (Creepy Hollow, #4)",False,[],True,"[29742151, 33147524]"
25218070,"They Call Me Alexandra Gastone (Alexandra Gastone, #1)",False,[],True,[30178085]
25218998,False Idols (Aeon #1),False,[],False,[]
25219742,"Inspiring You (Unraveling You, #4)",True,[23589935],False,[]
25220100,"Rendered (Irrevocable, #1)",False,[],False,[]
25231684,"Love and Decay 3, Episode Eight (Love and Decay 3, #8)",True,[23732270],False,[]
25255576,Asking For It,False,[],False,[]
25259796,Connected,False,[],False,[]
25263399,"Chasing Impossible (Pushing the Limits, #5)",True,"[10194514, 13561164, 16069024, 17233800, 18333898, 18808865, 21859363]",False,[]
25263617,The Best Kept Secret,False,[],False,[]
25263716,Defend (A Lost Tribe #2),True,[21951245],False,[]
25269311,Trollhunters,False,[],False,[]
25270235,"Violet's Story (Creepy Hollow Books 1, 2 & 3)",False,[],False,[]
25273540,"Sam Dorsey And His Dirty Dancing (Sam Dorsey And Gay Popcorn, #2)",True,[22011554],False,[]
25276650,"The High Priestess (The Arros Chronicles, #2)",True,[25396352],False,[]
25302092,"The Mystery of the Zorse's Mask (Curious Cat Spy Club, #2)",False,[],False,[]
25302199,"Undeniably Fated (Significance, #6)",False,[],False,[]
25304207,"Name of Ra (Descendants of Isis, #3)",True,[17975812],False,[]
25308316,Unleashed (Tor Maddox #1),False,[],False,[]
25309283,"Taken by Chance (Laguna Tides, #1)",False,[],False,[]
25309770,Curio (Curio #1),False,[],False,[]
25314447,"Given to the Sea (Given Duet, #1)",False,[],False,[]
25315922,Midnight Bites,False,[],False,[]
25321022,"Miss Mabel's School for Girls (The Network Series, #1)",True,[25663437],True,"[22882069, 25801832]"
25322449,Radio Silence,False,[],False,[]
25323427,Anne of the Fens,False,[],False,[]
25325258,"A Town Called Dust (The Territory, #1)",False,[],True,"[24644285, 25989102]"
25327592,Cloudy With a Chance of Destruction,False,[],False,[]
25336218,"Songs About a Girl (Songs About a Girl, #1)",False,[],False,[]
25336312,Plugged (The Rewind Agency #2),False,[],False,[]
25347016,E,True,[25598412],False,[]
25353382,"Eden's Ore: Revelations (Eden's Ore, #2)",True,[22046915],False,[]
25353939,"Drone (Beyond the Dome, #1)",True,[25940528],False,[]
25356269,Straight Into Darkness,False,[],False,[]
25362018,"Steel Scars (Red Queen, #0.2)",True,[25944381],True,"[22328546, 23174274, 30226723, 27188596]"
25376893,Zero,False,[],False,[]
25378986,"Love Always, Kate (Love Always, #1)",False,[],False,[]
25382109,Exposed (Exposed #1),False,[],False,[]
25385523,"Of Starlight (Translucent, #2)",True,[24848077],False,[]
25388580,The Unquiet Past,False,[],False,[]
25390583,Shades of Darkness (Ravenborn #1),False,[],False,[]
25393478,Burned,False,[],False,[]
25396352,"The Spiders of Halros (The Arros Chronicles, #1)",False,[],True,[25276650]
25397720,"Denton Little's Still Not Dead  (Denton Little, #2)",False,[],False,[]
25400928,"The Third Key (The Alaesha Legacy, #1)",False,[],False,[]
25402802,"We Are Watching (Mindshare, #1)",False,[],False,[]
25414929,"The Lexie Project (Something Real, #2)",True,[15789443],False,[]
25414982,"Out of Order (The Survivor's Club, #1)",False,[],True,[30362265]
25418989,Strange Luck (Strange Luck Series #1),False,[],True,[29806696]
25429929,"Tainted Energy (The Energy Series, #1)",True,[13365830],True,"[25147215, 24514006, 26894210]"
25431243,"Kalahari (Corpus, #3)",True,"[13455112, 17617762, 20646295]",False,[]
25432577,"Adventures in Homicide and Heartbreak (Funeral Crashing, #4)",True,"[11776598, 16137007, 18110531]",False,[]
25433872,The Beginning of Never,False,[],False,[]
25433903,"A Straw Man (The Clay Lion, #3)",True,[17713601],False,[]
25436641,"The Best Kind of Magic (Windy City Magic, #1)",False,[],False,[]
25437560,"My Badgirl Roommate (Good Girl, #2)",False,[],False,[]
25437747,Beautiful Broken Things,False,[],False,[]
25439510,"The Capture (The Prey, #2)",True,[22061971],False,[]
25439542,"Burn (Four Sisters, #2)",True,[17617617],False,[]
25439754,"Before Life Happened (Before, #1)",False,[],False,[]
25440951,The Ruins (The Union #2),True,[23266680],True,"[27152245, 35678728]"
25443847,Season of Glory (The Remnants #3),True,"[690197, 781069, 18197223]",True,"[286575, 286578, 286579]"
25446297,"Unearthed (Unearthed, #1)",False,[],False,[]
25447694,"Playing Defense (Corrigan Falls Raiders, #2)",False,[],True,[29284789]
25448932,"Black and Green (The Ghost Bird, #11)",True,"[18403921, 18411969, 18714697, 20321703, 22391912, 23004842, 23004844, 23004848, 23486206, 28362407, 31257244]",True,[25448939]
25448939,"Love's Cruel Redemption (The Ghost Bird, #12)",True,"[18403921, 18411969, 18714697, 20321703, 22391912, 23004842, 23004844, 23004848, 23486206, 25448932, 28362407, 31257244]",False,[]
25450479,"Fall of Thrones and Thorns (Threats of Sky and Sea, #3)",True,[22359983],False,[]
25453426,"Through the Dark (The Darkest Minds, #1.5, #2.5, #3.5)",True,"[10576365, 16150830, 16150831, 18052136, 23016659, 28064676]",False,[]
25459663,"Descent (Son of a Mermaid, #1)",False,[],False,[]
25460358,"Labeled Love (L.A. Love, #1)",False,[],False,[]
25463009,Inherit the Stars (Inherit the Stars #1),False,[],False,[]
25466126,"In the Eyes of Madness (Declan Peters Chronicles, #1)",False,[],False,[]
25467698,The Love That Split the World,False,[],False,[]
25474267,"The Gifting (Gifting, #1)",False,[],False,[]
25479681,"Schism (Illirin, #1)",False,[],False,[]
25483021,"Immortal's Spring (The Chrysomelia Stories, #3)",False,[],False,[]
25485029,"We Know It Was You (Strange Truth, #1)",False,[],False,[]
25486998,P.S. I Like You,False,[],False,[]
25487343,Defiance (Regina Shen #3),True,"[25182758, 25182782]",False,[]
25489021,"Alight (The Generations Trilogy, #2)",True,[23278532],True,[28227834]
25493815,"The Dark Army (Starblade Chronicles, #2)",False,[],False,[]
25493859,"Pariah (Gifted, #2)",True,[27414108],True,[7123181]
25499658,"Switch (The Witches of Armour Hill, #1)",False,[],False,[]
25505556,"Rachel's Deception (Temptation, #4)",True,"[13223243, 15774969, 18168637]",False,[]
25517283,The Heir and the Spare,False,[],False,[]
25518205,"Lady Renegades (Rebel Belle, #3)",True,"[8475505, 22465605]",False,[]
25528801,"Exit, Pursued by a Bear",False,[],False,[]
25531669,Flirting with Fame (Love in Disguise #1),False,[],False,[]
25534273,"The Corridor (The Corridor Duology, #1)",False,[],True,[25844803]
25538649,"Off the Ice (Juniper Falls, #1)",False,[],False,[]
25543223,"Eclipse The Flame (Ignite the Shadows, #2)",True,[25903205],False,[]
25543733,"Cashmere (Velvet, #2)",True,[22561320],False,[]
25544331,"A Way Back To Then (Tales from Foster High, #7)",True,"[12798818, 13083650, 14225289, 16056005, 16145072]",False,[]
25548744,"The Becoming of Noah Shaw (The Shaw Confessions, #1)",False,[],False,[]
25555364,"Fourth World (Iamos Trilogy, #1)",False,[],False,[]
25558608,"A Torch Against the Night (An Ember in the Ashes, #2)",True,[20560137],True,"[30809786, 31520883]"
25559253,The Introduction: Undying Love #1,False,[],False,[]
25565361,"Fractured Memories (Jagged Scars, #1)",False,[],False,[]
25566671,"Reign the Earth (The Elementae, #1)",False,[],False,[]
25582714,Before It Fades (Eva #3),False,[],False,[]
25598412,"Jason and Lily (E, #0.5)",False,[],True,[25347016]
25602380,"Dove Exiled (Dove Chronicles, #2)",False,[],True,[31841813]
25606638,"Contamination (Feast of Weeds, #2)",False,[],True,[26113869]
25611831,"Greta and the Lost Army (Mylena Chronicles, #3)",False,[],False,[]
25613324,The Deception (MTG Agencies #3),True,"[21419593, 23634755]",True,[29938656]
25613472,A List of Cages,False,[],False,[]
25614040,"Counter Clockwise (Clockwise, #5)",True,"[13011828, 13537571, 14062346]",False,[]
25617033,"Resistance (The Institute, #2)",False,[],True,[28405573]
25620450,Prophecy (Legacy #2),True,"[10072160, 17732260, 23222016]",False,[]
25620458,"The Curses (The Graces, #2)",True,[28818369],False,[]
25636267,One Dream Only (Broken Dreams: Natalya's Story #0),False,[],True,[21863930]
25639296,The Darkest Corners,False,[],False,[]
25639457,"The Queen B* Strikes Back (The Queen B*, #2)",True,[25124193],True,[25639472]
25639472,"The Queen B* and the Homecoming King (The Queen B*, #3)",True,"[25124193, 25639457]",False,[]
25647630,Small Bones,False,[],False,[]
25647879,Stones on a Grave,False,[],False,[]
25648000,My Life Before Me,False,[],False,[]
25648079,Shattered Glass,False,[],False,[]
25648179,Innocent,False,[],False,[]
25648205,Operation Tenley (The Fair City Files #1),False,[],False,[]
25649108,Crystallum (Primordial Principles #1),False,[],True,[28588739]
25650772,unvamped,False,[],False,[]
25654020,The Natural Order (The Natural Order #1),False,[],False,[]
25657130,All American Boys,False,[],False,[]
25659258,Trigger,False,[],False,[]
25659436,Nightstruck (Nightstruck #1),False,[],True,[31702802]
25663437,"Mildred's Resistance (The Network Series, #0.5)",False,[],True,"[25321022, 22882069, 25801832]"
25663572,"What You Always Wanted (If Only . . ., #8)",True,"[18018509, 18042393, 18594538, 20613581]",False,[]
25663595,"Can You Keep a Secret? (Fear Street Relaunch, #4)",True,"[19286536, 23848058]",True,"[28220872, 29939078]"
25663637,When We Collided,False,[],False,[]
25663775,"Dreamfever (Dream Walker, #2)",True,[21853753],False,[]
25664525,"Romancing the Nerd (Nerd, #2)",True,[14744489],False,[]
25665016,The Memory of Light,False,[],False,[]
25668535,"The Awakening of Ren Crown (Ren Crown, #1)",False,[],False,[]
25669098,"Shadow Run (Kaitan Chronicles, #1)",False,[],True,[28443984]
25681160,"The Good, The Bad, And The Bullied (The Good Girl's Bad Boys, #1)",False,[],False,[]
25684394,"The Daughter of the Night (The Girl in Between, #4)",False,[],False,[]
25688995,"Infinite Risk (Immortal Game, #3)",True,"[13508415, 13508421, 22913616]",False,[]
25689074,"Stars Above (The Lunar Chronicles, #4.5)",True,"[11235712, 13206760, 13206828, 13206900, 13254289, 16075962, 19208103, 20813789, 22489107]",False,[]
25690185,"Darkness Fair (The Dark Cycle, #2)",False,[],False,[]
25690645,City of Words,False,[],False,[]
25691985,"Daisy and the Front Man (Backstage Pass, #3)",True,[25206843],False,[]
25701463,"You're Welcome, Universe",False,[],False,[]
25706893,Anya and the Shy Guy,False,[],False,[]
25708672,The Other Side Of Gravity (Oxygen #1),False,[],False,[]
25712879,"Hunter (Hunter, #1)",False,[],True,[30979432]
25716885,"Boost (A Haunted Addiction, #1)",False,[],False,[]
25721422,Waiting for Callback,False,[],False,[]
25721439,"Genesis Girl (Blank Slate, #1)",False,[],True,[31950044]
25721483,"In the Shadow of the Dragon King (Chronicles of Fallhollow, #1)",False,[],False,[]
25725631,"Secrets Don't Keep (The Grove, #1)",False,[],False,[]
25728924,"Harrowed (The Woodsview Murders, #1)",False,[],False,[]
25732113,"The Skylighter (The Keepers' Chronicles, #2)",True,[18488433],False,[]
25735941,"Rebel (The Change, #3)",True,"[23899848, 33777895]",False,[]
25737209,"The Healer (The Witch Hunter, #0.5)",False,[],True,"[13597755, 24886378]"
25739965,"The 13th Continuum (Continuum Trilogy, #1)",False,[],False,[]
25740412,"The Black Witch (The Black Witch Chronicles, #1)",False,[],False,[]
25740472,"Vanguard (Razorland, #4)",True,"[7137327, 10193062, 15362992, 16066962, 18710799]",False,[]
25742250,"Ruler of Beasts (Dorothy Must Die, #0.6)",True,"[17331483, 20827345, 23507358, 23507377]",True,"[18053060, 18602341, 18602406, 30653720]"
25742635,"Behold the Bones (Beware the Wild, #2)",True,[13639182],False,[]
25742694,Last Defense (Lorien Legacies: The Lost Files #14),True,"[11237412, 13622863, 15752308, 15762770, 16065602, 18053086, 18053087, 18738863, 22500624]",True,[26242358]
25745858,Nobody's Lady (Never Veil #2),True,[20561819],False,[]
25746600,"Love, Lattes and Mutants",True,[23519661],False,[]
25747431,Life First (Life First #1),False,[],True,[22757327]
25748763,"The Sum of These Things (A Story of Now, #2)",True,[25019692],False,[]
25752041,"Royal Bastards (Royal Bastards, #1)",False,[],False,[]
25756328,Love & Gelato,False,[],False,[]
25756539,Surrender (The Elfin #3),False,[],False,[]
25757247,"The Paladins (The Artisans, #2)",True,[21944665],False,[]
25759451,"What Comes of Eating Doughnuts With a Boy Who Plays Guitar (Gem City, #1)",False,[],False,[]
25760792,"Timekeeper (Timekeeper, #1)",False,[],False,[]
25769701,"The Torrent (The New Agenda, #4)",True,"[22050853, 23485097]",False,[]
25773067,Lost (The Caelian Cycle #1),False,[],True,[26119065]
25773335,The Lemorian Crest (Cobbogoth #2),True,[20492095],False,[]
25773842,"Shade Me (Nikki Kill, #1)",False,[],True,[29747119]
25781691,"The Last of the Firedrakes (Avalonia Chronicles, #1)",False,[],True,[30070430]
25785357,"Firstlife (Everlife, #1)",False,[],True,"[29275562, 32183137]"
25785681,"Escaping Perfect (Escaping Perfect, #1)",False,[],False,[]
25786920,A Summer Like No Other (Broken Dreams: Em & Nick #1),False,[],True,[26252475]
25788145,"The Great Hunt (Eurona Duology, #1)",False,[],True,[28370779]
25791679,"Dead Girl Running (New Order, #1)",False,[],False,[]
25793458,Nick and Charlie,False,[],False,[]
25796631,"Brave New Girl (Brave New Girl, #1)",False,[],False,[]
25800990,"Sunkissed (Ladybirds, #3)",True,"[20618013, 22096015]",True,[28480437]
25801832,"The High Priest's Daughter (The Network Series, #3)",True,"[22882069, 25321022, 25663437]",False,[]
25812109,The Female of the Species,False,[],False,[]
25816519,"Seven Black Diamonds (Seven Black Diamonds, #1)",False,[],True,[30363412]
25817310,Dreamology,False,[],False,[]
25817463,"Dorothy Must Die: Stories Vol. 2 (Dorothy Must Die, #0.4-0.6)",False,[],False,[]
25819497,"Love Charms and Other Catastrophes (Grimbaud, #2)",True,[22718710],False,[]
25820867,Saven Defiance (Saven #4),False,[],True,"[30287871, 29800388]"
25840679,Demigods of Olympus: An Interactive Adventure,False,[],False,[]
25843018,"Devils & Thieves (Devils & Thieves, #1)",False,[],False,[]
25844803,The Thirteenth World (The Corridor Duology #2),True,[25534273],False,[]
25855415,"Defects (The Reverians, #1)",False,[],True,"[26118981, 26404752]"
25857262,"Shield (Spark, #3)",True,"[18844837, 20950716, 22930604, 23784978]",True,[30255594]
25858039,"Dream On (The Silver Trilogy, #2)",True,[21469090],False,[]
25860843,"Diamonds (Life According to Maps, #2)",True,[23634613],True,[27874100]
25863225,"Boot Camp (Rock War, #2)",True,[18370779],False,[]
25873284,To Get to You (Wild Air #1),False,[],False,[]
25874097,"The Loneliness of Distant Beings (Ventura Saga, #1)",False,[],False,[]
25876993,You Don't Know My Name (The Black Angel Chronicles #1),False,[],False,[]
25877185,Finding Perfect (Finding Perfect #1),False,[],True,[30824171]
25890355,"Paper and Fire (The Great Library, #2)",True,[20643052],True,[30956356]
25893582,Tell Me Three Things,False,[],False,[]
25895244,"Outbreak (The Fringe, #3)",False,[],False,[]
25896646,"Five Seven Five (The Boy with Words, #1)",False,[],True,[25896649]
25896649,"Five Seven Six (The Boy with Words, #2)",True,[25896646],False,[]
25897792,"Into the Dim (Into the Dim, #1)",False,[],True,[30971762]
25898175,"The Awakening of Sunshine Girl (The Haunting of Sunshine Girl, #2)",True,[21413855],True,[31423605]
25898435,"Beyond the Red (Beyond the Red, #1)",False,[],True,[34138345]
25903205,"Ignite the Shadows (Ignite the Shadows, #1)",False,[],True,[25543223]
25912358,A Thousand Boy Kisses,False,[],False,[]
25914930,"Chameleon (The Domino Project, #1)",False,[],True,"[26200237, 28801635]"
25917801,The Casquette Girls (The Casquette Girls #1),False,[],True,[22401692]
25923471,"Bright Blaze of Magic (Black Blade, #3)",True,[22715908],False,[]
25925784,"Broken Sky (The Broken Trilogy, #1)",True,[12537426],True,"[16211604, 30090076]"
25940528,"Hard Times in Dronetown (Beyond the Dome, #0.1)",False,[],True,[25353939]
25944381,"Cruel Crown (Red Queen, #0.1-#0.2)",False,[],True,"[25362018, 22328546, 23174274, 30226723, 27188596]"
25944505,Blackmail Boyfriend,False,[],False,[]
25944798,"The Beauty of Darkness (The Remnant Chronicles, #3)",True,"[16429619, 21569527]",False,[]
25946891,"Arcana Rising (The Arcana Chronicles, #4)",True,"[13450339, 16175040, 18746546, 24419968]",True,[31453592]
25947097,"There Once Were Stars (Dome 1618, #1)",False,[],True,[33299897]
25953603,"Shattered Blue (The Light, #1)",True,[289601],True,"[9677397, 22398595]"
25959337,"Being Magdalene (I Am Not Esther, #3)",True,[22445807],False,[]
25970036,"Game On (Lewis Creek, #2)",True,[21896076],False,[]
25970470,"Awaken (New Bloods, #1)",False,[],False,[]
25972553,"Saving Mars (Saving Mars, #1)",False,[],True,"[17789087, 18190078, 19546771, 22015727]"
25980347,"Wildwood (Moonlit, #3)",True,[17280573],False,[]
25984521,Pulse (Pulse Effex #1),False,[],False,[]
25984653,"Strange Fire (Anchor & Sophia, #1)",False,[],False,[]
25986688,"Children Shouldn't Play with Dead Things (Dead Things, #1)",False,[],False,[]
25987793,Defier: The Girl Who Stood (Defier #1),False,[],True,[29864865]
25989102,"A City Called Smoke (The Territory, #2)",True,"[24644285, 25325258]",False,[]
25989666,"Enchanted Revenge (Empyrean Chronicles, #1)",False,[],True,[28017686]
25991081,The Square Root of Summer,False,[],False,[]
26000004,"Ghost Hope (The PSS Chronicles, #4)",True,"[16137612, 17335881]",False,[]
26001164,"Endgame (Agent 21, #6)",True,"[9942091, 15797038, 17903264, 22822954]",False,[]
26004636,"Once Upon a Zombie, Book One: The Color of Fear",False,[],False,[]
26016506,"Sisters of Salt and Iron (The Sisters of Blood and Spirit, #2)",True,[22929092],False,[]
26020438,"Nikki Blue: Source of Trouble (Nikki, #2)",False,[],True,[34964680]
26031261,"Once Upon a Dream (A Twisted Tale, #2)",False,[],True,[28450966]
26031279,Demigods & Magicians: Percy and Annabeth Meet the Kanes,False,[],False,[]
26034275,"In the Demon's Company (Demon's Assistant, #2)",False,[],False,[]
26034882,P.A.W.S.,False,[],False,[]
26039354,Covenant Series Extras,False,[],False,[]
26039537,The Breeding Tree,False,[],False,[]
26041284,"Buried (The Cavy Files, #3)",True,"[21519379, 22005849]",False,[]
26046894,Resist (Resistance #2),True,[22311987],True,[30356956]
26065653,"Royal Tour (Potion, #2)",True,[23344222],False,[]
26066859,"Enemy Exposure (The Raven Files, #2)",True,[23566919],False,[]
26073058,The Right Track (Girl vs. Boy Band #1),False,[],False,[]
26073071,"Break Me Like a Promise (Once Upon a Crime Family, #2)",False,[],False,[]
26073074,The Leaving,False,[],False,[]
26074181,"The Crown (The Selection, #5)",True,"[10507293, 16248068, 18170039, 18635016, 22054340, 22917292, 22918050]",False,[]
26074185,"Ruined (Ruined, #1)",True,[6261081],True,"[13409499, 31371485]"
26074194,"Queen of Hearts (Queen of Hearts Saga, #1)",False,[],True,[30166599]
26077971,"Raelia (The Medoran Chronicles, #2)",False,[],False,[]
26085520,Everland (Everland #1),False,[],True,[32332938]
26088931,"Angel Eclipsed (Louisiangel, #2)",True,[23515866],False,[]
26090003,"The Mark of Noba (The Sterling Wayfairer, #1)",False,[],False,[]
26091228,"Remember Yesterday (Forget Tomorrow, #2)",True,[24804505],True,[32453735]
26094860,"Head Over Heels (Geek Girl, #5)",True,"[18065780, 18665259, 23296910, 27209626]",False,[]
26098510,"Mist & Whispers (The Weaver's Riddle, #1)",False,[],False,[]
26100693,"Compete (The Atlantis Grail, #2)",False,[],False,[]
26106502,"The Year I Became Isabella Anders (Sunnyvale, #1)",False,[],True,"[26245953, 28442624]"
26109391,Highly Illogical Behavior,False,[],False,[]
26113869,"Infestation (Feast of Weeds, #3)",True,[25606638],False,[]
26114131,"Vicarious (Vicarious, #1)",False,[],False,[]
26114232,"Flying (Flying, #1)",False,[],False,[]
26114337,"Steeplejack (Alternative Detective, #1)",False,[],False,[]
26114479,"Resurgence (Silver Blackthorn, #3)",True,"[18490660, 22537705]",False,[]
26114621,"True Born (True Born Trilogy, #1)",False,[],True,[29939097]
26114677,"The Dogs of Athens (Goddess War, #0.1)",False,[],True,"[22892325, 13246736, 17561810]"
26115230,Grey (The Romany Outcasts #1),False,[],True,[27226794]
26116473,"The Outliers (The Outliers, #1)",False,[],True,[31371234]
26117336,"I See London, I See France (I See London, I See France, #1)",False,[],False,[]
26118981,"Rebels (The Reverians, #2)",True,[25855415],True,[26404752]
26119065,Bound (The Caelian Cycle #2),True,[25773067],False,[]
26130058,"8 Notes to a Nobody (Bird Face, #1)",False,[],True,[26202581]
26135139,"Under the Lights (The Field Party, #2)",True,[22522202],True,[32333318]
26143713,"Poison (Wind Dancer, #1)",False,[],False,[]
26146013,Athel (Mayake Chronicles #2),True,[25121674],False,[]
26153925,With Malice,False,[],False,[]
26156443,Hero (The Hero Rebellion #1),False,[],True,[32218427]
26156987,If I Was Your Girl,False,[],False,[]
26158729,"Count All Her Bones (Girl, Stolen, #2)",True,[7906105],False,[]
26159157,"An Italian Adventure (The Italian Saga, #1)",False,[],False,[]
26164334,Nirvana (Nirvana #1),False,[],False,[]
26168848,Miist (The Bone Grit Historeum #1),False,[],False,[]
26170198,Hope (Indigo Ballet Series #2),False,[],False,[]
26173407,"The Threat Below (Brathius History, #1)",False,[],False,[]
26174272,"Hoax (The Scarab Beetle, #5)",False,[],False,[]
26180279,"United (Alienated, #3)",True,"[13574417, 17316770, 22614886]",False,[]
26182737,"The Black Jewel (Chronicles of Ezeth, #1)",False,[],False,[]
26183322,"Ten Things Sloane Hates About Tru (Creative Hearts, #1)",False,[],True,"[28871512, 29067842, 30240690, 32491408, 33863871]"
26183418,Broken Trouble (Broken Storm #1),False,[],False,[]
26194593,Nexus (Zeroes #3),False,[],False,[]
26198206,The Moonlight Dreamers,False,[],False,[]
26198216,"Shiny Broken Pieces (Tiny Pretty Things, #2)",True,[18710209],False,[]
26198812,"The Hunt (The Cage, #2)",True,"[16071187, 31146324]",True,[18298581]
26200237,Hybrid (The Domino Project #2),True,[25914930],True,[28801635]
26202581,"10 Steps to Girlfriend Status (Bird Face, #2)",True,[26130058],False,[]
26209398,"The Last Girl (The Dominion Trilogy, #1)",False,[],False,[]
26209460,"The Hunt (Atlanta Burns, #2)",True,[23109035],False,[]
26210501,"The Prey (Arena 13, #2)",True,[23346503],False,[]
26211489,"Avis Blackthorn: The Magical Multicolour Jumper (Wizard Magic School, #2)",False,[],False,[]
26219455,"The Edge of the Abyss (The Abyss Surrounds Us, #2)",True,[24790901],False,[]
26227014,"Steamborn (Steamborn, #1)",False,[],True,"[26227015, 26227016]"
26227015,"Steamforged (Steamborn, #2)",True,[26227014],True,[26227016]
26227016,"Steamsworn (Steamborn, #3)",True,"[26227014, 26227015]",False,[]
26232306,Work Boots and Tees (Deep Secrets and Hope #5),True,"[18216787, 24545010]",True,[28790031]
26240663,Seven Ways We Lie,False,[],False,[]
26242358,Hunt for the Garde (Lorien Legacies: The Lost Files #15),True,"[11237412, 13622863, 15752308, 15762770, 16065602, 18053086, 18053087, 18738863, 22500624, 25742694]",False,[]
26244548,Wanderlost,False,[],False,[]
26245098,Every Exquisite Thing,False,[],False,[]
26245953,"The Year of Falling in Love (Sunnyvale, #2)",True,[26106502],True,[28442624]
26252475,Always Second Best (Broken Dreams: Em & Nick #2),True,[25786920],False,[]
26252859,"The Hidden Oracle (The Trials of Apollo, #1)",False,[],True,"[30145666, 28006096]"
26255907,"How Hard Can Love Be? (The Spinster Club, #2)",True,[23592235],True,"[29740718, 30360631]"
26257335,"Fatal Exchange (Christy, #3)",True,"[18302520, 22887469]",False,[]
26258306,The Twelve Days of Dash and Lily,False,[],False,[]
26259921,The Keepsake (The Empress Chronicles #2),False,[],False,[]
26263629,Remember to Forget,False,[],False,[]
26305543,"Phoenix Awakens (The Phoenix, #1)",True,[17841264],True,[26406305]
26309792,The Hearts We Sold,False,[],False,[]
26345720,"Seconds Before Sunrise (Timely Death, #2)",False,[],False,[]
26346620,"Boundary (The Other Horizons Trilogy, #1)",False,[],False,[]
26359062,"Illusion (The Hoodoo Apprentice, #3)",True,[13425130],False,[]
26360407,"Quanta (The Shadow Ravens, #2)",False,[],True,"[26796052, 31680765]"
26365537,Kindred Spirits,False,[],False,[]
26404752,"Warriors (The Reverians, #3)",True,"[25855415, 26118981]",False,[]
26406305,"From the Ashes (The Phoenix, #2)",True,"[17841264, 26305543]",False,[]
26457239,Model Undercover: London,False,[],False,[]
26465507,My Sister Rosa,False,[],False,[]
26500528,"A Witch's Feast (The Memento Mori Series, #2)",False,[],False,[]
26516187,Desert Dark (Dark #1),False,[],False,[]
26533261,"Kingdom from Ashes (Kingdom Saga, #1)",False,[],False,[]
26544682,The Fulfillment (The Fulfillment Series #3),True,[18160774],False,[]
26626126,"Rebellion (Rebellion, #1)",False,[],False,[]
26626466,"The Last Full Measure (Divided We Fall, #3)",True,"[18114594, 22571251]",False,[]
26632892,"Omnilogos (Omnilogos, #1)",False,[],False,[]
26721568,The Problem with Forever,False,[],False,[]
26722146,Girl of Myth and Legend (The Chosen Saga #1),True,[13304535],True,"[22587685, 26824716]"
26722944,"Future Shock (Future Shock, #1)",False,[],True,[30201520]
26731477,Chained (Cage of Lies #1),False,[],False,[]
26778126,Axiom,False,[],False,[]
26779225,Sound (The Delta Girls #2),False,[],True,[27133247]
26791238,"Desolation (Demon Road, #2)",True,[23253921],False,[]
26795328,"Reap (Endgame: The Zero Line Chronicles, #3)",True,[25109970],False,[]
26796052,"Quanta Reset (The Shadow Ravens, #3)",True,[26360407],True,[31680765]
26798701,"Van Gogh Gone (Remembrandt, #2)",True,[22920573],True,[32049866]
26800383,Rescued (Ape Quartet #3),True,"[13591678, 18222541]",False,[]
26805518,"Withering Rose (Once Upon a Curse, #2)",True,[24402708],False,[]
26807369,Backstage,False,[],False,[]
26808625,"Flames Like Vines (Snow Like Ashes, #2.1)",True,"[17399160, 24623385]",True,[28512486]
26809725,"Hidden Hope (Hidden Saga, #3)",True,"[17916291, 25210273]",True,"[28523062, 29414176]"
26824716,Brink of Dawn (Chosen #2),True,"[13304535, 22587685, 26722146]",False,[]
26828513,"Girl in the Shadows (Cirque Americain, #2)",False,[],False,[]
26828797,"Reasons to Love a Nerd Like Me (Love Stories, #1)",False,[],False,[]
26829534,Tidal Wave (Tide #2),False,[],False,[]
26829927,"Out of the Ashes (Five, #3)",True,"[18306322, 21570244]",False,[]
26834157,"The Boy Who Fell from the Sky (The House Next Door, #1)",False,[],True,[27394453]
26836910,"The Diabolic (The Diabolic, #1)",False,[],True,[33652251]
26853604,"Poisoned Blade (Court of Fives, #2)",False,[],True,"[34891813, 29750595]"
26857520,"Did I Mention I Need You? (The DIMILY Trilogy, #2)",True,[25063750],True,[28321049]
26876374,"The Blood of the Hydra (Elementals, #2)",True,"[11992012, 35068585]",True,"[28176867, 28188348, 30046401]"
26886843,"Heroes (Eirik, #2)",False,[],False,[]
26889251,Savage,False,[],False,[]
26894210,"Energy Reborn (The Energy Series, #4)",True,"[13365830, 24514006, 25147215, 25429929]",False,[]
26928871,"Soulmated (Joining of Souls, #1)",False,[],False,[]
26958226,Even the Darkest Stars (Even the Darkest Stars #1),False,[],False,[]
26993062,The Rose and the Sword (The Veritas Chronicles #2),False,[],True,[17905775]
27015385,"Relentless (The Hero Agenda, #2)",True,[23314948],False,[]
27019388,Oxblood (Victoria Asher #1),False,[],False,[]
27064385,"Ivory and Bone (Ivory and Bone, #1)",False,[],False,[]
27067085,"Rules of the Game (Endgame, #3)",True,"[20510241, 24465662]",False,[]
27071332,"Against All Silence (SOS, #2)",True,"[23203542, 23776277]",False,[]
27108728,"The Liberty Box (The Liberty Box, #1)",False,[],True,"[30744606, 34031144]"
27132529,"David (The Unseen, #3)",True,"[18754928, 23398087]",False,[]
27132749,"The Natural History of Us (The Fine Art of Pretending, #2)",True,[23263328],False,[]
27133247,Taste (The Delta Girls #4),True,[26779225],False,[]
27134574,The Girl in the Mirror,False,[],False,[]
27152245,The Uprising (The Union #3),True,"[23266680, 25440951]",True,[35678728]
27158739,"Fall of Hades (Michael Vey, #6)",True,"[12988089, 16074409, 20759481]",True,[33921998]
27158835,You Know Me Well,False,[],False,[]
27161189,"United as One (Lorien Legacies, #7)",True,"[7747374, 8659601, 12971616, 15861491, 19346451]",False,[]
27161846,The Loose Ends List,False,[],False,[]
27174561,"The Alpha Drive (The Alpha Drive, #1)",False,[],False,[]
27179196,"Broken Fate (Threads of the Moirae, #1)",False,[],True,[31188899]
27181052,"Henchgirl (Dakota Kekoa, #1)",False,[],False,[]
27188596,"War Storm (Red Queen, #4)",True,"[22328546, 23174274, 25362018, 25944381, 30226723]",False,[]
27202450,But Then I Came Back,False,[],False,[]
27209230,"Autumn's Wish (Autumn Falls, #3)",True,"[18691033, 22638095]",False,[]
27209488,The Merciless II: The Exorcism of Sofia Flores,False,[],False,[]
27209626,"Sunny Side Up (Geek Girl, #4.5)",True,"[18065780, 18665259, 23296910]",True,[26094860]
27210505,Turning the Page (The Rosewoods #9),True,"[20492486, 20814947, 21971806, 23453058]",False,[]
27220377,"Conjuror (Orion Chronicles, #1)",True,[22408549],True,[35066264]
27226794,"Shadow (The Romany Outcasts, #2)",True,[26115230],False,[]
27230789,"Honestly Ben (Openly Straight, #2)",True,[16100972],False,[]
27233749,"Sword (Le Fay, #2)",True,[23151530],False,[]
27235785,"The Young Dread (Seeker, #1.5)",True,"[8466360, 12374158, 12603698]",True,"[8872641, 13265450, 24690795, 28585057]"
27240681,"The Pack (The Wanderers, #2)",True,[22070953],False,[]
27242803,Traveler (Traveler #1),False,[],False,[]
27245910,"The Shadow Hour (The Girl at Midnight, #2)",True,[20345202],True,[28872472]
27245911,"Rampage (The Singular Menace, #3)",True,[18800159],False,[]
27252268,"The Trouble With Dating Sue (Grover Beach Team, #6)",True,"[19263293, 19263535, 22304062, 22999528, 23573898]",False,[]
27254713,"Shaken (Struck, #3)",True,"[12432229, 13486348, 17522283, 22483750]",False,[]
27257518,"Ashwood (Ashwood, #1)",False,[],False,[]
27259021,"Melt With You (A Totally '80s Romance, #1)",False,[],False,[]
27259048,"Ariel Rising (Ariel Between Two Worlds, #1)",False,[],False,[]
27262881,"Shattered Pack (Alpha Girl, #6)",True,[23355798],False,[]
27264119,A Sheltering Wilderness (Wolf Code #1),False,[],False,[]
27264289,This Winter,False,[],False,[]
27268998,"New World: Rising (New World, #1)",False,[],True,"[27284375, 33969932]"
27272505,A World Without You,False,[],False,[]
27272506,"The Glittering Court (The Glittering Court, #1)",False,[],True,[29935867]
27276234,"Nothing More (Landon Gibson, #1)",False,[],False,[]
27278661,"Long Dark Dusk (The Australia Trilogy, #2)",True,[25202767],True,[30124424]
27280695,"The Ones (The Ones, #1)",False,[],True,[33118951]
27284375,New World: Ashes (New World #2),True,[27268998],True,[33969932]
27374015,"Amanda Lester and the Purple Rainbow Puzzle (Amanda Lester, Detective, #3)",False,[],True,[28912565]
27390570,The Awakened,False,[],False,[]
27394453,"Silverwood (The House Next Door, #2)",True,[26834157],False,[]
27395877,Chrysocolla (Chalcedony Chronicles #4),True,"[20527595, 23116865]",False,[]
27396086,Ride (Blue #3),True,[22008489],False,[]
27396942,"The Neverland Wars (The Neverland Wars, #1)",False,[],False,[]
27400441,Five Minutes,False,[],False,[]
27405351,"How to Hang a Witch (How to Hang a Witch, #1)",False,[],False,[]
27408101,"All About the Hype (Jessie Jefferson, #3)",True,[24321005],False,[]
27414108,"Discovery (The Gifted, #1)",False,[],True,"[25493859, 7123181]"
27414369,"Flashfall (Flashfall, #1)",False,[],True,[33275681]
27414431,Nemesis (Nemesis #1),False,[],True,"[30279514, 32565582]"
27416133,Poor Unfortunate Soul: A Tale of the Sea Witch,False,[],False,[]
27419429,"No Ordinary Star (No Ordinary Star, #1)",False,[],True,[30970438]
27420597,"The Adjustment (The Program, #3)",True,"[11366397, 17948607, 22449285, 23666204]",False,[]
27421119,Enslaved  (The Last Orphans #3),True,"[23389307, 25063013]",False,[]
27426044,"Nyxia (The Nyxia Triad, #1)",False,[],False,[]
27426221,"Julia Vanishes (Witch's Child, #1)",False,[],True,[32671979]
27577048,"Deciding Love (Bloomfield, #3)",True,"[20982578, 22041903]",False,[]
27753562,Meadowsweet,False,[],False,[]
27774409,"Recreated (Reawakened, #2)",True,"[17331819, 27833501]",True,[29639774]
27779008,"Forever Doon (Doon, #4)",True,"[17745703, 18866743]",False,[]
27779275,This Adventure Ends,False,[],False,[]
27783292,"Digital Horizon (#Hacker, #3)",False,[],False,[]
27800153,Kat in Zombieland (White Rabbit Chronicles #4.1),True,"[11300302, 15755296, 20579287, 23287087, 24893241]",False,[]
27803959,"The Road to Winter (Winter, #1)",True,"[10793020, 11761455, 18586953]",True,"[12971630, 35424749, 13224793]"
27818091,"Double Down (Lois Lane, #2)",False,[],True,[31632115]
27826791,Vinyl (Vinyl #1),False,[],False,[]
27827203,"Frostblood (Frostblood Saga, #1)",False,[],True,"[33784283, 36139392]"
27833501,"Reignited (Reawakened, #0.5)",False,[],True,"[17331819, 27774409, 29639774]"
27846534,"Sim 299 (I Am Sleepless, #1)",False,[],False,[]
27848302,"Diary of a Rocker's Kid (D.O.R.K. Series, #1)",False,[],False,[]
27851628,The Unraveling,False,[],False,[]
27852886,"The Ghost Files 3.5 (The Ghost Files, #3.5)",True,"[20391541, 22056601]",False,[]
27855822,"Immurement (The Undergrounders, #1)",False,[],True,[29247185]
27856404,"Hot Cocoa Hearts (Wish, #3)",True,"[6620466, 8369680, 17696143]",True,[20553852]
27856632,Faith and Moonlight (Faith and Moonlight #1),False,[],False,[]
27874100,Lane’s (Life According to Maps #3),True,"[23634613, 25860843]",False,[]
27880578,Splintered Fate (Aorra Series #1),False,[],False,[]
27882492,Emerge (Mer Chronicles #1),False,[],True,[33299927]
27883214,"Caraval (Caraval, #1)",False,[],True,[33645809]
27904311,"The Hammer of Thor (Magnus Chase and the Gods of Asgard, #2)",True,[15724396],True,[28006120]
27905658,Iron Man: The Gauntlet,False,[],False,[]
27969081,"Labyrinth Lost (Brooklyn Brujas, #1)",False,[],True,[33918887]
27991136,"Inherited (Curses of VIII, #1)",True,[28512813],False,[]
28000518,"Champions: At fire's end (Champions, #1)",False,[],False,[]
28006096,"The Burning Maze (The Trials of Apollo, #3)",True,"[26252859, 30145666]",False,[]
28006120,"The Ship of the Dead (Magnus Chase and the Gods of Asgard, #3)",True,"[15724396, 27904311]",False,[]
28007282,"Burning Yves (Benedicts, #2.5)",True,"[8314214, 10410278]",True,"[18857916, 28078289]"
28013511,"Scarlet Rain (The Escaped, #2)",False,[],False,[]
28017686,"Enthralling Retribution (Empyrean Chronicles, #3)",True,[25989666],False,[]
28043246,"New Guard (Cherub 2, #5)",False,[],False,[]
28064676,"Liam's Story (The Darkest Minds, #1.6)",True,"[10576365, 18052136]",True,"[16150830, 23016659, 16150831, 25453426]"
28075399,The Siege (The Six #2),True,[23354348],False,[]
28078289,"Summer Shadows (Benedicts, #6)",True,"[8314214, 10410278, 18857916, 28007282]",False,[]
28088224,"All The What Ifs (Richmond High, #1)",False,[],False,[]
28093567,United (The United Trilogy #1),False,[],True,[29080038]
28095076,"The Starriest Summer (The Cycle of the Six Moons, #1)",False,[],False,[]
28100273,The Haunting,False,[],False,[]
28101540,Under Rose-Tainted Skies,False,[],False,[]
28101587,A Grimm Curse (Grimm Tales #3),True,[20641763],False,[]
28114396,"Ever the Hunted (Clash of Kingdoms, #1)",False,[],True,[33413892]
28114497,"Heart of the Storm (Undertow, #3)",True,"[22749788, 23719241]",False,[]
28116714,"Perfect (Flawed, #2)",True,"[19974208, 23438288]",False,[]
28139720,Percy Jackson and the Bronze Dragon (Percy Jackson and the Olympians #4.7),True,"[28187, 561456, 2120932]",True,[4502507]
28143051,Proof of Lies,False,[],False,[]
28165791,"Checkmate (Insanity, #6)",True,[24799229],False,[]
28176158,Lantern (Lantern #1),False,[],False,[]
28176867,"The Head of Medusa (Elementals, #3)",True,"[11992012, 26876374, 35068585]",True,"[28188348, 30046401]"
28185220,Of Sand and Storm (Fairy Queens #2.5),True,[20734692],False,[]
28188348,"The Portal to Kerberos (Elementals, #4)",True,"[11992012, 26876374, 28176867, 35068585]",True,[30046401]
28198386,"The Hunter's Moon (The Secret Warrior, #1)",False,[],False,[]
28205837,"Pivotal Moments (In Time, #1)",False,[],False,[]
28218948,As I Descended,False,[],False,[]
28220742,"Infinity (The Infinity Division, #1)",False,[],True,[33509081]
28220778,"The Rains (Rains, #1)",False,[],True,[33414248]
28220872,"The Dead Boyfriend (Fear Street Relaunch, #5)",True,"[19286536, 23848058, 25663595]",True,[29939078]
28220892,Vassa in the Night,False,[],False,[]
28220973,"Chasing Truth (Eleanor Ames, #1)",False,[],False,[]
28227567,"Lastland (The War of Princes, #4)",True,"[11758870, 17313797]",False,[]
28227834,"Alone (The Generations Trilogy, #3)",True,"[23278532, 25489021]",False,[]
28230006,"Trial By Fire (Going Down in Flames, #3)",True,[23867175],False,[]
28235555,City of Legends (City of Legends Series #1),False,[],True,"[21912431, 23204668]"
28238589,"Otherworld (Otherworld, #1)",True,[17708622],True,"[23152378, 15780961]"
28240333,"Omen Operation (Isolation, #1)",False,[],True,"[31309216, 32944818]"
28241879,"Desire in Frost (Crystal Frost, #2)",False,[],True,[28308498]
28243032,We Are Okay,False,[],False,[]
28245707,Queens of Geek,False,[],False,[]
28247422,"Clanless (Nameless, #2)",True,[21843172],True,[32991897]
28252551,"Blackheath (The Blackheath Witches, #1)",False,[],False,[]
28257665,Garnet's Story (The Lone City #1.25),False,[],False,[]
28284684,"A Minor Raven Boys Holiday Drabble (The Raven Cycle, #0.4)",False,[],True,"[17675462, 17347389, 17378508, 17378527]"
28308498,"Inspired by Frost (Crystal Frost, #3)",True,[28241879],False,[]
28321049,"Did I Mention I Miss You? (The DIMILY Trilogy, #3)",True,"[25063750, 26857520]",False,[]
28362407,"Meeting Sang: Kota  (The Ghost Bird, #1.1)",True,[18403921],True,"[31257244, 18411969, 18714697, 20321703, 22391912, 23486206, 23004842, 23004844, 23004848, 25448932, 25448939]"
28368432,"No One Dies in the Garden of Syn (The Garden of Syn, #1)",False,[],False,[]
28369891,"Lucas (Preston Brothers, #1)",False,[],False,[]
28370765,"Crystal Blade (Burning Glass, #2)",True,[23677316],False,[]
28370779,"The Great Pursuit (Eurona Duology, #2)",True,[25788145],False,[]
28374007,"Three Dark Crowns (Three Dark Crowns, #1)",True,[34848222],True,"[29923707, 35391214]"
28375641,"Spindle (A Thousand Nights, #2)",True,[21524446],False,[]
28400566,"Shearwater (Ocean Depths, #1)",False,[],False,[]
28405573,"Through His Eyes  (The Institute, #4)",True,[25617033],False,[]
28421168,"Renegades (Renegades, #1)",False,[],False,[]
28425425,"Prophecy (Antigone: The True Story, #1)",False,[],False,[]
28431419,Life After E.L.E.,False,[],False,[]
28442624,"The Year of Second Chances (Sunnyvale, #3)",True,"[26106502, 26245953]",False,[]
28443984,"Shadow Call (Kaitan Chronicles, #2)",True,[25669098],False,[]
28448239,"Bright Smoke, Cold Fire (Bright Smoke, Cold Fire, #1)",False,[],True,[21825776]
28448287,"Replica (Replica, #1)",True,"[1071338, 16059428]",True,"[17910097, 30457727, 1071444, 1071339]"
28449150,And the Trees Crept In,False,[],False,[]
28449180,"Untitled (Sword and Verse, #2)",True,[22065067],False,[]
28449207,"Strange the Dreamer (Strange the Dreamer, #1)",False,[],False,[]
28449231,Unblemished (Unblemished #1),False,[],True,[32673847]
28450197,Help Me! (Help Me! #1),False,[],False,[]
28450966,"As Old as Time (A Twisted Tale, #3)",True,[26031261],False,[]
28455004,"Please Don't Tell My Parents I've Got Henchmen (Please Don't Tell My Parents, #3)",False,[],False,[]
28458598,When Dimple Met Rishi,False,[],False,[]
28459688,"November Rain (Bad Bloods, #1)",False,[],True,"[28459694, 34109789, 34109795]"
28459694,"November Snow (Bad Bloods, #2)",True,[28459688],True,"[34109789, 34109795]"
28463043,Ultraxenopia (Project W.A.R. #1),False,[],True,[30626391]
28473264,"The Sun Dragon (The Sun Dragon, #1)",False,[],False,[]
28477012,"Obsidian (The Dragon Kings, #1)",False,[],False,[]
28480437,"Star Struck (Ladybirds, #4)",True,"[20618013, 22096015, 25800990]",False,[]
28484655,The Onyx Vial,False,[],False,[]
28497161,A Stolen Kiss (Stolen Royals #1),False,[],True,[33299061]
28497796,The Forgotten (The Lost Children #1),False,[],False,[]
28498236,Boy Robot,False,[],False,[]
28510799,The Rift Uprising (The Rift Uprising Trilogy #1),False,[],False,[]
28512298,The Surrendered,False,[],False,[]
28512427,"The Black Key (The Lone City, #3)",True,"[16068780, 22752758, 23254391, 24585267]",False,[]
28512486,"Frost Like Night (Snow Like Ashes, #3)",True,"[17399160, 24623385, 26808625]",False,[]
28512547,"Aerie (Magonia, #2)",True,[21393526],False,[]
28512813,"Into the Forest (Curses of VIII, #0.5)",False,[],True,[27991136]
28517050,Progeny: The Unknown Nine,False,[],False,[]
28523062,Hidden Darkness (Hidden Saga #4),True,"[17916291, 25210273, 26809725]",True,[29414176]
28524058,Before She Ignites (Fallen Isles Trilogy #1),False,[],False,[]
28525930,Absolution (The Awakening #1),False,[],False,[]
28526192,"27 Hours (The Nightside Saga, #1)",False,[],False,[]
28529955,"Black Moon (Zodiac, #3)",True,"[20821306, 24930075]",False,[]
28531533,"Mer-Charmer (World of Aluvia, #2)",True,[25017130],True,[30116302]
28533634,"Eternal Darkness (Eternal Darkness, #1)",False,[],False,[]
28537304,Sacrifice (Serpentine #2),True,[22095547],False,[]
28537447,"Summoner Rising (Laws of Summoning, #1)",False,[],False,[]
28551083,"Landry in Like (Landry's True Colors, #3)",True,"[22444090, 25145859]",False,[]
28574935,"The Crown & the Arrow (The Wrath and the Dawn, #0.5)",False,[],True,[18798983]
28574949,"The Moth & the Flame (The Wrath & the Dawn, #0.25)",False,[],False,[]
28575508,"Reckoning (The Watchers, #5)",True,"[10551037, 10592898, 15821972, 18686977]",False,[]
28581676,Glitter and Sparkle,False,[],False,[]
28585057,"Disruptor (Seeker, #3)",True,"[8466360, 8872641, 12374158, 12603698, 13265450, 24690795, 27235785]",False,[]
28588345,"The Midnight Star (The Young Elites, #3)",True,"[20821111, 23846013]",False,[]
28588459,Still Life with Tornado,False,[],False,[]
28588739,Daemoneum (The Primordial Principles #2),True,[25649108],False,[]
28591281,Moon Chosen (Tales of a New World #1),False,[],True,[34312122]
28600081,"The Call (The Call, #1)",False,[],False,[]
28604534,"First Born (First Born, #1)",False,[],False,[]
28643226,"The Dark at the End (Tunnel Vision, #2)",True,[22537667],False,[]
28650500,"Seas (Wendy Darling, #2)",True,[25175898],True,[32446959]
28669945,The Sign Of One,False,[],False,[]
28678119,"Paper Princess (The Royals, #1)",False,[],True,"[29519514, 29519517, 34816694, 33807229]"
28682609,"Generation Next (Generation Next, #1)",False,[],False,[]
28684363,"The Cursed Queen (The Impostor Queen, #2)",True,[23495112],False,[]
28688476,Something in Between,False,[],False,[]
28691932,"The Forgetting (The Forgetting, #1)",False,[],True,[34109606]
28699026,"Hatred Day (Hatred Day, #1)",False,[],False,[]
28763485,The Sun Is Also a Star,False,[],False,[]
28790031,"Ball Caps and Khakis (Deep Secrets and Hope, #6)",True,"[18216787, 24545010, 26232306]",False,[]
28797211,Last Star Burning (Last Star Burning #1),False,[],False,[]
28801635,"Parasite (The Domino Project, #3)",True,"[25914930, 26200237]",False,[]
28805293,"Into the Fire (Into the Fire, #1)",False,[],True,[29245385]
28815367,Pretend... (Oxley College Saga #2),False,[],False,[]
28818217,"Maresi (The Red Abbey Chronicles, #1)",False,[],False,[]
28818314,RoseBlood,False,[],False,[]
28818319,"Heartfire (Winterkill, #3)",True,"[20702025, 24795952]",False,[]
28818369,"The Graces (The Graces, #1)",False,[],True,[25620458]
28821387,"Legion (Talon, #4)",True,"[17331828, 17342750, 23168406]",True,[17342753]
28871512,"How Willa Got Her Groove Back (Creative HeArts, #2; Willa and Finn, #1)",True,[26183322],True,"[29067842, 30240690, 32491408, 33863871]"
28872472,"The Savage Dawn (The Girl at Midnight, #3)",True,"[20345202, 27245910]",False,[]
28881271,"Transient Echoes (The Variant Saga, #2)",True,"[10433900, 12942010, 16152965]",False,[]
28912565,"Amanda Lester and the Blue Peacocks' Secret (Amanda Lester, Detective #4)",True,[27374015],False,[]
28933298,"Orpheum (Orpheum, #1)",False,[],False,[]
28934536,Daughter of the Sun (Cult of the Cat #1),False,[],False,[]
28937728,"Inked (Terra Sempre Saga, #2)",True,[23842764],False,[]
28943143,"Jamyria: The Entering (Jamyria, #1)",False,[],False,[]
28945665,Zero Repeat Forever (The Nahx Invasions #1),False,[],False,[]
28954021,"Fate of Flames (Effigies, #1)",False,[],True,[34109695]
28954050,"Possession (Diary of a Haunting, #2)",True,[24885765],False,[]
28954125,The Swan Riders (Prisoners of Peace #2),True,[11516221],False,[]
28954137,Tales from the Shadowhunter Academy,False,[],False,[]
28954189,"Scythe (Arc of a Scythe, #1)",False,[],True,[33555224]
28954200,"Illusion (The Heirs of Watson Island, #3)",True,"[20759498, 23450710]",False,[]
28960100,"A Million Worlds with You (Firebird, #3)",True,"[17234658, 17234659, 25138743]",False,[]
28961339,Finding Home (Breaking Free Series Book 1),False,[],False,[]
29058267,The Fourth Piece (Order's Last Play #1),False,[],False,[]
29058345,"The Giant (Quarantine, #4)",True,"[12620969, 16280108, 18627443]",False,[]
29058352,"The Immortal Throne (Into the Dark, #3)",True,"[16176186, 16567625, 18053984, 23213803]",False,[]
29065483,Children of Icarus,False,[],False,[]
29067842,"Crazy, Stupid, Fauxmance (Creative HeArts, #3; Mariely and Cabot #1)",True,"[26183322, 28871512]",True,"[30240690, 32491408, 33863871]"
29071069,"Tales from the Front (Air Awakens, #2.5)",False,[],False,[]
29080038,"Divided (The United Trilogy, #2)",True,[28093567],False,[]
29093236,"Double Eclipse (Summer on East End, #2)",False,[],False,[]
29093326,What Light,False,[],False,[]
29102838,Freya (Freya #1),False,[],False,[]
29102898,"The Cruelty (The Cruelty, #1)",False,[],False,[]
29102925,"Teen Hyde (High School Horror Story, #2)",False,[],False,[]
29106302,"Vindicated (Emancipated, #3)",True,[22999141],False,[]
29118089,"Sophie's Different (James Madison, #3)",False,[],True,[24380247]
29207112,Blue Waters (Tainted Water #1),False,[],True,[29553364]
29207686,The Boy with Words,False,[],False,[]
29222485,"Losing Nuka (Litmus, #1)",False,[],True,[31346900]
29225046,"Hellfighters (The Devil's Engine, #2)",True,[23310749],False,[]
29235197,"Barefoot on the Wind (The Moonlit Lands, #2)",True,[9741685],False,[]
29236380,Girl in Pieces,False,[],False,[]
29236555,"The Turncoat's Gambit (The Inventor's Secret, #3)",True,"[10123237, 23846024]",False,[]
29241212,The Hawkweed Prophecy (Hawkweed Prophecy #1),False,[],False,[]
29242720,IA: B.O.S.S. (IA #2),True,[21471358],False,[]
29244700,"Agent of Chaos (The X-Files: Origins, #1)",False,[],False,[]
29245385,"Out of the Ashes (Into the Fire, #2)",True,[28805293],False,[]
29247155,"Regress (The Alliance Chronicles, #1)",False,[],False,[]
29247185,"Embattlement (The Undergrounders, #2)",True,[27855822],False,[]
29275562,"Lifeblood (Everlife, #2)",True,[25785357],True,[32183137]
29281724,"My Fair Assassin (Paranormal Misfits, #1)",False,[],False,[]
29283751,"Dark Breaks the Dawn (Untitled, #1)",False,[],True,"[29960675, 30734412, 32320661]"
29284789,"Winging It (Corrigan Falls Raiders, #3)",True,[25447694],False,[]
29284812,Iceling (Icelings #1),False,[],False,[]
29332599,"Demigods and Monsters (Sphinx, #2)",True,[18052205],True,"[29412228, 34306933]"
29336393,"The Playmaker (Big Play, #1)",False,[],True,[29777927]
29341627,Tarragon: Key Keeper,False,[],False,[]
29346870,"The Traitor's Kiss (Traitor's Trilogy, #1)",False,[],False,[]
29346927,Rosemarked,False,[],False,[]
29358487,Tales of the Peculiar (Miss Peregrine's Peculiar Children #0.5),False,[],True,[24120519]
29358518,"Trouble Makes a Comeback (Trouble, #2)",True,[23354047],True,"[21882262, 35856700]"
29363501,Fantastic Beasts and Where to Find Them: The Original Screenplay,False,[],False,[]
29366679,"Shadow Fall (Shadow Fall, #1)",False,[],True,[34229827]
29368973,"Thievery (School of the Seven Bells, #1)",False,[],False,[]
29385546,"Warcross (Warcross, #1)",False,[],False,[]
29409505,"Female 22, (TranzCon, #1)",False,[],False,[]
29412228,"Myths of Immortality (The Sphinx, #3)",True,"[18052205, 29332599]",True,[34306933]
29414176,Hidden Danger (Hidden Saga #5),True,"[17916291, 25210273, 26809725, 28523062]",False,[]
29419777,The Stone Bearers,False,[],False,[]
29422091,"These Rebel Waves (Stream Raiders, #1)",False,[],False,[]
29427200,Cheerleading Can Be Murder,False,[],False,[]
29430620,"Children of Eden (Children of Eden, #1)",False,[],False,[]
29430815,"The Mirror Sisters (The Mirror Sisters, #1)",False,[],False,[]
29439024,"Station Fosaan (Torch World, #1)",False,[],False,[]
29455380,The Gatekeeper's Bride (The Gatekeeper's Saga #0.5),False,[],True,"[15845605, 18470187, 16098340, 17570001, 20701398, 22847838]"
29457008,"Fallen Angel (Fallen Angel, #1)",True,[8487365],True,[9462774]
29482383,"The Nest (Star Wars: Adventures in Wild Space, #2)",False,[],True,"[30819568, 30827399]"
29486674,A Place of Stone and Shadow,False,[],False,[]
29502065,"Contribute (Holo, #2)",True,[29512334],False,[]
29509866,"Okay (Something More, #2)",False,[],False,[]
29512334,"Consider (Holo, #1)",False,[],True,[29502065]
29519514,"Broken Prince (The Royals, #2)",True,[28678119],True,"[29519517, 34816694, 33807229]"
29519517,"Twisted Palace (The Royals, #3)",True,"[28678119, 29519514]",True,"[34816694, 33807229]"
29523636,Dare Mighty Things,False,[],False,[]
29524952,"The Convergence (The Converters Trilogy, # 1)",False,[],False,[]
29539144,"Race Girl (The Go Girls Chronicles, #3)",True,[23497914],False,[]
29540070,Caught Inside,False,[],False,[]
29546138,Rose Petal Graves,False,[],False,[]
29553364,"Black Waters (Tainted Water, #2)",True,[29207112],False,[]
29560003,"Island of Exiles (The Ryogan Chronicles, #1)",False,[],False,[]
29563587,Dragonwatch (Dragonwatch #1),False,[],False,[]
29569157,Zenith Part 1,False,[],False,[]
29570559,Draekora,False,[],False,[]
29589074,"Truly Devious (Truly Devious, #1)",False,[],False,[]
29616050,"Heroesville (Heroesville, #1)",False,[],False,[]
29618746,"Assassins: Discord (Assassins, #1)",False,[],True,[29618750]
29618750,"Assassins: Nemesis (Assassins, #2)",True,[29618746],False,[]
29619638,Ren: God's Little Monster (Book #2),False,[],True,[30622127]
29619810,Protagonist Bound (Crisanta Knight #1),False,[],True,"[33191972, 34448695]"
29622131,"The Glass Spare (The Glass Spare, #1)",False,[],False,[]
29632194,"Welcome To Sortilege Falls (Grape Merriweather, Book 1)",False,[],False,[]
29633749,Kim (Changers #3),True,"[17675386, 23129879]",False,[]
29639774,"Reunited (Reawakened, #3)",True,"[17331819, 27774409, 27833501]",False,[]
29640839,Girl Out of Water,False,[],False,[]
29728867,Trix and the Faerie Queen (The Trix Adventures #2; Books of Arilland #6),False,[],False,[]
29736099,"House of Furies (House of Furies, #1)",False,[],False,[]
29739361,"Traitor to the Throne (Rebel of the Sands, #2)",True,[24934065],True,[29739428]
29739428,"Hero at the Fall (Rebel of the Sands, #3)",True,"[24934065, 29739361]",False,[]
29739506,The Wall,False,[],False,[]
29740718,"What's a Girl Gotta Do? (The Spinster Club, #3)",True,"[23592235, 26255907]",True,[30360631]
29742151,"A Faerie's Curse (Creepy Hollow, #6)",True,[25215710],True,[33147524]
29747119,"Dare You (Nikki Kill, #2)",True,[25773842],False,[]
29749085,"Wonder Woman: Warbringer (DC Icons, #1)",False,[],True,"[29749090, 29749098, 29749094]"
29749090,"Batman: Nightwalker (DC Icons, #2)",True,[29749085],True,"[29749098, 29749094]"
29749094,"Superman (DC Icons, #4)",True,"[29749085, 29749090, 29749098]",False,[]
29749098,"Catwoman: Soulstealer (DC Icons, #3)",True,"[29749085, 29749090]",True,[29749094]
29749107,Ahsoka,False,[],False,[]
29750595,"Buried Heart (Court of Fives, #3)",True,"[26853604, 34891813]",False,[]
29752764,Fury Rising (Dark Inside #3),True,"[10841167, 13185168]",False,[]
29777927,"The Red Zone (Big Play, #2)",True,[29336393],False,[]
29779860,"Fear Me, Fear Me Not (Gavert City #1)",False,[],True,[32489218]
29800388,Saven Deliverance (Saven #5),True,"[25820867, 30287871]",False,[]
29806696,The Nightmare Birds (Strange Luck Series #2),True,[25418989],False,[]
29844826,In The Crossfire,False,[],False,[]
29857730,The Secret City (The Alchemist Chronicles #2),False,[],False,[]
29861145,Shadowed Strength (Shadowed #1),False,[],True,"[29861153, 32712793]"
29861153,Shadowed Instincts (Shadowed #2),True,[29861145],True,[32712793]
29864658,Cell 7 (Cell 7 Trilogy #1),False,[],True,[34741464]
29864865,"Sparrow (Defier, #2)",True,[25987793],False,[]
29874338,"Everafter (The Immortals of Westchester Prep, #1)",False,[],False,[]
29875438,The Selection Coloring Book,False,[],False,[]
29894480,Everyday Magic,False,[],False,[]
29902748,"The Summer Before Forever (Before Forever, #1)",False,[],True,[35289079]
29904219,"Not Your Sidekick (Sidekick Squad, #1)",False,[],True,[35018774]
29906017,Reign of the Fallen,False,[],False,[]
29909264,"First and Goal (Moving the Chains, #1)",False,[],True,"[30747076, 33391655]"
29918359,The Carver,False,[],False,[]
29922440,Revenge of the Evil Librarian,False,[],False,[]
29922963,"Catalyst (The Deception Game, #1)",False,[],True,[32789311]
29923707,"One Dark Throne (Three Dark Crowns, #2)",True,"[28374007, 34848222]",True,[35391214]
29924673,"Flightless (Fairy, Texas, #2)",False,[],False,[]
29935867,"Midnight Jewel (The Glittering Court, #2)",True,[27272506],False,[]
29938320,Beheld,False,[],False,[]
29938656,The Crescendo (MTG Agencies #4),True,"[21419593, 23634755, 25613324]",False,[]
29939048,"Roar (Stormheart, #1)",False,[],True,[35677535]
29939078,"Give Me a K-I-L-L (Fear Street Relaunch, #6)",True,"[19286536, 23848058, 25663595, 28220872]",False,[]
29939097,"True North (True Born Trilogy, #2)",True,[26114621],False,[]
29939266,To Catch a Killer (Erin Blake #1),False,[],False,[]
29939285,"Guardian of Secrets (Library Jumpers, #2)",True,[17669243],False,[]
29939390,"Windwitch (The Witchlands, #2)",True,[21414439],True,"[22094961, 22094965]"
29960675,"Mask of Shadows (Untitled, #1)",True,[29283751],True,"[30734412, 32320661]"
29976178,Second Lives (Timebomb Trilogy #2),True,[22059569],False,[]
29977213,The Midnight Society (The Midnight Chronicles #1),False,[],False,[]
29979298,Aurabel,False,[],False,[]
29983798,"Defective (Outcast, #1)",False,[],False,[]
29984535,"The Witch's Kiss (The Witch's Kiss, #1)",False,[],True,[30796767]
29986882,"Sleeping Tom (Sleeping Tom, #1)",False,[],False,[]
30025336,All the Crooked Saints,False,[],False,[]
30037865,"Rise of Fire (Reign of Shadows, #2)",True,[24657660],False,[]
30037870,Allegedly,False,[],False,[]
30038906,The Names They Gave Us,False,[],False,[]
30038977,"Nowhere Near You (Because You'll Never Meet Me, #2)",True,[22929574],False,[]
30046401,"The Hands of Time (Elementals, #5)",True,"[11992012, 26876374, 28176867, 28188348, 35068585]",False,[]
30048228,"Our Song (Phoenix Springs, #1)",False,[],False,[]
30063453,"Amid Stars and Darkness (The Xenith Trilogy, #1)",False,[],False,[]
30068863,"Stealer (Stealer, #1)",False,[],True,[30742691]
30070430,The Rise of the Dawnstar (The Avalonia Chronicles #2),True,[25781691],False,[]
30075733,"The Continent (The Continent, #1)",False,[],False,[]
30089310,The Frozen Beginning,False,[],False,[]
30090076,"Darkness Follows (The Broken Trilogy, #2)",True,"[12537426, 16211604, 25925784]",False,[]
30095464,"The Bone Witch (The Bone Witch, #1)",False,[],True,[33918881]
30112307,"Kept (The Enforcers, #3)",True,"[24360093, 24376960]",False,[]
30116302,"Dragon Redeemer (World of Aluvia, #3)",True,"[25017130, 28531533]",False,[]
30117284,"Carve the Mark (Carve the Mark, #1)",False,[],False,[]
30118576,"Before the Snow (Stealing Snow, #0.1)",False,[],True,"[30118592, 30309128]"
30118592,"Queen Rising (Stealing Snow, #0.2)",True,[30118576],True,[30309128]
30119375,Haven (Chronicles of Warshard #1),False,[],False,[]
30124424,"Dark Made Dawn (The Australia Trilogy, #3)",True,"[25202767, 27278661]",False,[]
30129657,"Honor Among Thieves (The Honors, #1)",False,[],False,[]
30142139,"Nemesis (Project Nemesis, #1)",False,[],False,[]
30143031,"A Dangerous Year (Riley Collins, #1)",False,[],False,[]
30145666,"The Dark Prophecy (The Trials of Apollo, #2)",True,[26252859],True,[28006096]
30163661,Spindle Fire (Spindle Fire #1),False,[],False,[]
30166599,"Blood of Wonderland (Queen of Hearts Saga, #2)",True,[26074194],False,[]
30178085,"My Name is Milena Rokva (Alexandra Gastone, #2)",True,[25218070],False,[]
30185590,"Refuse (Recoil Trilogy, #2)",False,[],False,[]
30193286,"Frozen Hearts (The Ionia Chronicles, #1)",False,[],False,[]
30197201,A Quiet Kind of Thunder,False,[],False,[]
30199656,What to Say Next,False,[],False,[]
30201520,"Future Threat (Future Shock, #2)",True,[26722944],False,[]
30226723,"King's Cage (Red Queen, #3)",True,"[22328546, 23174274, 25362018, 25944381]",True,[27188596]
30228357,Keeping Her Secret,False,[],False,[]
30231314,"The Handoff (A Big Play Novel, #3)",False,[],True,[30779767]
30234203,Intertwined,False,[],False,[]
30237061,Daughter of the Burning City,False,[],False,[]
30238163,Ace of Shades (The Shadow Game #1),False,[],False,[]
30240690,"The Secret Life of a Dream Girl (Creative HeArts, #4; Dahlia and Keegan, #1)",True,"[26183322, 28871512, 29067842]",True,"[32491408, 33863871]"
30241752,"Another Together (The Next Together, #1.5)",True,"[23266378, 33287842]",True,[24550848]
30251377,Time of the Twins (The Story of Lex and Livia #2),True,[16068755],False,[]
30253091,"Shadowcaster (Shattered Realms, #2)",False,[],False,[]
30254923,"Take the Key and Lock Her Up (Embassy Row, #3)",True,"[22571275, 24644814]",False,[]
30255594,"Scar Tissue (Spark, #3.1)",True,"[18844837, 20950716, 22930604, 23784978, 25857262]",False,[]
30255943,"The Wish Granter (Ravenspire, #2)",True,[23299513],False,[]
30256105,The Last of August (Charlotte Holmes #2),True,[23272028],True,[33810737]
30256109,American Street,False,[],False,[]
30256248,By Your Side,False,[],False,[]
30258320,"Gilded Cage (Dark Gifts, #1)",False,[],True,[12646013]
30268886,The Dream Protocol (Descent #1),False,[],False,[]
30269126,"Empress of a Thousand Skies (Empress of a Thousand Skies, #1)",False,[],True,[34448985]
30279514,"Dreadnought (Nemesis, #1)",True,[27414431],True,[32565582]
30285562,Lucky in Love,False,[],False,[]
30287871,The Heir and the Human (Saven #4.1),True,[25820867],True,[29800388]
30294279,Trapped In Silver (Eldryn Chronicles #1),False,[],False,[]
30295052,Face-Off (Jason Steed #5),True,"[18710121, 22831291]",False,[]
30301482,"Wonderland (The Realms Series, #1)",True,[20930200],False,[]
30309128,"Stealing Snow (Stealing Snow, #1)",True,"[30118576, 30118592]",False,[]
30312562,"Blacksouls (Blackhearts, #2)",False,[],False,[]
30312700,"Alex, Approximately",False,[],False,[]
30320053,Long May She Reign,False,[],False,[]
30328189,"Antidote (Antidote, #1)",False,[],False,[]
30330916,"The Edge of Juniper (The Juniper Series, #1)",False,[],True,[35575063]
30332862,Daring the Bad Boy,False,[],False,[]
30339493,"Isle of Blood and Stone (Isle of Blood and Stone, #1)",False,[],False,[]
30340276,"Girl Online Going Solo (Girl Online, #3)",True,"[22510983, 23208406]",False,[]
30356956,Ignite (Resistance #3),True,"[22311987, 26046894]",False,[]
30360631,"...And a Happy New Year? (The Spinster Club, #3.5)",True,"[23592235, 26255907, 29740718]",False,[]
30362265,"Order in the Court (The Survivor's Club, #2)",True,[25414982],False,[]
30363412,"One Blood Ruby (Seven Black Diamonds, #2)",True,[25816519],False,[]
30368475,A Sky with No Stars (Saving The Future #1),False,[],False,[]
30370985,The Departed (The Departed Series #1),False,[],False,[]
30415027,"The Bad Boy Bargain (Suttonville Sentinels, #1)",False,[],True,"[34323623, 35404649]"
30457727,"Ringer (Replica, #2)",True,"[1071338, 16059428, 17910097, 28448287]",True,"[1071444, 1071339]"
30461248,"Project Ark (Project Ark, #1)",False,[],False,[]
30517879,"The Dragon's Price (Transference, #1)",False,[],True,[31085274]
30549351,Four Doors Down,False,[],False,[]
30549581,Concealed (Virus #1),False,[],False,[]
30622127,Ren: The Monster Inside the Monster (Book #3),True,[29619638],False,[]
30626391,Type X (Project W.A.R. #2),True,[28463043],False,[]
30638849,"Beneath the Void (Fighting Chance, #2)",False,[],False,[]
30649795,Goodbye Days,False,[],False,[]
30653574,"Haunted (Ghost House, #2)",True,[19486754],False,[]
30653720,"The End of Oz (Dorothy Must Die, #4)",True,"[17331483, 18053060, 18602341, 18602406, 20827345, 23507358, 23507377, 25742250]",False,[]
30653791,Run the Risk,False,[],False,[]
30653796,The Body Market (The Wired #2),True,[15751616],False,[]
30653853,The Upside of Unrequited,False,[],False,[]
30653880,"The Ship Beyond Time (The Girl From Everywhere, #2)",True,[21979832],False,[]
30653906,"100 Hours (100 Hours, #1)",False,[],False,[]
30654151,Live and Let Psi (Psi Fighter Academy #2),True,[17343420],False,[]
30656232,Jupiter Storm (Jupiter Winds #2),True,[22017147],False,[]
30694168,"Shadowsong (Wintersong, #2)",True,[24763621],False,[]
30724132,Geekerella,False,[],False,[]
30731416,When It's Real,False,[],False,[]
30731715,"Pandora (Guardian Angels, #1)",False,[],True,[15446388]
30734412,The Half King (Untitled #1),True,"[29283751, 29960675]",True,[32320661]
30738170,"Long Way Home (Thunder Road, #3)",True,[17928147],False,[]
30742691,"Hunter (Stealer, #2)",True,[30068863],False,[]
30744606,"The Eden Conspiracy (The Liberty Box, #2)",True,[27108728],True,[34031144]
30747076,"Second Down (Moving the Chains, #2)",True,[29909264],True,[33391655]
30748964,"Kingdom of Ashes (Nightfall, #1)",False,[],False,[]
30763950,A Million Junes,False,[],False,[]
30779767,"Shoot The Gap (A Big Play Novel, #4)",True,[30231314],False,[]
30796767,"The Witch's Tears (The Witch's Kiss, #2)",True,[29984535],False,[]
30809677,The Traitor's Game (The Traitor's Game #1),False,[],False,[]
30809786,"A Reaper at the Gates (An Ember in the Ashes, #3)",True,"[20560137, 25558608]",True,[31520883]
30819568,"The Steal (Star Wars: Adventures in Wild Space, #3)",True,[29482383],True,[30827399]
30824171,"Defying Gravity (Finding Perfect, #2)",True,[25877185],False,[]
30827399,"The Dark (Star Wars: Adventures in Wild Space, #4)",True,"[29482383, 30819568]",False,[]
30836948,The Thing About Apples (Once Upon a Reality #3),False,[],False,[]
30956356,Ash and Quill (The Great Library #3),True,"[20643052, 25890355]",False,[]
30969741,An Enchantment of Ravens,False,[],False,[]
30970438,"No Plain Rebel (No Ordinary Star, #2)",True,[27419429],False,[]
30971685,The Disappearances,False,[],False,[]
30971762,"Sparks of Light (Into the Dim, #2)",True,[25897792],False,[]
30979432,"Hunter (The Hunter Saga, #1)",True,[25712879],False,[]
30983420,Ariadnis,False,[],False,[]
31058127,"The Boyfriend Bet (Boyfriend Chronicles, #2)",False,[],False,[]
31064741,"Nyssa Glass and the Cutpurse Kid (Nyssa Glass, #3)",True,[33884048],False,[]
31076885,"Black Light Express (Railhead, #2)",False,[],False,[]
31085274,"The Dragon's Curse (Transference, #2)",True,[30517879],False,[]
31138152,Tears of Time,False,[],False,[]
31142459,Before I Shatter (Before I Shatter #1),False,[],False,[]
31145067,"The Keep of Ages (The Vault of Dreamers, #3)",True,"[20518838, 23310692]",False,[]
31145148,The Love Interest,False,[],False,[]
31146324,The Caretaker (The Cage #0.5),False,[],True,"[16071187, 26198812, 18298581]"
31179006,Sweet Black Waves,False,[],False,[]
31188899,"Avenging Fate (Threads of the Moirae, #2)",True,[27179196],False,[]
31194576,Release,False,[],False,[]
31213005,"Riptide Summer (Honey Girl, #2)",False,[],False,[]
31216203,"Just Friends (Friends, #1)",False,[],True,[32027656]
31257244,"Meeting Sang: Victor  (The Ghost Bird, #1.2)",True,"[18403921, 28362407]",True,"[18411969, 18714697, 20321703, 22391912, 23486206, 23004842, 23004844, 23004848, 25448932, 25448939]"
31291543,"The Scarecrow Queen (The Sin Eater’s Daughter, #3)",True,"[21936988, 31303411]",False,[]
31298617,"Contagion (Dark Matter, #1)",False,[],False,[]
31303411,"The King of Rats (The Sin Eater's Daughter, #0.5)",False,[],True,"[21936988, 31291543]"
31309216,"ECHO Campaign (Isolation, #2)",True,[28240333],True,[32944818]
31327084,Red Queen: The Official Coloring Book,False,[],False,[]
31328386,The Amateurs (The Amateurs #1),False,[],False,[]
31342605,"Cursing Fate (The Fated, #2)",True,"[11284750, 25151797]",True,[16092898]
31346900,"Protecting William (Litmus, #2)",True,[29222485],False,[]
31362746,"Outlaw Jane (Rimrider Adventures, #2)",False,[],False,[]
31365626,"Beneath the Guarding Stars (Mortality, #2)",False,[],True,[32726877]
31371234,"The Scattering (The Outliers, #2)",True,[26116473],False,[]
31371485,"Avenged (Ruined, #2)",True,"[6261081, 13409499, 26074185]",False,[]
31371729,Dreamfall (Dreamfall #1),False,[],False,[]
31393804,"Moonbeam (Beam, #1)",False,[],False,[]
31394084,Puck (Twisted Lit #4),True,"[15874689, 15874882]",False,[]
31394234,"Zenith (The Androma Saga, #1)",False,[],False,[]
31394243,"Smoke in the Sun (Flame in the Mist, #2)",True,[23308087],False,[]
31394680,"Pretty Wicked (Pretty Wicked, #1)",False,[],False,[]
31423196,"Defy the Stars (Constellation, #1)",False,[],True,[34942737]
31423572,Once Upon a Time: Regina Rising,False,[],False,[]
31423605,"The Sacrifice of Sunshine Girl (Haunting of Sunshine Girl, #3)",True,"[21413855, 25898175]",False,[]
31426485,Sixteen (The Dreamwalker Diaries #2),True,[23686004],False,[]
31434056,"Crimson Dagger: Part I (Falling Kingdoms, #0.1)",False,[],True,"[12954620, 16000044, 17342700, 23367261]"
31439127,"Pictures of You  (‘90s Coming of Age, #1)",False,[],True,[32810880]
31449227,Ramona Blue,False,[],False,[]
31450642,"Project Pandora (Assassin Fall, #1)",False,[],False,[]
31450752,Because You Love to Hate Me: 13 Tales of Villainy,False,[],False,[]
31450852,"Tower of Dawn (Throne of Glass, #6)",True,"[7896527, 13415554, 13419891, 13546173, 13565676, 18006496, 18333581, 20613470]",True,[33590260]
31450940,Breaking,False,[],False,[]
31450960,Song of the Current (Song of the Current #1),False,[],True,[34519536]
31453592,"The Dark Calling (The Arcana Chronicles, #5)",True,"[13450339, 16175040, 18746546, 24419968, 25946891]",False,[]
31499157,"Everstar (Vivatera, #3)",True,[17828466],False,[]
31520883,"Untitled (An Ember in the Ashes, #4)",True,"[20560137, 25558608, 30809786]",False,[]
31551607,"Just One Touch (Slow Burn, #5)",False,[],False,[]
31632115,"Triple Threat (Lois Lane, #3)",True,[27818091],False,[]
31680765,"Quanta Rewind (The Shadow Ravens, #4)",True,"[26360407, 26796052]",False,[]
31687423,"The Battlemage (The Summoner, #3)",True,[22297138],False,[]
31690889,"Black Tiger (Black Tiger, #1)",False,[],True,[33792930]
31702802,"Night Magic (Nightstruck, #2)",True,[25659436],False,[]
31702811,"Seeker (Riders, #2)",True,[23430471],False,[]
31751580,"Forever in Love (City Love, #3)",True,[18160600],False,[]
31752157,"Ruby's Story (Numbers Game, #2.5)",False,[],False,[]
31821174,"Cruel and Unusual (Somewhere-in-Between, #2)",True,[23157773],False,[]
31821561,Nyssa Glass's Clockwork Christmas,False,[],False,[]
31831121,"The Last Timekeepers and the Dark Secret (The Last Timekeepers, #2)",True,[21777537],False,[]
31841813,"Dove Alight (Dove Chronicles, #3)",True,[25602380],False,[]
31849366,"Lady of Sherwood (Outlaws of Sherwood, #1)",False,[],False,[]
31923122,"Blowback '07 (Blowback Trilogy, #1)",False,[],False,[]
31931941,Eliza and Her Monsters,False,[],False,[]
31938167,"Chameleon Moon (Chameleon Moon, #1)",False,[],False,[]
31950044,"Damaged Goods (Blank Slate, #2)",True,[25721439],False,[]
31950064,"Embers in the Sea (Fire in the Woods, #3)",True,"[22674815, 23344658]",False,[]
31952703,Words in Deep Blue,False,[],False,[]
32024855,Wicked Treasure (Treasure Chronicles #3),True,"[23399911, 24959247]",False,[]
32027656,"More Than Friends (Friends, #2)",True,[31216203],False,[]
32048554,Windfall,False,[],False,[]
32049866,Memory of Monet (Remembrandt #3),True,"[22920573, 26798701]",False,[]
32051287,Neither Light nor Dark,False,[],False,[]
32051572,"Dividing Eden (Dividing Eden, #1)",False,[],False,[]
32051720,"Wicked Like a Wildfire (Hibiscus Daughter, #1)",False,[],False,[]
32057113,"All Laced Up (All Laced Up, #1)",False,[],False,[]
32065903,"Configured (Configured, #1)",False,[],False,[]
32073153,The Monstrous Child,False,[],False,[]
32075448,Thief's Cunning (Assassin's Heart #2),True,[21421609],False,[]
32075662,"Our Dark Duet (Monsters of Verity, #2)",True,[23299512],False,[]
32075671,The Hate U Give,False,[],False,[]
32078787,Once and for All,False,[],False,[]
32098198,"Lost Girl (The Neverwood Chronicles, #1)",False,[],False,[]
32183137,Everlife (Everlife #3),True,"[25785357, 29275562]",False,[]
32187104,"Liar Liar (Liar Liar, #1)",False,[],True,"[32933365, 15841878]"
32195340,A King Will Rise (Legendary Saga #4),True,[23566793],False,[]
32218427,"Riven (The Hero Rebellion, #2)",True,[26156443],False,[]
32294315,The Opposite of Ordinary,False,[],False,[]
32296251,"A&B (Mechanical Hearts, #2)",False,[],False,[]
32308922,"See No Evil (Brotherhood, #1)",False,[],True,[34114804]
32313930,The Broken World (Marked Girl #2),True,[22429623],False,[]
32320661,Everless (Untitled #1),True,"[29283751, 29960675, 30734412]",False,[]
32320750,Little Monsters,False,[],False,[]
32330513,"Happily ​Ever After (Cinder & Ella, #2)",True,[22724488],False,[]
32332938,"Umberland (Everland, #2)",True,[26085520],False,[]
32333174,"Want (Want, #1)",True,[13432653],True,[35274032]
32333246,"Shimmer and Burn (Shimmer and Burn, #1)",False,[],False,[]
32333318,"After the Game (The Field Party, #3)",True,"[22522202, 26135139]",False,[]
32419641,"Bellamy and The Brute (Bellamy and the Brute, #1)",False,[],False,[]
32445762,Serenade (The Nightmusic Trilogy #1),False,[],False,[]
32446959,Shadow (Wendy Darling #3),True,"[25175898, 28650500]",False,[]
32453735,"Seize Today (Forget Tomorrow, #3)",True,"[24804505, 26091228]",False,[]
32467656,The City Bleeds Gold (Tellus #3),True,[23292999],False,[]
32470593,Coming Up for Air,False,[],False,[]
32470611,"Follow Me Back (Follow Me Back, #1)",False,[],False,[]
32484322,The Traitor's Crux,False,[],False,[]
32489218,"See Me, See Me Not (Gavert City #2)",True,[29779860],False,[]
32491408,"Falling for the Girl Next Door (Creative HeArts, #5; Sloane and Tru, #2)",True,"[26183322, 28871512, 29067842, 30240690]",True,[33863871]
32498555,"Time and Time Again: A Collection (Time Between Us, #1-2)",False,[],False,[]
32505753,Ash Princess,False,[],False,[]
32509376,Secret of Souls (Age of Endings #1),False,[],False,[]
32510206,The Merciless III: Origins of Evil,False,[],False,[]
32565582,"Sovereign (Nemesis, #2)",True,"[27414431, 30279514]",False,[]
32596222,"Don't Kiss the Messenger (Edgelake High School, #1)",False,[],False,[]
32597619,Obsidian Blade,False,[],False,[]
32602009,A Shiver of Snow and Sky,False,[],False,[]
32609697,Over Ruled (Over Ruled #1),False,[],False,[]
32611801,"When Ash Rains Down (Kingdom Come, #1)",True,[35827959],True,[34902957]
32615120,"Ghosts & Ashes (Broken Moon, #2)",False,[],False,[]
32617148,Rebel Rising,False,[],False,[]
32620390,"Corliss (Girls of Spindrift, #1)",False,[],True,[32969917]
32622042,Nyssa Glass and the Electric Heart,False,[],False,[]
32665692,Article Three,False,[],False,[]
32667458,"The Last Namsara (Iskari, #1)",False,[],True,[35843937]
32671979,Julia Defiant (Witch's Child #2),True,[27426221],False,[]
32673847,"Unraveling (Unblemished, #2)",True,[28449231],False,[]
32711705,The Dazzling Heights (The Thousandth Floor #2),True,[24921954],False,[]
32712793,Shadowed Ascension (Shadowed #3),True,"[29861145, 29861153]",False,[]
32713479,"Seeking Mansfield (Seeking Mansfield, #1)",False,[],True,[34637610]
32717145,"From the Wreckage (From the Wreckage, #1)",False,[],True,"[22593010, 23124475]"
32726877,"Before the Raging Lion (Mortality, #4)",True,[31365626],False,[]
32733457,Surviving Gretchen,False,[],False,[]
32766049,"Runebinder (The Runebinder Chronicles, #1)",False,[],False,[]
32766747,The Library of Fates,False,[],False,[]
32768509,Girls Made of Snow and Glass,False,[],False,[]
32789311,"Forgotten (The Deception Game, #2)",True,[29922963],False,[]
32797241,"Shatter (Glitter, #2)",False,[],False,[]
32810880,"You Are Not Me ('90s Coming of Age, #2)",True,[31439127],False,[]
32811370,Living in the Shallows (UK Crush #1),False,[],False,[]
32827036,"Ink (Skin Books, #1)",False,[],False,[]
32865995,"The Unleashed (The Undelightened, #2)",True,[20764288],False,[]
32872456,Encore (Amplified #2),True,[7362638],False,[]
32912370,"The Broken Ones (The Malediction Trilogy, #0.6)",False,[],False,[]
32922841,"The Tribulations of August Barton (August Barton, #1)",False,[],False,[]
32933365,"Truth or Dare (Liar Liar, #2)",True,[32187104],True,[15841878]
32944818,"Legacy Strain (Isolation, #3)",True,"[28240333, 31309216]",False,[]
32948972,"Sink (Mermaid Royalty, #1)",False,[],False,[]
32969917,"Donna (The Girls of Spindrift, #2)",True,[32620390],False,[]
32990717,"Smoke and Ash (The Afterlight Chronicles, #2)",False,[],False,[]
32991569,"Jane, Unlimited",False,[],False,[]
32991897,"Fearless (Nameless, #3)",True,"[21843172, 28247422]",False,[]
33028773,Accidental Billionaire (Accidental #5),True,"[15717280, 21532188, 21532348, 23672144]",False,[]
33075332,Splitting Seconds,False,[],False,[]
33118951,"The Equals (The Ones, #2)",True,[27280695],False,[]
33147524,"Glass Faerie (Creepy Hollow, #7)",True,"[25215710, 29742151]",False,[]
33153576,Ultimate Nyssa Glass: The Complete Series,False,[],False,[]
33158526,Berserker (Berserker #1),False,[],False,[]
33158541,The Wicker King,False,[],False,[]
33158561,Wild Beauty,False,[],False,[]
33163378,Moxie,False,[],False,[]
33191972,The Severance Game (Crisanta Knight #2),True,[29619810],True,[34448695]
33198076,"Keeping the Distance (I Heart Iloilo, #1)",False,[],False,[]
33224662,"Operation Prom Date (Tactics in Flirting, #1)",False,[],False,[]
33226339,"The Kingmaker (The Kingmaker Trilogy, #1)",False,[],False,[]
33257478,"All Rights Reserved (Word$, #1)",False,[],False,[]
33275681,"Flashtide (Flashfall, #2)",True,[27414369],False,[]
33280872,Without Merit,False,[],False,[]
33286052,"Girl of Fire (Expulsion Project, #1)",False,[],True,[34830386]
33287842,"Snails (The Next Together, #1.1)",True,[23266378],True,"[30241752, 24550848]"
33299061,A Stolen Crown (Stolen Royals #2),True,[28497161],False,[]
33299897,"Here Skies Surround Us (Dome 1618, #2)",True,[25947097],False,[]
33299927,Submerge (Mer Chronicles #2),True,[27882492],False,[]
33376691,The Last Shadow Gate (The Shadow Gate Chronicles #1),False,[],False,[]
33385229,They Both Die at the End,False,[],False,[]
33391655,"Third and Long (Moving the Chains, #3)",True,"[29909264, 30747076]",False,[]
33413892,Ever the Brave (A Clash of Kingdoms #2),True,[28114396],False,[]
33414248,"Last Chance (Rains, #2)",True,[28220778],False,[]
33414251,"The Dark Intercept (The Dark Intercept, #1)",False,[],False,[]
33509081,"Omega (The Infinity Division, #2)",True,[28220742],False,[]
33526691,"Untamed (Untamed, #1)",False,[],True,[33804767]
33555224,"Thunderhead (Arc of a Scythe, #2)",True,[28954189],False,[]
33590260,"Untitled (Throne of Glass, #7)",True,"[7896527, 13415554, 13419891, 13546173, 13565676, 18006496, 18333581, 20613470, 31450852]",False,[]
33590859,The World of Throne of Glass,False,[],False,[]
33642526,Heir of Illaria (Illaria #1),False,[],False,[]
33645809,"Legendary (Caraval, #2)",True,[27883214],False,[]
33652251,The Empress (The Diabolic #2),True,[26836910],False,[]
33777895,The Silent Invasion (The Change #1),False,[],True,"[23899848, 25735941]"
33784283,"Fireblood (Frostblood Saga, #2)",True,[27827203],True,[36139392]
33785212,Click'd,False,[],False,[]
33792930,"Ashen City (Black Tiger, #2)",True,[31690889],False,[]
33804767,"Fragmented (Untamed, #2)",True,[33526691],False,[]
33807229,"Fallen Heir (The Royals, #4)",True,"[28678119, 29519514, 29519517, 34816694]",False,[]
33809136,"Rayne: OuterSphere (Rayne Trilogy, #2)",True,"[6609769, 8521630]",False,[]
33810737,The Case for Jamie (Charlotte Holmes #3),True,"[23272028, 30256105]",False,[]
33816139,God Smites and Other Muslim Girl Problems,False,[],False,[]
33826550,Serpent (Asterian Trilogy #2),True,[21448697],False,[]
33843362,Genuine Fraud,False,[],False,[]
33849121,Future Leaders of Nowhere,False,[],False,[]
33863703,"Any Boy But You (North Pole, Minnesota, #1)",False,[],True,[35262862]
33863871,"Weddings, Crushes, and Other Dramas (Creative HeArts, #6; Willa and Finn, #2)",True,"[26183322, 28871512, 29067842, 30240690, 32491408]",False,[]
33876440,This Mortal Coil,False,[],False,[]
33884048,Nyssa Glass and the Caper Crisis (Nyssa Glass #0.5),False,[],True,[31064741]
33917881,Five Nights at Freddy's: The Twisted Ones,False,[],False,[]
33918881,"The Heart Forger (The Bone Witch, #2)",True,[30095464],False,[]
33918887,Circle Unbroken (Brooklyn Brujas #2),True,[27969081],False,[]
33921998,"The Final Spark (Michael Vey, #7)",True,"[12988089, 16074409, 20759481, 27158739]",False,[]
33965619,Death and Night (The Star-Touched Queen #0.5),False,[],True,[25203675]
33969932,"New World Inferno (New World, #3)",True,"[27268998, 27284375]",False,[]
33973264,A Court of Miracles (A Court of Miracles #1),False,[],False,[]
34014624,"Scion of the Fox (The Realms of Ancient, #1)",False,[],False,[]
34015036,"Sketchy Tacos (International Adventures, #1)",False,[],False,[]
34019109,"Ninth House (Alex Stern, #1)",False,[],False,[]
34031144,"The Phoenix Project (The Liberty Box, #3)",True,"[27108728, 30744606]",False,[]
34032775,"The Defiant (The Valiant, #2)",False,[],False,[]
34042261,"Undercover Princess (The Rosewood Chronicles, #1)",False,[],False,[]
34051373,"Shadowhouse Fall (Shadowshaper, #2)",True,[22295304],False,[]
34076952,The Language of Thorns: Midnight Tales and Dangerous Magic,False,[],False,[]
34092016,"Golden (Golden, #1)",True,[24313673],False,[]
34109606,"The Knowing (The Forgetting, #2)",True,[28691932],False,[]
34109695,"Siege of Shadows (Effigies, #2)",True,[28954021],False,[]
34109789,"July Thunder (Bad Bloods, #3)",True,"[28459688, 28459694]",True,[34109795]
34109795,"July Lightning (Bad Bloods, #4)",True,"[28459688, 28459694, 34109789]",False,[]
34114804,Hear No Evil (Brotherhood #3),True,[32308922],False,[]
34138345,"Into the Black (Beyond The Red, #2)",True,[25898435],False,[]
34139584,Lyrical (Legal #2),False,[],False,[]
34200839,Under Ground (Under Ground #1),False,[],False,[]
34205943,"Subway Stops and the Places We Meet (Paper Planes, #2)",False,[],False,[]
34209180,"Fallen Flame (Fallen Flame, #1)",False,[],False,[]
34212799,"Tool of War (Ship Breaker, #3)",True,"[7095831, 12814594]",False,[]
34219303,Born of Earth (Elemental Origins #3),False,[],False,[]
34220302,Mistress of All Evil: A Tale of the Dark Fairy,False,[],False,[]
34229827,Shadow Rise (Shadow Fall #2),True,[29366679],False,[]
34275232,The Hazel Wood,False,[],False,[]
34306933,"Fates and Furies (The Sphinx, #4)",True,"[18052205, 29332599, 29412228]",False,[]
34312122,Sun Warrior (Tales of a New World #2),True,[28591281],False,[]
34316676,"Mischief & Magnolias (Magnolia Branch, #2)",True,[16059149],False,[]
34323570,"Furyborn (The Empirium Trilogy, #1)",False,[],False,[]
34323623,"Swinging At Love (Suttonville Sentinels, #2)",True,[30415027],True,[35404649]
34371260,Poison's Cage (Poison's Kiss #2),True,[25081261],False,[]
34377743,"Starswept (Starswept, #1)",False,[],False,[]
34395073,"Nostalgic Rain: Galaxies Away (Nostalgic Rain, #1)",False,[],False,[]
34404140,"A Girl Like Me (Like Us, #2)",False,[],False,[]
34405595,Darkness Comes At Dawn (Guardians #2),True,"[13568569, 19877735]",False,[]
34448695,"Inherent Fate (Crisanta Knight, #3)",True,"[29619810, 33191972]",False,[]
34448985,"Blood of a Thousand Stars (Empress of a Thousand Skies, #2)",True,[30269126],False,[]
34470414,"The Other Queen (Inheritance, #2)",True,"[17696600, 23584923]",False,[]
34508382,The Smoke Thieves,False,[],False,[]
34511974,"Quinsey Wolfe's Glass Vault (Glass Vault, #1)",False,[],False,[]
34519536,"Whisper of the Tide (Song of the Current, #2)",True,[31450960],False,[]
34625067,"Colorless (Colorless, #1)",False,[],False,[]
34637272,Ludlow Lost (Osgoode Odyssey #1),False,[],False,[]
34637610,"Shoot the Moon (Seeking Mansfield, #2)",True,[32713479],False,[]
34659052,"Sand Runner (Sand Runner, #1)",False,[],False,[]
34723130,Untitled (Slayer #1),True,[10637510],True,"[13563138, 17987499]"
34728667,Children of Blood and Bone,False,[],False,[]
34738102,"Royal Replicas (Royal Replicas, #1",False,[],False,[]
34738792,"The Tiger's Watch (Ashes of Gold, #1)",False,[],False,[]
34741464,Day 7 (Cell 7 Trilogy #2),True,[29864658],False,[]
34746355,Aletheia  (The Seventh River #1),False,[],False,[]
34747352,Sparks Fly (A Light in the Dark #1),True,[23487321],False,[]
34813264,"Shift of Shadow and Soul (SoulShifter, #1)",False,[],False,[]
34816694,"Tarnished Crown (The Royals, #3.5)",True,"[28678119, 29519514, 29519517]",True,[33807229]
34820898,The Mystery of the Missing Heiress (Skylar Robbins #3),False,[],False,[]
34830386,"Girl of Stone (Expulsion Project, #2)",True,[33286052],False,[]
34847142,"The Flames (Feud Trilogy, #2)",True,[22638200],False,[]
34848222,"The Young Queens (Three Dark Crowns, #0.5)",False,[],True,"[28374007, 29923707, 35391214]"
34860402,Leia: Princess of Alderaan,False,[],False,[]
34865933,"Heart of Mist (The Oremere Chronicles, #1)",True,[35479844],False,[]
34891813,"Bright Thrones (Court of Fives, #2.5)",True,[26853604],True,[29750595]
34902957,"When Smoke Rains Down (Kingdom Come, #2)",True,"[32611801, 35827959]",False,[]
34916578,"Bone Grace (Bone Grace, #1)",False,[],False,[]
34929050,"Crave: Part One (Crave Duet, #1)",False,[],False,[]
34942737,"Defy the Worlds (Constellation, #2)",True,[31423196],False,[]
34964680,"Nikki White: Polar Extremes (Nikki, #3)",True,[26020438],False,[]
34992929,"Restore Me (Shatter Me, #4)",True,"[10429045, 13104080, 13188676, 13623150, 17331518, 18481271]",False,[]
34993434,Life After Legend,False,[],False,[]
35008759,"Markswoman (Asiana, #1)",False,[],False,[]
35018774,"Not Your Villain (Sidekick Squad, #2)",True,[29904219],False,[]
35066264,"Nephilim (Orion Chronicles, #2)",True,"[22408549, 27220377]",False,[]
35068585,"Ice Wolves (Elementals, #1)",True,[11992012],True,"[26876374, 28176867, 28188348, 30046401]"
35145741,Hinder,False,[],False,[]
35162590,"The Price of Admission (The Valhalla Academy, #1)",False,[],False,[]
35247769,"Always and Forever, Lara Jean (To All the Boys I've Loved Before, #3)",True,"[15749186, 20698530]",False,[]
35262862,"Approximately Yours (North Pole, Minnesota #3)",True,[33863703],False,[]
35274032,"Ruse (Want, #2)",True,"[13432653, 32333174]",False,[]
35289079,"Falling for Forever (Before Forever, #2)",True,[29902748],False,[]
35297496,The Complication,False,[],False,[]
35386010,Lost Crow Conspiracy (Blood Rose Rebellion #2),False,[],False,[]
35391214,"Untitled (Three Dark Crowns, #3)",True,"[28374007, 29923707, 34848222]",False,[]
35404649,"The Perfectly Imperfect Match  (Suttonville Sentinels, #3)",True,"[30415027, 34323623]",False,[]
35424749,"Wilder Country (Winter, #2)",True,"[10793020, 11761455, 12971630, 18586953, 27803959]",True,[13224793]
35430702,The Lady's Guide to Petticoats and Piracy,False,[],False,[]
35441556,Reintegration (Reintegration #1),False,[],False,[]
35479844,"Break (The Oremere Chronicles, #0.5)",False,[],True,[34865933]
35504431,Turtles All the Way Down,False,[],False,[]
35506358,"Kristian's War (The Searchers Series, #1)",False,[],False,[]
35561059,"In this Breeze (Lake Shore University, #1)",False,[],False,[]
35575063,"Juniper Limits (The Juniper Series, #2)",True,[30330916],False,[]
35603324,Wicked Beginnings (Wicked Bay #1),False,[],False,[]
35647188,"Skykeeper (The Drowning Empire, #1)",False,[],False,[]
35668065,"The Third Kiss (Love's Mortal Coil, #1)",False,[],False,[]
35677535,"Rage (Stormheart, #2)",True,[29939048],False,[]
35678728,"The Invasion (The Union, #4)",True,"[23266680, 25440951, 27152245]",False,[]
35683226,Love in the Friend Zone,False,[],False,[]
35796008,Dance of Thieves (Dance of Thieves #1),False,[],False,[]
35827959,"Before the Ashes (Kingdom Come, #0.5)",False,[],True,"[32611801, 34902957]"
35843937,"The Caged Queen (Iskari, #2)",True,[32667458],False,[]
35856700,"Trouble Never Sleeps (Trouble, #3)",True,"[21882262, 23354047, 29358518]",False,[]
35898879,Her Book Boyfriend (The Awkward Duckling #1),False,[],False,[]
35906271,"London, Can You Wait?",False,[],False,[]
36003375,The Dawn of Skye (The Someday Children #1),False,[],False,[]
36139392,Nightblood (Frostblood Saga #3),True,"[27827203, 33784283]",False,[]
36142637,"The Queen of Cursed Things (Queen of Cursed Things, #1)",False,[],False,[]
36241527,Guardians of Dawn (Guardians of Dawn #1),False,[],False,[]
36307629,"King of Scars (King of Scars, #1)",False,[],False,[]
36324712,Strike Out,False,[],False,[]
36460398,The Threads We Weave,False,[],False,[]
